openalex_id,doi,title,year,type,first_author,source,via,triage,verdict,model,raw_response
https://openalex.org/W2096563757,https://doi.org/10.1080/00343400701809665,The 21st-Century Metropolis: New Geographies of Theory,2008,article,Ananya Roy,Regional Studies,Graham 2006:forward,screened,Exclude,deepseek/deepseek-v4-flash,Exclude
https://openalex.org/W2079477896,https://doi.org/10.2747/0272-3638.33.4.593,(Re)theorizing Cities from the Global South: Looking Beyond Neoliberalism,2012,article,Susan Parnell,Urban Geography,Graham 2006:forward,screened,Exclude,deepseek/deepseek-v4-flash,Exclude
https://openalex.org/W2088989462,https://doi.org/10.1177/0309132508104994,Globalized fear? Towards an emotional geopolitics,2009,article,Rachel Pain,Progress in Human Geography,Graham 2006:forward,screened,Exclude,deepseek/deepseek-v4-flash,Exclude
https://openalex.org/W2151485213,https://doi.org/10.1177/0309132513501405,Geopolitical assemblages and complexity,2013,article,Jason Dittmer,Progress in Human Geography,Graham 2006:forward,screened,Exclude,deepseek/deepseek-v4-flash,Exclude
https://openalex.org/W2111114199,https://doi.org/10.1080/00420980600676717,The Good City,2006,article,Ash Amin,Urban Studies,Graham 2006:forward,screened,Exclude,deepseek/deepseek-v4-flash,Exclude
https://openalex.org/W2014717813,https://doi.org/10.1111/j.1467-8330.2008.00655.x,Algorithmic War: Everyday Geographies of the War on Terror,2009,article,Louise Amoore,Antipode,Graham 2006:forward,screened,Include,deepseek/deepseek-v4-flash,Include
https://openalex.org/W2144216691,https://doi.org/10.1111/j.1467-8330.2008.00654.x,After Geopolitics? From the Geopolitical Social to Geoeconomics,2009,article,Deborah Cowen,Antipode,Graham 2006:forward,screened,Exclude,deepseek/deepseek-v4-flash,Exclude
https://openalex.org/W2019947772,https://doi.org/10.1111/j.0435-3684.2006.00228.x,Giorgio agamben and the spatialities of the camp: an introduction,2006,article,Richard Ek,Geografiska Annaler Series B Human Geography,Graham 2006:forward,screened,Exclude,deepseek/deepseek-v4-flash,Exclude
https://openalex.org/W1969306278,https://doi.org/10.1177/0308275x08101029,Introduction — Urban Charisma,2009,article,Thomas Blom Hansen,Critique of Anthropology,Graham 2006:forward,screened,Exclude,deepseek/deepseek-v4-flash,Exclude
https://openalex.org/W2098742283,https://doi.org/10.1177/0042098013487775,Cities and Conflict in Fragile States in the Developing World,2013,article,Jo Beall,Urban Studies,Graham 2006:forward,screened,Exclude,deepseek/deepseek-v4-flash,Exclude
https://openalex.org/W2079229190,https://doi.org/10.1080/02697459.2013.787693,Towards Next-Generation Urban Resilience in Planning Practice: From Securitization to Integrated Place Making,2013,article,Jon Coaffee,Planning Practice and Research,Graham 2006:forward,screened,Exclude,deepseek/deepseek-v4-flash,Exclude
https://openalex.org/W2135630920,https://doi.org/10.1080/14616742.2011.587364,Turning the Gendered Politics of the Security State Inside Out?,2011,article,Paul Amar,International Feminist Journal of Politics,Graham 2006:forward,screened,Exclude,deepseek/deepseek-v4-flash,Exclude
https://openalex.org/W2121068188,https://doi.org/10.1111/1467-9256.12011,Rescaling and Responsibilising the Politics of Urban Resilience: From National Security to Local Place-Making,2013,article,Jon Coaffee,Politics,Graham 2006:forward,screened,Exclude,deepseek/deepseek-v4-flash,Exclude
https://openalex.org/W2359831387,https://doi.org/10.1177/194277861100400103,Unplug and Play: Manufacturing Collapse in Gaza,2011,article,Omar Jabary Salamanca,Human Geography,Graham 2006:forward,screened,Include,deepseek/deepseek-v4-flash,Include
https://openalex.org/W2094431389,https://doi.org/10.1177/0956247814533627,"Deconstructing the fragile city: exploring insecurity, violence and resilience",2014,article,Robert Muggah,Environment and Urbanization,Graham 2006:forward,screened,Include,deepseek/deepseek-v4-flash,Include
https://openalex.org/W2147766752,https://doi.org/10.1177/1057567707306643,"Surveillance, Security and Social Sorting",2007,article,David Lyon,International Criminal Justice Review,Graham 2006:forward,screened,Include,deepseek/deepseek-v4-flash,Include
https://openalex.org/W1982104344,https://doi.org/10.1080/00045608.2010.534713,"The Localized Geographies of Violence in the North Caucasus of Russia, 1999–2007",2010,article,John Ο’Loughlin,Annals of the Association of American Geographers,Graham 2006:forward,screened,Exclude,deepseek/deepseek-v4-flash,Exclude
https://openalex.org/W2157402500,https://doi.org/10.1177/0967010614557884,"Constructing resilience through security and surveillance: The politics, practices and tensions of security-driven resilience",2015,article,Jon Coaffee,Security Dialogue,Graham 2006:forward,screened,Include,deepseek/deepseek-v4-flash,Include
https://openalex.org/W2171371442,https://doi.org/10.1177/0042098013487776,"From Urban Catastrophe to ‘Model’ City? Politics, Security and Development in Post-conflict Kigali",2013,article,Tom Goodfellow,Urban Studies,Graham 2006:forward,screened,Exclude,deepseek/deepseek-v4-flash,Exclude
https://openalex.org/W2323921964,https://doi.org/10.1080/1360481042000242148,Postmortem city,2004,article,Stephen Graham,City,Graham 2006:forward,screened,Include,deepseek/deepseek-v4-flash,Include
https://openalex.org/W1913938051,https://doi.org/10.1111/j.1468-2427.2011.01026.x,When Life Itself is War: On the Urbanization of Military and Security Doctrine,2011,article,Stephen Graham,International Journal of Urban and Regional Research,Graham 2006:forward,screened,Include,deepseek/deepseek-v4-flash,Include
https://openalex.org/W1995263697,https://doi.org/10.1111/j.1749-8198.2008.00194.x,"Power, Place, and Militarism: Toward a Comparative Geographic Analysis of Militarization",2009,article,Richelle Bernazzoli,Geography Compass,Graham 2006:forward,screened,Exclude,deepseek/deepseek-v4-flash,Exclude
https://openalex.org/W1963997592,https://doi.org/10.1177/0967010609342879,"Network-Centric Violence, Critical Infrastructure and the Urbanization of Security",2009,article,Martin Coward,Security Dialogue,Graham 2006:forward,screened,Include,deepseek/deepseek-v4-flash,Include.
https://openalex.org/W2011596646,https://doi.org/10.1080/09523360802602265,Governing Security at the 2008 Beijing Olympics,2009,article,Yingyan Yu,The International Journal of the History of Sport,Graham 2006:forward,screened,Include,deepseek/deepseek-v4-flash,Include
https://openalex.org/W2114521995,https://doi.org/10.2752/175174311x12861940861789,Concrete Ambivalence: Inside the Bunker Complex,2011,article,John Beck,Cultural Politics an International Journal,Graham 2006:forward,screened,Exclude,deepseek/deepseek-v4-flash,Exclude
https://openalex.org/W2151090000,https://doi.org/10.1111/misr.12206,Urban Violence Patterns Across African States,2015,article,Clionadh Raleigh,International Studies Review,Graham 2006:forward,screened,Exclude,deepseek/deepseek-v4-flash,Exclude
https://openalex.org/W2083857208,https://doi.org/10.1111/j.1573-7861.2008.00075.x,Members Only: Gated Communities and Residential Segregation in the Metropolitan United States<sup>1</sup>,2008,article,Elena Vesselinov,Sociological Forum,Graham 2006:forward,screened,Exclude,deepseek/deepseek-v4-flash,Exclude
https://openalex.org/W2022875346,https://doi.org/10.1177/0956247814544616,The “humanitarianization” of urban violence,2014,article,Simon Reid‐Henry,Environment and Urbanization,Graham 2006:forward,screened,Exclude,deepseek/deepseek-v4-flash,Exclude
https://openalex.org/W2055528538,https://doi.org/10.1111/j.1749-8198.2007.00053.x,Media Geographies: Uncovering the Spatial Politics of Images,2007,article,Clayton Rosati,Geography Compass,Graham 2006:forward,screened,Exclude,deepseek/deepseek-v4-flash,Exclude
https://openalex.org/W2938671447,https://doi.org/10.1111/plar.12278,"Tripartheid: How Sectarianism Became Internal to Being in Anbar, Iraq",2019,article,Kali Rubaii,PoLAR Political and Legal Anthropology Review,Graham 2006:forward,screened,Exclude,deepseek/deepseek-v4-flash,Exclude
https://openalex.org/W2916778134,https://doi.org/10.1111/1468-2427.12797,"Experiences of Urban Militarism: Spatial Stigma, Ruins and Everyday Life",2019,article,Silvia Pasquetti,International Journal of Urban and Regional Research,Graham 2006:forward,screened,Include,deepseek/deepseek-v4-flash,Include
https://openalex.org/W2883426464,https://doi.org/10.1177/0309132518788954,Difference as practice: Diffracting geography and the area studies turn,2018,article,Deen Sharp,Progress in Human Geography,Graham 2006:forward,screened,Exclude,deepseek/deepseek-v4-flash,Exclude
https://openalex.org/W2129373380,https://doi.org/10.1017/s0260210510001750,Securing by design,2011,article,Cynthia Weber,Review of International Studies,Graham 2006:forward|Weizman 2007:forward,screened,Exclude,deepseek/deepseek-v4-flash,Exclude
https://openalex.org/W2070916634,https://doi.org/10.1080/13602365.2011.547002,‘Violent spaces’: production and reproduction of security and vulnerabilities,2011,article,Camillo Boano,The Journal of Architecture,Graham 2006:forward|Weizman 2007:forward,screened,Exclude,deepseek/deepseek-v4-flash,Exclude
https://openalex.org/W4225117531,https://doi.org/10.1016/j.geoforum.2022.04.012,Slow urbicide: Accounting for the shifting temporalities of political violence in the West Bank,2022,article,Dorota Golańska,Geoforum,Graham 2006:forward,screened,Exclude,deepseek/deepseek-v4-flash,Exclude
https://openalex.org/W2096730411,https://doi.org/10.1191/0309132505ph579oa,From Military Geography to militarism's geographies: disciplinary engagements with the geographies of militarism and military activities,2005,article,Rachel Woodward,Progress in Human Geography,Graham 2006:forward,screened,Exclude,deepseek/deepseek-v4-flash,Exclude
https://openalex.org/W2063788867,https://doi.org/10.1068/d16110,Autistic Architecture: The Fall of the Icon and the Rise of the Serial Object of Architecture,2011,article,Maria Kaïka,Environment and Planning D Society and Space,Graham 2006:forward,screened,Exclude,deepseek/deepseek-v4-flash,Exclude
https://openalex.org/W1969202544,https://doi.org/10.1080/13574809.2010.502338,Creating Shared Public Space in the Contested City: The Role of Urban Design,2010,article,Frank Gaffikin,Journal of Urban Design,Graham 2006:forward,screened,Exclude,deepseek/deepseek-v4-flash,Exclude
https://openalex.org/W2116991136,https://doi.org/10.1177/0042098009349772,Policing Development: Urban Renewal as Neo-liberal Security Strategy,2009,article,Tony Roshan Samara,Urban Studies,Graham 2006:forward,screened,Include,deepseek/deepseek-v4-flash,Include
https://openalex.org/W2158976258,https://doi.org/10.1017/s0260210510001099,Global cities and the transformation of the International System,2010,article,Simon Curtis,Review of International Studies,Graham 2006:forward,screened,Exclude,deepseek/deepseek-v4-flash,Exclude
https://openalex.org/W2133909705,https://doi.org/10.1111/j.1749-8198.2012.00506.x,The Political Geographies of Urban Polarization: A Critical Review of Research on Divided Cities,2012,article,Marco Allegra,Geography Compass,Graham 2006:forward,screened,Exclude,deepseek/deepseek-v4-flash,Exclude
https://openalex.org/W1777030935,https://doi.org/10.1111/j.1548-744x.2012.01074.x,Living Beirut's Security Zones: An Investigation of the Modalities and Practice of Urban Security,2012,article,Mona Fawaz,City & Society,Graham 2006:forward,screened,Exclude,deepseek/deepseek-v4-flash,Exclude
https://openalex.org/W2133806367,https://doi.org/10.1111/j.1749-8198.2009.00295.x,The New Geopolitics of Fear,2010,article,Rachel Pain,Geography Compass,Graham 2006:forward,screened,Exclude,deepseek/deepseek-v4-flash,Exclude
https://openalex.org/W1501422338,https://doi.org/10.1111/j.1749-8198.2012.00485.x,"Urban Geopolitics 8 Years on. Hybrid Sovereignties, the Everyday, and Geographies of Peace",2012,article,Sara Fregonese,Geography Compass,Graham 2006:forward,screened,Exclude,deepseek/deepseek-v4-flash,Exclude
https://openalex.org/W2098044322,https://doi.org/10.1111/j.1467-8330.2011.00905.x,Surplus Masculinities and Security,2011,article,Deborah Cowen,Antipode,Graham 2006:forward,screened,Exclude,deepseek/deepseek-v4-flash,Exclude
https://openalex.org/W2164611119,https://doi.org/10.1111/geoj.12081,The uneven geographies of the <scp>O</scp>lympic carceral: from exceptionalism to normalisation,2014,article,Jon Coaffee,Geographical Journal,Graham 2006:forward,screened,Include,deepseek/deepseek-v4-flash,Include
https://openalex.org/W1987088206,https://doi.org/10.1177/0309132514527037,Population geography II,2014,article,James A. Tyner,Progress in Human Geography,Graham 2006:forward,screened,Exclude,deepseek/deepseek-v4-flash,Exclude
https://openalex.org/W2077419799,https://doi.org/10.1080/14649350600841586,"Space of Risk: The Contribution of Planning Policies to Conflicts in Cities, Lessons from Nazareth",2006,article,Yosef Jabareen,Planning Theory & Practice,Graham 2006:forward,screened,Exclude,deepseek/deepseek-v4-flash,Exclude
https://openalex.org/W2040640899,https://doi.org/10.1177/0263276411410446,The Politics of Cosmopolitan Beirut,2012,article,Steven Seidman,Theory Culture & Society,Graham 2006:forward,screened,Exclude,deepseek/deepseek-v4-flash,Exclude
https://openalex.org/W3010349052,https://doi.org/10.1111/gec3.12490,Political geographical perspectives on settler colonialism,2020,article,Stepha Velednitsky,Geography Compass,Graham 2006:forward,screened,Exclude,deepseek/deepseek-v4-flash,Exclude
https://openalex.org/W2172126569,https://doi.org/10.1177/1206331205283671,“Homeland” Insecurities?,2005,article,Stephen Graham,Space and Culture,Graham 2006:forward,screened,Exclude,deepseek/deepseek-v4-flash,Exclude
https://openalex.org/W3206671236,https://doi.org/10.1080/17450101.2021.1981546,Introduction to Special Section ‘Infrastructures of Injustice: Migration and Border Mobilities’,2021,article,Laavanya Kathiravelu,Mobilities,Graham 2006:forward,screened,Exclude,deepseek/deepseek-v4-flash,Exclude
https://openalex.org/W2168920878,https://doi.org/10.1177/0042098011422396,From ‘Violence-complacent’ to ‘Terrorist-ready’,2011,article,Kimberly S. Schimmel,Urban Studies,Graham 2006:forward,screened,Include,deepseek/deepseek-v4-flash,Include
https://openalex.org/W2606254568,https://doi.org/10.1111/ciso.12118,Housing as Battleground: Targeting the City in the Battles of Algiers,2017,article,Sheila Crane,City & Society,Graham 2006:forward,screened,Exclude,deepseek/deepseek-v4-flash,Exclude
https://openalex.org/W2002387436,https://doi.org/10.1111/ips.12052,"Privatizing Security, Securitizing Policing: The Case of the G20 in Toronto, Canada",2014,article,Veronica Kitchen,International Political Sociology,Graham 2006:forward,screened,Include,deepseek/deepseek-v4-flash,Include
https://openalex.org/W2941769789,https://doi.org/10.1017/nps.2018.42,Making Sense of Ruins: Architectural Reconstruction and Collective Memory in Belgrade,2019,article,Gruia Bădescu,Nationalities Papers,Graham 2006:forward,screened,Exclude,deepseek/deepseek-v4-flash,Exclude
https://openalex.org/W2810270647,https://doi.org/10.1177/0738894218782160,Ethnic political exclusion and terrorism: Analyzing the local conditions for violence,2018,article,Holley E. Hansen,Conflict Management and Peace Science,Graham 2006:forward,screened,Exclude,deepseek/deepseek-v4-flash,Exclude
https://openalex.org/W2712365395,https://doi.org/10.3390/urbansci1030022,City Sovereignty: Urban Resistance and Rebel Cities Reconsidered,2017,article,Vojislava Filipcevic Cordes,Urban Science,Graham 2006:forward,screened,Exclude,deepseek/deepseek-v4-flash,Exclude
https://openalex.org/W3173822692,https://doi.org/10.1111/anti.12753,"Governing the Contested City: Geographies of Displacement in Diyarbakır, Turkey",2021,article,Fırat Genç,Antipode,Graham 2006:forward,screened,Exclude,deepseek/deepseek-v4-flash,Exclude
https://openalex.org/W2913763107,https://doi.org/10.1080/24694452.2018.1497474,"The State, Sewers, and Security: How Does the Egyptian State Reframe Environmental Disasters as Terrorist Threats?",2019,article,Mohammed Rafi Arefin,Annals of the American Association of Geographers,Graham 2006:forward,screened,Exclude,deepseek/deepseek-v4-flash,Exclude
https://openalex.org/W1644315869,https://doi.org/10.1080/14608944.2015.1019209,Arterial blockages: the catastrophic itineraries of the Sri Lankan civil war,2015,article,Anoma Pieris,National Identities,Graham 2006:forward|Weizman 2007:forward,screened,Exclude,deepseek/deepseek-v4-flash,Exclude
https://openalex.org/W2077639457,https://doi.org/10.1080/14742837.2011.562362,Saying Something: The Location of Social Movements in the Surveillance Society,2011,article,Fiona Jeffries,Social movement studies,Graham 2006:forward,screened,Include,deepseek/deepseek-v4-flash,Include
https://openalex.org/W3170633207,https://doi.org/10.1017/9781108768191.007,Sacralized Politics,2021,book-chapter,Nadera Shalhoub‐Kevorkian,Cambridge University Press eBooks,Graham 2006:forward,screened,Exclude,deepseek/deepseek-v4-flash,Exclude
https://openalex.org/W4402932612,https://doi.org/10.1177/03091325241268951,Atmospheric geographies of (counter)terrorism,2024,article,Sara Fregonese,Progress in Human Geography,Graham 2006:forward,screened,Maybe,deepseek/deepseek-v4-flash,Maybe
https://openalex.org/W3215403016,https://doi.org/10.1057/978-1-137-56854-0_21,"Militarized Civic Ritual: Pentagon, Police, and US Professional Football",2021,book-chapter,Kimberly S. Schimmel,Palgrave Macmillan UK eBooks,Graham 2006:forward,screened,Include,deepseek/deepseek-v4-flash,Include
https://openalex.org/W2034195229,https://doi.org/10.1002/jid.1265,"Cities, terrorism and development",2005,article,Jo Beall,Journal of International Development,Graham 2006:forward,screened,Exclude,deepseek/deepseek-v4-flash,Exclude
https://openalex.org/W1777222574,https://doi.org/10.1111/j.1468-2427.2009.00899.x,Security Zones and New York City's Shrinking Public Space,2009,article,Jeremy Németh,International Journal of Urban and Regional Research,Graham 2006:forward,screened,Include,deepseek/deepseek-v4-flash,Include
https://openalex.org/W2098802502,https://doi.org/10.1068/d2301ed,"Remember Fallujah: Demonising Place, Constructing Atrocity",2005,article,Stephen Graham,Environment and Planning D Society and Space,Graham 2006:forward,screened,Exclude,deepseek/deepseek-v4-flash,Exclude
https://openalex.org/W2094381533,https://doi.org/10.3390/s130607414,An Intelligent Surveillance Platform for Large Metropolitan Areas with Dense Sensor Deployment,2013,article,Jorge García Fernández,Sensors,Graham 2006:forward,screened,Exclude,deepseek/deepseek-v4-flash,Exclude
https://openalex.org/W2129646122,https://doi.org/10.1111/j.1749-8198.2009.00284.x,The Geopolitics of Disease,2009,article,Alan Ingram,Geography Compass,Graham 2006:forward,screened,Exclude,deepseek/deepseek-v4-flash,Exclude
https://openalex.org/W2040568956,https://doi.org/10.1177/1065912909334426,"All Terrorism Is Local: Resources, Nested Institutions, and Governance for Urban Homeland Security in the American Federal System",2009,article,Erica Chenoweth,Political Research Quarterly,Graham 2006:forward,screened,Exclude,deepseek/deepseek-v4-flash,Exclude
https://openalex.org/W1576487714,https://doi.org/10.1080/13604810500050228,Urbanizing the security agenda,2005,article,Gerda R. Wekerle,City,Graham 2006:forward,screened,Include,deepseek/deepseek-v4-flash,Include
https://openalex.org/W2139262711,https://doi.org/10.1177/0263276409349656,Protecting the Urban,2009,article,Jon Coaffee,Theory Culture & Society,Graham 2006:forward,screened,Include,deepseek/deepseek-v4-flash,Include
https://openalex.org/W1965156845,https://doi.org/10.1680/muen.2008.161.2.103,Resilient design for community safety and terror-resistant cities,2008,article,Jon Coaffee,Proceedings of the Institution of Civil Engineers - Municipal Engineer,Graham 2006:forward,screened,Include,deepseek/deepseek-v4-flash,Include
https://openalex.org/W1998349986,https://doi.org/10.1080/01956050903450895,"Jason Bourne: Gender, Geopolitics, and Contemporary Representations of National Security",2010,article,Klaus Dodds,Journal of Popular Film and Television,Graham 2006:forward,screened,Exclude,deepseek/deepseek-v4-flash,Exclude
https://openalex.org/W1832331872,https://doi.org/10.1111/j.1468-2427.2006.00670.x,DEBATES AND DEVELOPMENTS. Competitive Cities and Secure Nations: Conflict and Convergence in Urban Waterfront Agendas after 9/11,2006,article,Deborah Cowen,International Journal of Urban and Regional Research,Graham 2006:forward,screened,Include,deepseek/deepseek-v4-flash,Include
https://openalex.org/W2154076861,https://doi.org/10.1080/00420980701558392,"Terror, Fear and Behaviour in the Jerusalem Housing Market",2007,article,Shlomie Hazam,Urban Studies,Graham 2006:forward,screened,Exclude,deepseek/deepseek-v4-flash,Exclude
https://openalex.org/W2072116130,https://doi.org/10.1068/a46167,Transecting Security and Space in Phnom Penh,2014,article,James D. Sidaway,Environment and Planning A Economy and Space,Graham 2006:forward,screened,Exclude,deepseek/deepseek-v4-flash,Exclude
https://openalex.org/W2107347220,https://doi.org/10.1680/udap.2008.161.4.173,Urban resilience and national security: the role for planning,2008,article,Jon Coaffee,Proceedings of the Institution of Civil Engineers - Urban Design and Planning,Graham 2006:forward,screened,Maybe,deepseek/deepseek-v4-flash,Ex
https://openalex.org/W2084783988,https://doi.org/10.1080/13602365.2011.547011,Violence and domestic space: demolition and destruction of homes in the occupied Palestinian territories,2011,article,Terry Meade,The Journal of Architecture,Graham 2006:forward,screened,Exclude,deepseek/deepseek-v4-flash,Exclude
https://openalex.org/W2587864690,https://doi.org/10.1017/s1816383117000066,Future war in cities: Urbanization's challenge to strategic studies in the 21st century,2016,article,Michael Evans,International Review of the Red Cross,Graham 2006:forward,screened,Exclude,deepseek/deepseek-v4-flash,Exclude
https://openalex.org/W2118140535,https://doi.org/10.1080/14719037.2013.769851,The Vulnerability of Public Spaces: Challenges for UK hospitals under the ‘new’ terrorist threat,2013,article,Denis Fischbacher‐Smith,Public Management Review,Graham 2006:forward,screened,Exclude,deepseek/deepseek-v4-flash,Exclude
https://openalex.org/W1822932301,https://doi.org/10.1007/3-7643-7868-9_3,Principles of Frontier Geography,2007,book-chapter,Eyal Weizman,Birkhäuser Basel eBooks,Graham 2006:forward,screened,Exclude,deepseek/deepseek-v4-flash,Exclude
https://openalex.org/W2047871490,https://doi.org/10.1111/ips.12040,Spatial Alternatives and Counter-Sovereignties in Israel/Palestine,2014,article,Nir Gazit,International Political Sociology,Graham 2006:forward|Weizman 2007:forward,screened,Include,deepseek/deepseek-v4-flash,Include
https://openalex.org/W3212449392,https://doi.org/10.1080/01402390.2021.1991797,Will inter-state war take place in cities?,2021,article,Anthony King,Journal of Strategic Studies,Graham 2006:forward,screened,Exclude,deepseek/deepseek-v4-flash,Exclude
https://openalex.org/W3047600273,https://doi.org/10.1017/s0963926820000590,"Urban civil defence: imagining, constructing and performing nuclear war in Aarhus",2020,article,Rosanna Farbøl,Urban History,Graham 2006:forward,screened,Exclude,deepseek/deepseek-v4-flash,Exclude
https://openalex.org/W1593766178,https://doi.org/10.1111/1467-954x.12128,Creating a Secure Network: The 2001 Anthrax Attacks and the Transformation of Postal Security,2014,article,Ryan Ellis,The Sociological Review,Graham 2006:forward,screened,Exclude,deepseek/deepseek-v4-flash,Exclude
https://openalex.org/W3123083941,https://doi.org/10.1111/geoj.12070,The geo‐historical legacies of urban security governance and the <scp>V</scp>ancouver 2010 <scp>O</scp>lympics,2014,article,Ádám Molnár,Geographical Journal,Graham 2006:forward,screened,Include,deepseek/deepseek-v4-flash,Include
https://openalex.org/W4377138548,https://doi.org/10.1080/14650045.2023.2212249,Towards a Global Urban Geopolitics: Inhabiting Violence,2023,article,J. Stefan Rokem,Geopolitics,Graham 2006:forward,screened,Exclude,deepseek/deepseek-v4-flash,Exclude
https://openalex.org/W1973205258,https://doi.org/10.1080/17539153.2010.521641,The terrorism of the other: towards a contrapuntal reading of terrorism in India,2010,article,David Barnard‐Wills,Critical Studies on Terrorism,Graham 2006:forward,screened,Exclude,deepseek/deepseek-v4-flash,Exclude
https://openalex.org/W4387959715,https://doi.org/10.1111/gec3.12725,Slowness as warfare: Towards a relational approach to political violence in the West Bank,2023,article,Dorota Golańska,Geography Compass,Graham 2006:forward,screened,Include,deepseek/deepseek-v4-flash,Include
https://openalex.org/W2793594042,https://doi.org/10.1080/14797585.2018.1426477,Study. Be silent. Die: indeterminate architecture and the dispositif of studentification,2018,article,Farzaneh Haghighi,Journal for Cultural Research,Graham 2006:forward,screened,Exclude,deepseek/deepseek-v4-flash,Exclude
https://openalex.org/W4361284911,https://doi.org/10.1080/21622671.2023.2189610,Minecraft as a technology of postwar urban ordering: the situated-portable epistemic nexus of urban peacebuilding in Pristina,2023,article,Anna Danielsson,Territory Politics Governance,Graham 2006:forward,screened,Include,deepseek/deepseek-v4-flash,Include
https://openalex.org/W3196436562,https://doi.org/10.1080/14649365.2021.1972136,Being/longing: visualizing belonging with Palestinian refugee children,2021,article,David Marshall,Social & Cultural Geography,Graham 2006:forward,screened,Exclude,deepseek/deepseek-v4-flash,Exclude
https://openalex.org/W4366090056,https://doi.org/10.3390/rel14040535,Cultural Heritage and Religious Phenomenon between Urbicide and Cancel Culture: The Other Side of the Russian–Ukrainian Conflict,2023,article,Federica Botti,Religions,Graham 2006:forward,screened,Include,deepseek/deepseek-v4-flash,Include
https://openalex.org/W4412755408,https://doi.org/10.1080/24694452.2025.2522840,Resituating Urban Geopolitics: Connections and Frontiers,2025,article,James D. Sidaway,Annals of the American Association of Geographers,Graham 2006:forward,screened,Maybe,deepseek/deepseek-v4-flash,Maybe
https://openalex.org/W2005894876,https://doi.org/10.1111/socf.12040,Sociological Reflections on Security Through Surveillance,2013,article,Vida Bajc,Sociological Forum,Graham 2006:forward,screened,Exclude,deepseek/deepseek-v4-flash,Exclude
https://openalex.org/W4404468963,https://doi.org/10.1080/24694452.2024.2422856,The Emergence of a Military Urban in and of War,2024,article,Anna Danielsson,Annals of the American Association of Geographers,Graham 2006:forward,screened,Include,deepseek/deepseek-v4-flash,Include
https://openalex.org/W2107959609,https://doi.org/10.1080/21622671.2015.1047898,The Intimate Entrenchment of Philadelphia's Drug War,2015,article,Vanessa Massaro,Territory Politics Governance,Graham 2006:forward,screened,Include,deepseek/deepseek-v4-flash,Include
https://openalex.org/W2078537883,https://doi.org/10.1080/07341512.2011.622149,"Buckets, bollards and bombs: towards subject histories of technologies and terrors",2011,article,Mats Fridlund,History and Technology,Graham 2006:forward,screened,Include,deepseek/deepseek-v4-flash,Include
https://openalex.org/W2061558883,https://doi.org/10.1068/d12107,“War is Not Healthy for Children and other Living Things”,2009,article,Jenna M. Loyd,Environment and Planning D Society and Space,Graham 2006:forward,screened,Exclude,deepseek/deepseek-v4-flash,Exclude.
https://openalex.org/W2039221755,https://doi.org/10.1177/1206331213512919,Walking Through Walls,2014,article,Sahera Bleibleh,Space and Culture,Graham 2006:forward|Weizman 2007:forward,screened,Include,deepseek/deepseek-v4-flash,Include
https://openalex.org/W1979891379,https://doi.org/10.1080/10630730903278546,Polarization as a Socio-Material Phenomenon: A Bibliographical Review,2009,article,Sara Fregonese,Journal of Urban Technology,Graham 2006:forward,screened,Exclude,deepseek/deepseek-v4-flash,Exclude
https://openalex.org/W2976879593,https://doi.org/10.1098/rsos.190645,Common statistical patterns in urban terrorism,2019,article,Weisi Guo,Royal Society Open Science,Graham 2006:forward,screened,Exclude,deepseek/deepseek-v4-flash,Exclude
https://openalex.org/W2023965894,https://doi.org/10.1080/14747730701245574,The Production of Regime Culture and Instrumentalized Art in a Globalizing State,2007,article,Peter Marcuse,Globalizations,Graham 2006:forward,screened,Exclude,deepseek/deepseek-v4-flash,Exclude
https://openalex.org/W2749860973,https://doi.org/10.1111/area.12365,Towards a spatialised understanding of reconciliation,2017,article,Elly Harrowell,Area,Graham 2006:forward,screened,Exclude,deepseek/deepseek-v4-flash,Exclude
https://openalex.org/W2021637535,https://doi.org/10.1080/00330124.2011.603654,The Impact of 9/11 on the Geography of Financial Services in New York: A Few Years Later,2011,article,Hongmian Gong,The Professional Geographer,Graham 2006:forward,screened,Exclude,deepseek/deepseek-v4-flash,Exclude
https://openalex.org/W4303876150,https://doi.org/10.1080/14650045.2022.2129010,Urban Geopolitics in ’Ordinary’ and ’Contested’ Cities: Perspectives from the European South-East,2022,article,Gruia Bădescu,Geopolitics,Graham 2006:forward,screened,Include,deepseek/deepseek-v4-flash,Include
https://openalex.org/W2282982607,https://doi.org/10.1017/s0963926815000607,Introduction: histories of Cold War cities,2015,article,Matthew Farish,Urban History,Graham 2006:forward,screened,Exclude,deepseek/deepseek-v4-flash,Exclude
https://openalex.org/W4307188498,https://doi.org/10.1080/17502977.2022.2124348,Challenging the ‘Here’ and ‘There’ of Peace and Conflict Research: Migrants’ Encounters with Streams of Violence and Streams of Peace,2022,article,Johanna Mannergren Selimovic,Journal of Intervention and Statebuilding,Graham 2006:forward,screened,Exclude,deepseek/deepseek-v4-flash,Exclude
https://openalex.org/W4315699709,https://doi.org/10.1177/02633957221148070,"Violent infrastructure, nationalist stigmatisation and spatial erasure",2023,article,Somdeep Sen,Politics,Graham 2006:forward,screened,Include,deepseek/deepseek-v4-flash,Include
https://openalex.org/W4401402332,https://doi.org/10.1080/15387216.2024.2387319,Geopolitics and the geographer: ethics and the everyday in times of global existential crisis,2024,article,Sven Daniel Wolfe,Eurasian Geography and Economics,Graham 2006:forward,screened,Exclude,deepseek/deepseek-v4-flash,Exclude
https://openalex.org/W4327621026,https://doi.org/10.1111/tran.12609,"Everyday peace in a ‘post‐conflict’ African metropolis: Radio encounters, indeterminacy, fugitivity",2023,article,Fabien Cante,Transactions of the Institute of British Geographers,Graham 2006:forward,screened,Exclude,deepseek/deepseek-v4-flash,Exclude
https://openalex.org/W1955541971,https://doi.org/10.1111/j.1749-8198.2010.00361.x,The Geography of Insurgency,2010,article,Andrew D. Lohman,Geography Compass,Graham 2006:forward,screened,Exclude,deepseek/deepseek-v4-flash,Exclude
https://openalex.org/W3104638881,https://doi.org/10.1080/17502977.2020.1834257,The Urbanity of Peacebuilding: Urban Environments as Objects and Sites of Peacebuilding Knowledge Production,2020,article,Anna Danielsson,Journal of Intervention and Statebuilding,Graham 2006:forward,screened,Exclude,deepseek/deepseek-v4-flash,Exclude
https://openalex.org/W1578662885,https://doi.org/10.1080/13604813.2011.630856,The war on teenage terrorists,2011,article,Vanessa Massaro,City,Graham 2006:forward,screened,Include,deepseek/deepseek-v4-flash,Include
https://openalex.org/W3043806832,https://doi.org/10.1177/2399654420939973,Popular geopolitics ‘beyond the screen’: Bringing <i>Modern Warfare</i> to the city,2020,article,Daniel Bos,Environment and Planning C Politics and Space,Graham 2006:forward,screened,Maybe,deepseek/deepseek-v4-flash,Maybe
https://openalex.org/W4403885646,https://doi.org/10.1163/21915784-bja10037,The War in Tigray and Its Immediate Impact on Cultural Heritage in Eastern Tigray,2024,article,Gebretsadkan Mulubrhan,Journal of African Archaeology,Graham 2006:forward,screened,Exclude,deepseek/deepseek-v4-flash,Exclude
https://openalex.org/W2018114544,https://doi.org/10.1080/00045600701734422,"Offshore Threats: Liquefied Natural Gas, Terrorism, and Environmental Debate in Connecticut",2008,article,Blake Harrison,Annals of the Association of American Geographers,Graham 2006:forward,screened,Exclude,deepseek/deepseek-v4-flash,Exclude
https://openalex.org/W2090573218,https://doi.org/10.1080/17539153.2012.703809,Government by experts: counterterrorism intelligence and democratic retreat,2012,article,Christos Boukalas,Critical Studies on Terrorism,Graham 2006:forward,screened,Exclude,deepseek/deepseek-v4-flash,Exclude
https://openalex.org/W2572712630,https://doi.org/10.1080/13604813.2016.1239443,Urban eco-geopolitics,2016,article,Marcelo Lopes de Souza,City,Graham 2006:forward,screened,Exclude,deepseek/deepseek-v4-flash,Exclude
https://openalex.org/W2078216881,https://doi.org/10.1111/j.1931-0846.2012.00153.x,Cosmopolitanism: the Mediterranean Archives†,2012,article,Paolo Giaccaria,Geographical Review,Graham 2006:forward,screened,Exclude,deepseek/deepseek-v4-flash,Exclude
https://openalex.org/W3193324115,https://doi.org/10.1080/14650045.2021.1961222,The Geopolitics of Urban Green Belts: Between Exclusionary Zoning and the Militarisation of Urban Space,2021,article,Maryame Amarouche,Geopolitics,Graham 2006:forward,screened,Exclude,deepseek/deepseek-v4-flash,Exclude
https://openalex.org/W2055895085,https://doi.org/10.2752/174321905778054683,Panicsville: Paul Virilio and the Esthetic of Disaster,2005,article,Nigel Thrift,Cultural Politics an International Journal,Graham 2006:forward,screened,Exclude,deepseek/deepseek-v4-flash,Exclude
https://openalex.org/W3011299809,https://doi.org/10.1080/10439463.2020.1741586,Seeking invention: creating an informed citizenry in the governance of security at sporting mega-events,2020,article,Adam Aitken,Policing & Society,Graham 2006:forward,screened,Include,deepseek/deepseek-v4-flash,Include
https://openalex.org/W4402685251,https://doi.org/10.1080/09654313.2024.2405960,The concept of ‘building back better’ and the reconstruction of Ukraine and its cities,2024,article,Joanna Modrzyńska,European Planning Studies,Graham 2006:forward,screened,Exclude,deepseek/deepseek-v4-flash,Exclude
https://openalex.org/W2050575621,https://doi.org/10.1179/157407811x13160762840288,"Remembering and Forgetting Sites of Terrorism in New York, 1900–2001",2011,article,Ross Wilson,Journal of Conflict Archaeology,Graham 2006:forward,screened,Exclude,deepseek/deepseek-v4-flash,Exclude
https://openalex.org/W4407862942,https://doi.org/10.1080/14650045.2025.2465672,Sheltering the Nation: The Politicisation of Ukraine’s Civilian Shelters Amidst Russia’s Aggression,2025,article,Marnie Howlett,Geopolitics,Graham 2006:forward,screened,Exclude,deepseek/deepseek-v4-flash,Exclude
https://openalex.org/W2124474800,https://doi.org/10.1177/0306396808093299,The barbarians of Fallujah,2008,article,Matt Carr,Race & Class,Graham 2006:forward,screened,Exclude,deepseek/deepseek-v4-flash,Exclude
https://openalex.org/W2521998631,https://doi.org/10.1515/sh-2016-0006,Islam and Politics: the Case of the Islamic State,2016,article,Mehdi Shokri,Studia Humana,Graham 2006:forward,screened,Exclude,deepseek/deepseek-v4-flash,Exclude
https://openalex.org/W2781530200,https://doi.org/10.1080/21582041.2017.1418526,"‘We are your brothers, we will know where you are at all times’: risk, violence and positionality in Karachi",2018,article,Sarwat Viqar,Contemporary Social Science,Graham 2006:forward,screened,Exclude,deepseek/deepseek-v4-flash,Exclude
https://openalex.org/W1957214473,https://doi.org/10.1111/juaf.12228,The Disruption Costs of Post–9–11 Security Measures and Cities’ Bids for Presidential Nominating Conventions,2015,article,Eric S. Heberlig,Journal of Urban Affairs,Graham 2006:forward,screened,Exclude,deepseek/deepseek-v4-flash,Exclude
https://openalex.org/W2023134322,https://doi.org/10.1017/s0963926815000164,"Planning permanent air raid precautions: architecture, air war and the changing perceptions of British cities in the late 1930s",2015,article,Adam Page,Urban History,Graham 2006:forward,screened,Exclude,deepseek/deepseek-v4-flash,Exclude.
https://openalex.org/W2780812945,https://doi.org/10.12691/ajcea-6-1-1,Redefining Refugee Camps as Livable Cities (Case Study: Saveh Refugee Camp),2017,article,Diba Rashidi,American journal of civil engineering and architecture,Graham 2006:forward,screened,Exclude,deepseek/deepseek-v4-flash,Exclude
https://openalex.org/W2744961665,https://doi.org/10.2753/atp1084-1806330202,The Emergence of Partisans and Terrorists,2011,article,Chad B. Newswander,Administrative Theory & Praxis,Graham 2006:forward,screened,Exclude,deepseek/deepseek-v4-flash,Exclude
https://openalex.org/W1956265668,https://doi.org/10.1111/j.1468-2486.2011.01042.x,The Forum: Dealing with the Aftermath of Political Violence,2011,article,Tim Jacoby,International Studies Review,Graham 2006:forward,screened,Exclude,deepseek/deepseek-v4-flash,Exclude
https://openalex.org/W2902325933,https://doi.org/10.20431/2455-0043.0401007,Review of the Recovery Strategies of Pakistan: Dealing Tourism Wreaked with Terrorism,2018,article,,International Journal of Research in Tourism and Hospitality,Graham 2006:forward,screened,Exclude,deepseek/deepseek-v4-flash,Exclude
https://openalex.org/W4240234186,https://doi.org/10.5937/fb_godisnjak0-32977,Видео-надзор у функцији превенције криминала у отвореним јавним градским просторима,2021,article,M.K. Jana,Годишњак Факултета безбедности,Graham 2006:forward,screened,Exclude,deepseek/deepseek-v4-flash,Exclude.
https://openalex.org/W2621215985,https://doi.org/10.1080/04353684.2016.1276734,The precarious geopolitics of urban encounters in Jonathan Safran Foer’s<i>Extremely Loud and Incredibly Close</i>(2005),2017,article,Shona Loong,Geografiska Annaler Series B Human Geography,Graham 2006:forward,screened,Exclude,deepseek/deepseek-v4-flash,Exclude
https://openalex.org/W2906356168,https://doi.org/10.4000/chs.2002,Spatialized Communication: Future Research Perspectives on Urban Youth Violence and on Terrorism,2017,article,Klaus Weinhauer,Crime Histoire et Sociétés,Graham 2006:forward,screened,Exclude,deepseek/deepseek-v4-flash,Exclude
https://openalex.org/W4320725784,https://doi.org/10.1080/17539153.2023.2176408,Suspicious cities: An analysis of the securitisation of urban everyday life in London and Brussels,2023,article,Natalie S. Pawlowski,Critical Studies on Terrorism,Graham 2006:forward,screened,Maybe,deepseek/deepseek-v4-flash,Maybe
https://openalex.org/W4238157700,https://doi.org/10.1057/9781137316882_1,Introduction,2013,book-chapter,Wendy Pullan,Palgrave Macmillan UK eBooks,Graham 2006:forward,screened,Exclude,deepseek/deepseek-v4-flash,Exclude
https://openalex.org/W2049001098,https://doi.org/10.2752/174321906778054655,Just Targets,2006,article,Ryan Bishop,Cultural Politics an International Journal,Graham 2006:forward,screened,Maybe,deepseek/deepseek-v4-flash,Maybe
https://openalex.org/W4308214329,https://doi.org/10.25159/2521-2583/9576,The Applicability of International Humanitarian Law in Peacetime Urban Civilian Operations: Analysing the Deployment of the Army to Fight Gang Violence in the Cape Flats,2022,article,Angelo Dube,South African Yearbook of International Law,Graham 2006:forward,screened,Exclude,deepseek/deepseek-v4-flash,Exclude
https://openalex.org/W4361004372,https://doi.org/10.1111/anti.12937,Terrace Dissent in Urban Western Sahara: Between Plazas and Homes,2023,article,Kenza Yousfi,Antipode,Graham 2006:forward,screened,Exclude,deepseek/deepseek-v4-flash,Exclude
https://openalex.org/W4392255806,https://doi.org/10.25167/sm.4914,Cities and destroying ‘the other’,2023,article,Agnieszka Szpak,STUDIA MIEJSKIE,Graham 2006:forward,screened,Exclude,deepseek/deepseek-v4-flash,Exclude
https://openalex.org/W2327521297,https://doi.org/10.2307/1395245,"Simians, Cyborgs and Women: The Reinvention of Nature",1992,article,Maureen McNeil,Feminist Review,Kitchin 2014:backward,screened,Exclude,deepseek/deepseek-v4-flash,Exclude
https://openalex.org/W4411389302,https://doi.org/10.1080/14650045.2025.2507609,Geopolitics as Architecture: Parallax Nation-‘Building’ in the Czech Lands,2025,article,Jaroslav Weinfurter,Geopolitics,Graham 2006:forward,screened,Exclude,deepseek/deepseek-v4-flash,Exclude
https://openalex.org/W2161291053,https://doi.org/10.1073/pnas.0610172104,"Growth, innovation, scaling, and the pace of life in cities",2007,article,Luís M. A. Bettencourt,Proceedings of the National Academy of Sciences,Kitchin 2014:backward,screened,Exclude,deepseek/deepseek-v4-flash,Exclude
https://openalex.org/W2133517802,https://doi.org/10.1080/13604810701687993,Walls and shadows,2007,article,Roy Scranton,City,Graham 2006:forward,screened,Include,deepseek/deepseek-v4-flash,Include
https://openalex.org/W1500693574,https://doi.org/10.1080/1369118x.2012.678878,CRITICAL QUESTIONS FOR BIG DATA,2012,article,danah boyd,Information Communication & Society,Kitchin 2014:backward,screened,Maybe,deepseek/deepseek-v4-flash,Maybe
https://openalex.org/W1635892993,,Big Data: Principles and best practices of scalable realtime data systems,2015,article,Nathan Marz,,Kitchin 2014:backward,screened,Exclude,deepseek/deepseek-v4-flash,Exclude
https://openalex.org/W2161021117,https://doi.org/10.1191/030913297673302122,"Situating knowledges: positionality, reflexivities and other tactics",1997,article,Gillian Rose,Progress in Human Geography,Kitchin 2014:backward,screened,Exclude,deepseek/deepseek-v4-flash,Exclude
https://openalex.org/W1969085745,https://doi.org/10.1140/epjst/e2012-01703-3,Smart cities of the future,2012,article,Michael Batty,The European Physical Journal Special Topics,Kitchin 2014:backward,screened,Exclude,deepseek/deepseek-v4-flash,Exclude
https://openalex.org/W2504131390,https://doi.org/10.5749/minnesota/9780816677948.003.0047,Trending: The Promises and the Challenges of Big Social Data,2012,book-chapter,Лев Манович,University of Minnesota Press eBooks,Kitchin 2014:backward,screened,Exclude,deepseek/deepseek-v4-flash,Exclude
https://openalex.org/W2052611239,https://doi.org/10.1177/2043820613513388,Big data and human geography,2013,article,Rob Kitchin,Dialogues in Human Geography,Kitchin 2014:backward,screened,Exclude,deepseek/deepseek-v4-flash,Exclude
https://openalex.org/W4402515781,https://doi.org/10.1080/00187259.2024.2363897,"In dangerous times: War, reconstruction and the city",2024,article,Najib B. Hourani,Human Organization,Graham 2006:forward,screened,Exclude,deepseek/deepseek-v4-flash,Exclude
https://openalex.org/W62784252,,The Computational Turn: Thinking about the Digital Humanities,2011,article,David M. Berry,Cronfa (Swansea University),Kitchin 2014:backward,screened,Exclude,deepseek/deepseek-v4-flash,Exclude
https://openalex.org/W2156689933,https://doi.org/10.1525/bio.2009.59.7.12,Data-intensive Science: A New Paradigm for Biodiversity Studies,2009,article,Steve Kelling,BioScience,Kitchin 2014:backward,screened,Exclude,deepseek/deepseek-v4-flash,Exclude
https://openalex.org/W1996319743,https://doi.org/10.1111/j.1467-9787.2009.00641.x,THE DATA AVALANCHE IS HERE. SHOULDN’T WE BE DIGGING?,2010,article,Harvey J. Miller,Journal of Regional Science,Kitchin 2014:backward,screened,Exclude,deepseek/deepseek-v4-flash,Exclude
https://openalex.org/W821768604,https://doi.org/10.2307/25095630,Interchange: The Promise of Digital History,2008,article,,Journal of American History,Kitchin 2014:backward,screened,Exclude,deepseek/deepseek-v4-flash,Exclude
https://openalex.org/W2144908498,https://doi.org/10.1177/2043820613514321,Rethinking empirical social sciences,2013,article,Evelyn Ruppert,Dialogues in Human Geography,Kitchin 2014:backward,screened,Exclude,deepseek/deepseek-v4-flash,Exclude
https://openalex.org/W850745550,,Instrumenting the Earth: Next-Generation Sensor Networks and Environmental Science,2009,article,Michael Lehning,"DORA WSL (Swiss Federal Institute for Forest, Snow and Landscape Research)",Kitchin 2014:backward,screened,Exclude,deepseek/deepseek-v4-flash,Exclude
https://openalex.org/W2601471561,,Digital Humanities Manifesto 2.0,2015,article,Collectif Multitudes,Multitudes,Kitchin 2014:backward,screened,Exclude,deepseek/deepseek-v4-flash,Exclude
https://openalex.org/W4386656279,https://doi.org/10.4018/978-1-6684-3662-2.ch001,Understanding Big Data,2021,book-chapter,Naciye Güliz Uğur,IGI Global eBooks,Kitchin 2014:backward,screened,Exclude,deepseek/deepseek-v4-flash,Exclude
https://openalex.org/W4229011615,https://doi.org/10.3389/fsoc.2022.886498,"A Topic Modeling Comparison Between LDA, NMF, Top2Vec, and BERTopic to Demystify Twitter Posts",2022,article,Roman Egger,Frontiers in Sociology,Kitchin 2014:forward,screened,Exclude,deepseek/deepseek-v4-flash,Exclude
https://openalex.org/W2917193084,https://doi.org/10.1088/2515-7639/ab084b,From DFT to machine learning: recent approaches to materials science–a review,2019,article,Gabriel R. Schleder,Journal of Physics Materials,Kitchin 2014:forward,screened,Exclude,deepseek/deepseek-v4-flash,Exclude
https://openalex.org/W2151490710,https://doi.org/10.1068/d378t,Codes of Life: Identification Codes and the Machine-Readable World,2005,article,Martin Dodge,Environment and Planning D Society and Space,Kitchin 2014:backward,screened,Include,deepseek/deepseek-v4-flash,Include
https://openalex.org/W2780195716,https://doi.org/10.1016/j.ijinfomgt.2017.12.002,"Social media analytics – Challenges in topic discovery, data collection, and data preparation",2017,article,Stefan Stieglitz,International Journal of Information Management,Kitchin 2014:forward,screened,Exclude,deepseek/deepseek-v4-flash,Exclude.
https://openalex.org/W2002764085,https://doi.org/10.1080/02680939.2015.1035758,"Digital education governance: data visualization, predictive analytics, and ‘real-time’ policy instruments",2015,article,Ben Williamson,Journal of Education Policy,Kitchin 2014:forward,screened,Exclude,deepseek/deepseek-v4-flash,Exclude
https://openalex.org/W2601491144,https://doi.org/10.1146/annurev-anthro-102116-041244,The Datafication of Health,2017,article,Minna Ruckenstein,Annual Review of Anthropology,Kitchin 2014:forward,screened,Exclude,deepseek/deepseek-v4-flash,Exclude
https://openalex.org/W2619503097,https://doi.org/10.1111/rego.12158,Algorithmic regulation: A critical interrogation,2017,article,Karen Yeung,Regulation & Governance,Kitchin 2014:forward,screened,Exclude,deepseek/deepseek-v4-flash,Exclude
https://openalex.org/W2935719450,https://doi.org/10.1177/1527476419837739,Big Data from the South(s): Beyond Data Universalism,2019,article,Stefanía Milan,Television & New Media,Kitchin 2014:forward,screened,Exclude,deepseek/deepseek-v4-flash,Exclude
https://openalex.org/W2998701638,https://doi.org/10.1109/tkde.2019.2962680,CRISP-DM Twenty Years Later: From Data Mining Processes to Data Science Trajectories,2019,article,Fernando Martínez‐Plumed,IEEE Transactions on Knowledge and Data Engineering,Kitchin 2014:forward,screened,Exclude,deepseek/deepseek-v4-flash,Exclude
https://openalex.org/W2774804416,https://doi.org/10.1038/s41598-017-18007-4,"Instagram, Flickr, or Twitter: Assessing the usability of social media data for visitor monitoring in protected areas",2017,article,Henrikki Tenkanen,Scientific Reports,Kitchin 2014:forward,screened,Exclude,deepseek/deepseek-v4-flash,Exclude
https://openalex.org/W2537383304,https://doi.org/10.1177/2053951716674238,Critical data studies: An introduction,2016,article,Andrew Iliadis,Big Data & Society,Kitchin 2014:forward,screened,Exclude,deepseek/deepseek-v4-flash,Exclude
https://openalex.org/W2574023341,https://doi.org/10.1111/conl.12343,Social Media Data Can Be Used to Understand Tourists’ Preferences for Nature‐Based Experiences in Protected Areas,2017,article,Anna Hausmann,Conservation Letters,Kitchin 2014:forward,screened,Exclude,deepseek/deepseek-v4-flash,Exclude
https://openalex.org/W2755246076,https://doi.org/10.1080/03637751.2017.1375130,Situating methods in the magic of Big Data and AI,2017,article,Madeleine Clare Elish,Communication Monographs,Kitchin 2014:forward,screened,Exclude,deepseek/deepseek-v4-flash,Exclude
https://openalex.org/W2913346170,https://doi.org/10.1080/01900692.2019.1575664,Predictive Policing: Review of Benefits and Drawbacks,2019,article,Albert Meijer,International Journal of Public Administration,Kitchin 2014:forward,screened,Include,deepseek/deepseek-v4-flash,Include
https://openalex.org/W2483548052,https://doi.org/10.1186/s12884-016-0971-3,The use and value of digital media for information about pregnancy and early motherhood: a focus group study,2016,article,Deborah Lupton,BMC Pregnancy and Childbirth,Kitchin 2014:forward,screened,Exclude,deepseek/deepseek-v4-flash,Exclude
https://openalex.org/W2912281700,https://doi.org/10.1111/soru.12233,The Politics of Digital Agricultural Technologies: A Preliminary Review,2019,article,Sarah Rotz,Sociologia Ruralis,Kitchin 2014:forward,screened,Exclude,deepseek/deepseek-v4-flash,Exclude
https://openalex.org/W2172485534,https://doi.org/10.1007/s13280-015-0705-1,Digital technology and the conservation of nature,2015,article,Koen Arts,AMBIO,Kitchin 2014:forward,screened,Exclude,deepseek/deepseek-v4-flash,Exclude
https://openalex.org/W2340865919,https://doi.org/10.1016/j.ssresearch.2016.04.015,The role of administrative data in the big data revolution in social science research,2016,article,Roxanne Connelly,Social Science Research,Kitchin 2014:forward,screened,Exclude,deepseek/deepseek-v4-flash,Exclude
https://openalex.org/W4249513657,https://doi.org/10.1002/fee.1260,Conservation culturomics,2016,article,Richard J. Ladle,Frontiers in Ecology and the Environment,Kitchin 2014:forward,screened,Exclude,deepseek/deepseek-v4-flash,Exclude
https://openalex.org/W2605021906,https://doi.org/10.1108/aaaj-03-2017-2880,"Accounting, accountability, social media and big data: revolution or hype?",2017,article,Michela Arnaboldi,Accounting Auditing & Accountability Journal,Kitchin 2014:forward,screened,Exclude,deepseek/deepseek-v4-flash,Exclude
https://openalex.org/W3108852469,https://doi.org/10.1016/j.cities.2020.102992,"Smart cities, big data and urban policy: Towards urban analytics for the long run",2020,article,Jens Kandt,Cities,Kitchin 2014:forward,screened,Exclude,deepseek/deepseek-v4-flash,Exclude
https://openalex.org/W2625815358,https://doi.org/10.1108/ijlm-05-2017-0134,Impact of big data and predictive analytics capability on supply chain sustainability,2018,article,Shirish Jeble,The International Journal of Logistics Management,Kitchin 2014:forward,screened,Exclude,deepseek/deepseek-v4-flash,Exclude
https://openalex.org/W3181262202,https://doi.org/10.25300/misq/2021/16559,When the Machine Meets the Expert: An Ethnography of Developing AI for Hiring,2021,article,Elmira van den Broek,MIS Quarterly,Kitchin 2014:forward,screened,Exclude,deepseek/deepseek-v4-flash,Exclude
https://openalex.org/W4318171182,https://doi.org/10.1177/20563051221150412,Misinformation on Misinformation: Conceptual and Methodological Challenges,2023,article,Sacha Altay,Social Media + Society,Kitchin 2014:forward,screened,Exclude,deepseek/deepseek-v4-flash,Exclude
https://openalex.org/W2935098703,https://doi.org/10.1016/j.copbio.2019.03.004,Big data analytics for personalized medicine,2019,article,Davide Cirillo,Current Opinion in Biotechnology,Kitchin 2014:forward,screened,Exclude,deepseek/deepseek-v4-flash,Exclude
https://openalex.org/W2363947341,https://doi.org/10.1177/2053951716650211,Where are human subjects in Big Data research? The emerging ethics divide,2016,article,Jacob Metcalf,Big Data & Society,Kitchin 2014:forward,screened,Exclude,deepseek/deepseek-v4-flash,Exclude
https://openalex.org/W3118612437,https://doi.org/10.7821/naer.2021.1.616,"Digital Rights, Digital Citizenship and Digital Literacy: What’s the Difference?",2021,article,Luci Pangrazio,Journal of New Approaches in Educational Research,Kitchin 2014:forward,screened,Exclude,deepseek/deepseek-v4-flash,Exclude
https://openalex.org/W2868392149,https://doi.org/10.1177/2053951718786314,How do data come to matter? Living and becoming with personal data,2018,article,Deborah Lupton,Big Data & Society,Kitchin 2014:forward,screened,Exclude,deepseek/deepseek-v4-flash,Exclude
https://openalex.org/W2603116500,https://doi.org/10.1177/2053951717700924,"Mundane data: The routines, contingencies and accomplishments of digital living",2017,article,Sarah Pink,Big Data & Society,Kitchin 2014:forward,screened,Exclude,deepseek/deepseek-v4-flash,Exclude
https://openalex.org/W2969968060,https://doi.org/10.1177/0149206319869435,"EPM 20/20: A Review, Framework, and Research Agenda for Electronic Performance Monitoring",2019,article,Daniel M. Ravid,Journal of Management,Kitchin 2014:forward,screened,Exclude,deepseek/deepseek-v4-flash,Exclude
https://openalex.org/W2290480557,https://doi.org/10.14569/ijacsa.2016.070267,"A Survey on Big Data Analytics: Challenges, Open Research Issues and Tools",2016,article,David Ortiz-Puerta,International Journal of Advanced Computer Science and Applications,Kitchin 2014:forward,screened,Exclude,deepseek/deepseek-v4-flash,Exclude
https://openalex.org/W2735476261,https://doi.org/10.3390/ijerph14070766,Urban Green Space Perception and Its Contribution to Well-Being,2017,article,Gyula Kothencz,International Journal of Environmental Research and Public Health,Kitchin 2014:forward,screened,Exclude,deepseek/deepseek-v4-flash,Exclude.
https://openalex.org/W3023350488,https://doi.org/10.1016/j.landurbplan.2020.103845,Understanding the use of urban green spaces from user-generated geographic information,2020,article,Vuokko Heikinheimo,Landscape and Urban Planning,Kitchin 2014:forward,screened,Exclude,deepseek/deepseek-v4-flash,Exclude
https://openalex.org/W2886999207,https://doi.org/10.1016/j.gloenvcha.2018.07.011,Smart Earth: A meta-review and implications for environmental governance,2018,article,Karen Bakker,Global Environmental Change,Kitchin 2014:forward,screened,Exclude,deepseek/deepseek-v4-flash,Exclude
https://openalex.org/W2792848070,https://doi.org/10.1080/00207543.2018.1443230,From data to big data in production research: the past and future trends,2018,article,Yong‐Hong Kuo,International Journal of Production Research,Kitchin 2014:forward,screened,Exclude,deepseek/deepseek-v4-flash,Exclude
https://openalex.org/W2252830481,https://doi.org/10.1111/soru.12120,"Publicising Food: Big Data, Precision Agriculture, and Co‐Experimental Techniques of Addition",2015,article,Michael Carolan,Sociologia Ruralis,Kitchin 2014:forward,screened,Exclude,deepseek/deepseek-v4-flash,Exclude
https://openalex.org/W3011931926,https://doi.org/10.1080/17517575.2020.1734241,Big data analytics and enterprises: a bibliometric synthesis of the literature,2020,article,Sayantan Khanra,Enterprise Information Systems,Kitchin 2014:forward,screened,Exclude,deepseek/deepseek-v4-flash,Exclude
https://openalex.org/W3137930360,https://doi.org/10.1177/2378023121999581,Toward a Sociology of Artificial Intelligence: A Call for Research on Inequalities and Structural Change,2021,article,Kelly Joyce,Socius Sociological Research for a Dynamic World,Kitchin 2014:forward,screened,Exclude,deepseek/deepseek-v4-flash,Exclude
https://openalex.org/W2557088923,https://doi.org/10.1177/1094428116677299,Big Data Methods,2016,article,Scott Tonidandel,Organizational Research Methods,Kitchin 2014:forward,screened,Exclude,deepseek/deepseek-v4-flash,Exclude
https://openalex.org/W2770182351,https://doi.org/10.1111/bjet.12595,Big Data and data science: A critical review of issues for educational research,2017,article,Ben Kei Daniel,British Journal of Educational Technology,Kitchin 2014:forward,screened,Exclude,deepseek/deepseek-v4-flash,Exclude
https://openalex.org/W3204130547,https://doi.org/10.1177/20539517211035955,On the genealogy of machine learning datasets: A critical history of ImageNet,2021,article,Emily Denton,Big Data & Society,Kitchin 2014:forward,screened,Exclude,deepseek/deepseek-v4-flash,Exclude
https://openalex.org/W2465910587,https://doi.org/10.1177/2053951716654502,Data journeys: Capturing the socio-material constitution of data objects and flows,2016,article,Jo Bates,Big Data & Society,Kitchin 2014:forward,screened,Exclude,deepseek/deepseek-v4-flash,Exclude
https://openalex.org/W2783368934,https://doi.org/10.1080/03066150.2017.1415887,Land grab/data grab: precision agriculture and its new horizons,2018,article,Alistair Fraser,The Journal of Peasant Studies,Kitchin 2014:forward,screened,Exclude,deepseek/deepseek-v4-flash,Exclude</s>
https://openalex.org/W2747310458,https://doi.org/10.1515/zfsoz-2017-1014,Artificial Communication? The Production of Contingency by Algorithms,2017,article,Elena Esposito,Zeitschrift für Soziologie,Kitchin 2014:forward,screened,Exclude,deepseek/deepseek-v4-flash,Exclude
https://openalex.org/W4288083705,https://doi.org/10.1145/3274405,Trust in Data Science,2018,article,Samir Passi,Proceedings of the ACM on Human-Computer Interaction,Kitchin 2014:forward,screened,Exclude,deepseek/deepseek-v4-flash,Exclude
https://openalex.org/W2784467145,https://doi.org/10.3991/ijet.v13i01.6990,Big Data Emerging Technology: Insights into Innovative Environment for Online Learning Resources,2018,article,Miftachul Huda,International Journal of Emerging Technologies in Learning (iJET),Kitchin 2014:forward,screened,Exclude,deepseek/deepseek-v4-flash,Exclude
https://openalex.org/W2286310833,https://doi.org/10.1080/00045608.2015.1117937,"Algorithmic Geographies: Big Data, Algorithmic Uncertainty, and the Production of Geographic Knowledge",2016,article,Mei‐Po Kwan,Annals of the American Association of Geographers,Kitchin 2014:forward,screened,Exclude,deepseek/deepseek-v4-flash,Exclude
https://openalex.org/W1898484762,https://doi.org/10.1177/1362480615586614,Is Big Data challenging criminology?,2015,article,Janet Chan,Theoretical Criminology,Kitchin 2014:forward,screened,Maybe,deepseek/deepseek-v4-flash,Maybe
https://openalex.org/W4285038156,https://doi.org/10.1016/j.scs.2022.104050,Machine learning for spatial analyses in urban areas: a scoping review,2022,article,Ylenia Casali,Sustainable Cities and Society,Kitchin 2014:forward,screened,Exclude,deepseek/deepseek-v4-flash,Exclude
https://openalex.org/W2929627427,https://doi.org/10.3390/su11071961,A Novel ICT Framework for Sustainable Development Goals,2019,article,Olivera Kostoska,Sustainability,Kitchin 2014:forward,screened,Exclude,deepseek/deepseek-v4-flash,Exclude
https://openalex.org/W2531586652,https://doi.org/10.2217/pme-2016-0057,The Googlization of Health Research: From Disruptive Innovation to Disruptive Ethics,2016,article,Tamar Sharon,Personalized Medicine,Kitchin 2014:forward,screened,Exclude,deepseek/deepseek-v4-flash,Exclude
https://openalex.org/W3205891200,https://doi.org/10.1108/ijchm-02-2021-0132,Sentiment analysis in hospitality and tourism: a thematic and methodological review,2021,article,Fuad Mehraliyev,International Journal of Contemporary Hospitality Management,Kitchin 2014:forward,screened,Exclude,deepseek/deepseek-v4-flash,Exclude
https://openalex.org/W3137299756,https://doi.org/10.1111/cobi.13706,Digital data sources and methods for conservation culturomics,2021,article,Ricardo A. Correia,Conservation Biology,Kitchin 2014:forward,screened,Exclude,deepseek/deepseek-v4-flash,Exclude
https://openalex.org/W3022840527,https://doi.org/10.1177/2053951720949566,Designing for human rights in AI,2020,article,Evgeni Aizenberg,Big Data & Society,Kitchin 2014:forward,screened,Exclude,deepseek/deepseek-v4-flash,Exclude
https://openalex.org/W2904032123,https://doi.org/10.1093/bjc/azy060,Predictive Policing and the Politics of Patterns,2018,article,Mareile Kaufmann,The British Journal of Criminology,Kitchin 2014:forward,screened,Include,deepseek/deepseek-v4-flash,Include
https://openalex.org/W2802190448,https://doi.org/10.1016/j.apgeog.2018.04.009,Dynamic cities: Location-based accessibility modelling as a function of time,2018,article,Olle Järv,Applied Geography,Kitchin 2014:forward,screened,Exclude,deepseek/deepseek-v4-flash,Exclude
https://openalex.org/W4384562149,https://doi.org/10.1177/20563051231186353,Artificial Intelligence and Democracy: A Conceptual Framework,2023,article,Andreas Jungherr,Social Media + Society,Kitchin 2014:forward,screened,Exclude,deepseek/deepseek-v4-flash,Exclude
https://openalex.org/W3093275939,https://doi.org/10.1007/s10460-020-10161-2,Digitalization and the third food regime,2020,article,Louisa Prause,Agriculture and Human Values,Kitchin 2014:forward,screened,Exclude,deepseek/deepseek-v4-flash,Exclude
https://openalex.org/W3195564944,https://doi.org/10.1080/00472778.2021.1955127,Digital marketing in SMEs via data-driven strategies: Reviewing the current state of research,2021,article,José Ramón Saura,Journal of Small Business Management,Kitchin 2014:forward,screened,Exclude,deepseek/deepseek-v4-flash,Exclude
https://openalex.org/W2584094188,https://doi.org/10.1177/0038038517698639,Speaking Sociologically with Big Data: Symphonic Social Science and the Future for Big Data Research,2017,article,Susan Halford,Sociology,Kitchin 2014:forward,screened,Exclude,deepseek/deepseek-v4-flash,Exclude
https://openalex.org/W4288074424,https://doi.org/10.3389/fmars.2022.918104,Artificial intelligence and automated monitoring for assisting conservation of marine ecosystems: A perspective,2022,article,Ellen M. Ditria,Frontiers in Marine Science,Kitchin 2014:forward,screened,Exclude,deepseek/deepseek-v4-flash,Exclude
https://openalex.org/W3083952112,https://doi.org/10.1007/s11135-020-01037-y,"Machine learning, artificial neural networks and social research",2020,article,Giovanni Di Franco,Quality & Quantity,Kitchin 2014:forward,screened,Exclude,deepseek/deepseek-v4-flash,Exclude
https://openalex.org/W2402702445,https://doi.org/10.1108/ijopm-03-2015-0179,Exploring the influence of big data on city transport operations: a Markovian approach,2017,article,Rashid Mehmood,International Journal of Operations & Production Management,Kitchin 2014:forward,screened,Exclude,deepseek/deepseek-v4-flash,Exclude
https://openalex.org/W2982172486,https://doi.org/10.1093/ppmgov/gvz014,Artificial Discretion as a Tool of Governance: A Framework for Understanding the Impact of Artificial Intelligence on Public Administration,2019,article,Matthew Young,Perspectives on Public Management and Governance,Kitchin 2014:forward,screened,Maybe,deepseek/deepseek-v4-flash,Maybe
https://openalex.org/W4292198479,https://doi.org/10.1016/j.jag.2022.102936,A review of spatially-explicit GeoAI applications in Urban Geography,2022,article,Pengyuan Liu,International Journal of Applied Earth Observation and Geoinformation,Kitchin 2014:forward,screened,Exclude,deepseek/deepseek-v4-flash,Exclude
https://openalex.org/W2983860014,https://doi.org/10.1177/2053951719885967,From data politics to the contentious politics of data,2019,article,Davide Beraldo,Big Data & Society,Kitchin 2014:forward,screened,Exclude,deepseek/deepseek-v4-flash,Exclude
https://openalex.org/W4220832941,https://doi.org/10.3390/smartcities5020025,Implementing Data-Driven Smart City Applications for Future Cities,2022,article,Yamuna Kaluarachchi,Smart Cities,Kitchin 2014:forward,screened,Exclude,deepseek/deepseek-v4-flash,Exclude
https://openalex.org/W2598626055,https://doi.org/10.3991/ijet.v12i03.6434,Exploring Adaptive Teaching Competencies in Big Data Era,2017,article,Miftachul Huda,International Journal of Emerging Technologies in Learning (iJET),Kitchin 2014:forward,screened,Exclude,deepseek/deepseek-v4-flash,Exclude
https://openalex.org/W2910220809,https://doi.org/10.1177/2053951718821146,The social imaginaries of data activism,2019,article,Tuukka Lehtiniemi,Big Data & Society,Kitchin 2014:forward,screened,Exclude,deepseek/deepseek-v4-flash,Exclude
https://openalex.org/W2914030410,https://doi.org/10.17705/1jais.00526,Data-Driven Meets Theory-Driven Research in the Era of Big Data: Opportunities and Challenges for Information Systems Research,2018,article,Wolfgang Maaß,Journal of the Association for Information Systems,Kitchin 2014:forward,screened,Exclude,deepseek/deepseek-v4-flash,Exclude
https://openalex.org/W2198689967,https://doi.org/10.1177/2053951715616649,Hacking the social life of Big Data,2015,article,Jennifer Pybus,Big Data & Society,Kitchin 2014:forward,screened,Exclude,deepseek/deepseek-v4-flash,Exclude
https://openalex.org/W3125934683,https://doi.org/10.1007/s13524-018-0715-2,Promises and Pitfalls of Using Digital Traces for Demographic Research,2018,article,Nina Cesare,Demography,Kitchin 2014:forward,screened,Exclude,deepseek/deepseek-v4-flash,Exclude
https://openalex.org/W2996776174,https://doi.org/10.1080/17439884.2020.1707223,The social utility of ‘data literacy’,2019,article,Luci Pangrazio,Learning Media and Technology,Kitchin 2014:forward,screened,Exclude,deepseek/deepseek-v4-flash,Exclude
https://openalex.org/W2553141157,https://doi.org/10.1177/0309132516677177,Feminist geographies of digital work,2016,article,Lizzie Richardson,Progress in Human Geography,Kitchin 2014:forward,screened,Exclude,deepseek/deepseek-v4-flash,Exclude
https://openalex.org/W3037735315,https://doi.org/10.3390/s20133619,Emerging Wireless Sensor Networks and Internet of Things Technologies—Foundations of Smart Healthcare,2020,article,Gordana Gardašević,Sensors,Kitchin 2014:forward,screened,Exclude,deepseek/deepseek-v4-flash,Exclude
https://openalex.org/W2991426639,https://doi.org/10.1016/j.njas.2019.100313,Digitalisation in the New Zealand Agricultural Knowledge and Innovation System: Initial understandings and emerging organisational responses to digital agriculture,2019,article,Kelly Rijswijk,NJAS - Wageningen Journal of Life Sciences,Kitchin 2014:forward,screened,Exclude,deepseek/deepseek-v4-flash,Exclude
https://openalex.org/W2990407218,https://doi.org/10.1080/02602938.2019.1676396,"Empowering learners with personalised learning approaches? Agency, equity and transparency in the context of learning analytics",2019,article,Yi‐Shan Tsai,Assessment & Evaluation in Higher Education,Kitchin 2014:forward,screened,Exclude,deepseek/deepseek-v4-flash,Exclude
https://openalex.org/W2772812561,https://doi.org/10.3390/su9122317,Identifying Tourist Places of Interest Based on Digital Imprints: Towards a Sustainable Smart City,2017,article,Luis Encalada-Abarca,Sustainability,Kitchin 2014:forward,screened,Exclude,deepseek/deepseek-v4-flash,Exclude
https://openalex.org/W2947469701,https://doi.org/10.1038/s41598-019-44565-w,Insights and approaches using deep learning to classify wildlife,2019,article,Zhongqi Miao,Scientific Reports,Kitchin 2014:forward,screened,Exclude,deepseek/deepseek-v4-flash,Exclude
https://openalex.org/W3037263482,https://doi.org/10.1177/1354856520930905,Ageism in the era of digital platforms,2020,article,Andrea Rosales,Convergence The International Journal of Research into New Media Technologies,Kitchin 2014:forward,screened,Exclude,deepseek/deepseek-v4-flash,Exclude
https://openalex.org/W2619779178,https://doi.org/10.1057/s41305-017-0043-1,"Feminist Data Studies: Using Digital Methods for Ethical, Reflexive and Situated Socio-Cultural Research",2017,article,Koen Leurs,Feminist Review,Kitchin 2014:forward,screened,Include,deepseek/deepseek-v4-flash,Include
https://openalex.org/W2998403260,https://doi.org/10.1007/s11948-019-00171-7,"Big Data, Big Waste? A Reflection on the Environmental Sustainability of Big Data Initiatives",2019,article,Federica Lucivero,Science and Engineering Ethics,Kitchin 2014:forward,screened,Exclude,deepseek/deepseek-v4-flash,Exclude
https://openalex.org/W2327381789,https://doi.org/10.1177/2332858416641907,Big Data Comes to School,2016,article,Bill Cope,AERA Open,Kitchin 2014:forward,screened,Exclude,deepseek/deepseek-v4-flash,Exclude
https://openalex.org/W2802179700,https://doi.org/10.3991/ijet.v13i05.8042,Understanding Modern Learning Environment (MLE) in Big Data Era,2018,article,Andino Maseleno,International Journal of Emerging Technologies in Learning (iJET),Kitchin 2014:forward,screened,Exclude,deepseek/deepseek-v4-flash,Exclude
https://openalex.org/W2989886696,https://doi.org/10.3390/su11236648,Mapping the Knowledge Domain of Smart-City Research: A Bibliometric and Scientometric Analysis,2019,article,Li Zhao,Sustainability,Kitchin 2014:forward,screened,Exclude,deepseek/deepseek-v4-flash,Exclude
https://openalex.org/W2230708423,https://doi.org/10.1177/2053951715609066,The (Big) Data-security assemblage: Knowledge and critique,2015,article,Claudia Aradau,Big Data & Society,Kitchin 2014:forward,screened,Exclude,deepseek/deepseek-v4-flash,Exclude
https://openalex.org/W3112432086,https://doi.org/10.5465/amr.2019.0247,Ghost in the Machine: On Organizational Theory in the Age of Machine Learning,2020,article,Keith Leavitt,Academy of Management Review,Kitchin 2014:forward,screened,Exclude,deepseek/deepseek-v4-flash,Exclude
https://openalex.org/W2929757102,https://doi.org/10.1111/gean.12194,Geographic Data Science,2019,article,Alex Singleton,Geographical Analysis,Kitchin 2014:forward,screened,Exclude,deepseek/deepseek-v4-flash,Exclude
https://openalex.org/W3176745711,https://doi.org/10.3102/00346543211020116,The Ethics of Using Digital Trace Data in Education: A Thematic Review of the Research Landscape,2021,article,Laura Hakimi,Review of Educational Research,Kitchin 2014:forward,screened,Exclude,deepseek/deepseek-v4-flash,Exclude
https://openalex.org/W3036150657,https://doi.org/10.1177/2053951720935143,Personalization as a promise: Can Big Data change the practice of insurance?,2020,article,Laurence Barry,Big Data & Society,Kitchin 2014:forward,screened,Exclude,deepseek/deepseek-v4-flash,Exclude
https://openalex.org/W4393138990,https://doi.org/10.1080/07294360.2023.2280200,AI and its implications for research in higher education: a critical dialogue,2024,article,Russell Butson,Higher Education Research & Development,Kitchin 2014:forward,screened,Exclude,deepseek/deepseek-v4-flash,Exclude
https://openalex.org/W2948574289,https://doi.org/10.1016/j.giq.2019.05.010,Techno-optimism and policy-pessimism in the public sector big data debate,2019,article,Simon Vydra,Government Information Quarterly,Kitchin 2014:forward,screened,Exclude,deepseek/deepseek-v4-flash,Exclude
https://openalex.org/W3156012754,https://doi.org/10.1111/joes.12611,Artificial Intelligence and Big Data in Sustainable Entrepreneurship,2024,article,Steve J. Bickley,Journal of Economic Surveys,Kitchin 2014:forward,screened,Exclude,deepseek/deepseek-v4-flash,Exclude
https://openalex.org/W3036645648,https://doi.org/10.1080/1461670x.2020.1788414,(Against a) Theory of Audience Engagement with News,2020,article,Steen Steensen,Journalism Studies,Kitchin 2014:forward,screened,Exclude,deepseek/deepseek-v4-flash,Exclude
https://openalex.org/W2463491993,https://doi.org/10.1177/2053951716658060,Doing social media analytics,2016,article,Phillip Brooker,Big Data & Society,Kitchin 2014:forward,screened,Exclude,deepseek/deepseek-v4-flash,Exclude
https://openalex.org/W3180001917,https://doi.org/10.1080/14650045.2021.1940538,Data Matters: The Politics and Practices of Digital Border and Migration Management,2021,article,Matthias Leese,Geopolitics,Kitchin 2014:forward,screened,Maybe,deepseek/deepseek-v4-flash,Maybe
https://openalex.org/W2992941683,https://doi.org/10.1016/j.ijinfomgt.2019.102048,Big data analytics and international negotiations: Sentiment analysis of Brexit negotiating outcomes,2019,article,Elena Georgiadou,International Journal of Information Management,Kitchin 2014:forward,screened,Exclude,deepseek/deepseek-v4-flash,Exclude
https://openalex.org/W2470515272,https://doi.org/10.1177/2053951716649398,"Datatrust: Or, the political quest for numerical evidence and the epistemologies of Big Data",2016,article,Gernot Rieder,Big Data & Society,Kitchin 2014:forward,screened,Exclude,deepseek/deepseek-v4-flash,Exclude
https://openalex.org/W4210505401,https://doi.org/10.1177/03091325221074691,The politics of pixels: A review and agenda for critical remote sensing,2022,article,Mia M. Bennett,Progress in Human Geography,Kitchin 2014:forward,screened,Include,deepseek/deepseek-v4-flash,Include
https://openalex.org/W4391572614,https://doi.org/10.1108/tr-10-2023-0753,Technological evolution in tourism: a Horizon 2050 perspective,2024,article,Kaye Chon,Tourism Review,Kitchin 2014:forward,screened,Exclude,deepseek/deepseek-v4-flash,Exclude
https://openalex.org/W1498491353,https://doi.org/10.1080/19460171.2015.1052003,"Political computational thinking: policy networks, digital governance and ‘learning to code’",2015,article,Ben Williamson,Critical Policy Studies,Kitchin 2014:forward,screened,Exclude,deepseek/deepseek-v4-flash,Exclude
https://openalex.org/W3002991859,https://doi.org/10.3390/su12030860,From Digital Government to Digital Governance: Are We There Yet?,2020,article,Burak Erkut,Sustainability,Kitchin 2014:forward,screened,Exclude,deepseek/deepseek-v4-flash,Exclude
https://openalex.org/W4200535623,https://doi.org/10.14763/2021.4.1610,"Critical questions for Facebook’s virtual reality: data, power and the metaverse",2021,article,Ben Egliston,Internet Policy Review,Kitchin 2014:forward,screened,Exclude,deepseek/deepseek-v4-flash,Exclude
https://openalex.org/W2711938865,https://doi.org/10.1186/s40537-017-0079-2,Theory-driven or process-driven prediction? Epistemological challenges of big data analytics,2017,article,Ahmed Elragal,Journal Of Big Data,Kitchin 2014:forward,screened,Exclude,deepseek/deepseek-v4-flash,Exclude
https://openalex.org/W2884016810,https://doi.org/10.1177/2056305118784502,Ethics as Methods: Doing Ethics in the Era of Big Data Research—Introduction,2018,article,Annette Markham,Social Media + Society,Kitchin 2014:forward,screened,Exclude,deepseek/deepseek-v4-flash,Exclude
https://openalex.org/W2793379643,https://doi.org/10.1177/1469605318759713,The heritage of Brexit: Roles of the past in the construction of political identities through social media,2018,article,Chiara Bonacchi,Journal of Social Archaeology,Kitchin 2014:forward,screened,Exclude,deepseek/deepseek-v4-flash,Exclude
https://openalex.org/W2804567026,https://doi.org/10.31387/oscm0300198,Role of Big Data in Decision Making,2018,article,Shirish Jeble,Operations and Supply Chain Management An International Journal,Kitchin 2014:forward,screened,Exclude,deepseek/deepseek-v4-flash,Exclude
https://openalex.org/W3086840123,https://doi.org/10.1177/2053951720951581,Mass personalization: Predictive marketing algorithms and the reshaping of consumer knowledge,2020,article,Baptiste Kotras,Big Data & Society,Kitchin 2014:forward,screened,Exclude,deepseek/deepseek-v4-flash,Exclude
https://openalex.org/W2604984049,https://doi.org/10.1080/09537287.2017.1336792,Big data and the transformation of operations models: a framework and a new research agenda,2017,article,Sinéad Roden,Production Planning & Control,Kitchin 2014:forward,screened,Exclude,deepseek/deepseek-v4-flash,Exclude
https://openalex.org/W2980020285,https://doi.org/10.3390/su11205648,Geospatial Dashboards for Monitoring Smart City Performance,2019,article,Changfeng Jing,Sustainability,Kitchin 2014:forward,screened,Exclude,deepseek/deepseek-v4-flash,Exclude
https://openalex.org/W2788381125,https://doi.org/10.14569/ijacsa.2018.090215,Intelligent Transportation System (ITS) for Smart-Cities using Mamdani Fuzzy Inference System,2018,article,Kashif Iqbal,International Journal of Advanced Computer Science and Applications,Kitchin 2014:forward,screened,Exclude,deepseek/deepseek-v4-flash,Exclude
https://openalex.org/W3003515831,https://doi.org/10.3390/info11020069,Theme Mapping and Bibliometrics Analysis of One Decade of Big Data Research in the Scopus Database,2020,article,Anne Parlina,Information,Kitchin 2014:forward,screened,Exclude,deepseek/deepseek-v4-flash,Exclude
https://openalex.org/W2587162593,https://doi.org/10.1080/13600869.2017.1298547,Accountability for the use of algorithms in a big data environment,2017,article,Anton Vedder,International Review of Law Computers & Technology,Kitchin 2014:forward,screened,Exclude,deepseek/deepseek-v4-flash,Exclude
https://openalex.org/W2802748188,https://doi.org/10.1650/condor-17-206.1,Opportunities and challenges for big data ornithology,2018,article,Frank A. La Sorte,Ornithological Applications,Kitchin 2014:forward,screened,Exclude,deepseek/deepseek-v4-flash,Exclude
https://openalex.org/W2962149550,https://doi.org/10.1177/0003122419859519,Rhetorics of Radicalism,2019,article,Daniel Karell,American Sociological Review,Kitchin 2014:forward,screened,Exclude,deepseek/deepseek-v4-flash,Exclude
https://openalex.org/W2889394126,https://doi.org/10.1177/0739456x18793716,Urban Informatics in the Science and Practice of Planning,2018,article,Constantine E. Kontokosta,Journal of Planning Education and Research,Kitchin 2014:forward,screened,Exclude,deepseek/deepseek-v4-flash,Exclude
https://openalex.org/W3007871038,https://doi.org/10.1016/j.annals.2020.102895,Methodological framework for producing national tourism statistics from mobile positioning data,2020,article,Erki Saluveer,Annals of Tourism Research,Kitchin 2014:forward,screened,Exclude,deepseek/deepseek-v4-flash,Exclude
https://openalex.org/W2538090753,https://doi.org/10.24908/ss.v14i2.5831,Beyond data as representation: The performativity of Big Data in surveillance,2016,article,Tobias Matzner,Surveillance & Society,Kitchin 2014:forward,screened,Include,deepseek/deepseek-v4-flash,Include
https://openalex.org/W3043229372,https://doi.org/10.1016/j.ijinfomgt.2020.102184,The role of IS in the covid-19 pandemic: A liquid-modern perspective,2020,article,Ronan Doyle,International Journal of Information Management,Kitchin 2014:forward,screened,Exclude,deepseek/deepseek-v4-flash,Exclude
https://openalex.org/W2805670066,https://doi.org/10.1093/sysbio/syy044,The Increasing Disconnection of Primary Biodiversity Data from Specimens: How Does It Happen and How to Handle It?,2018,article,Julien Troudet,Systematic Biology,Kitchin 2014:forward,screened,Exclude,deepseek/deepseek-v4-flash,Exclude
https://openalex.org/W3035146493,https://doi.org/10.1111/gec3.12504,Towards more inclusive smart cities: Reconciling the divergent realities of data and discourse at the margins,2020,article,Jane Yeonjae Lee,Geography Compass,Kitchin 2014:forward,screened,Exclude,deepseek/deepseek-v4-flash,Exclude.
https://openalex.org/W2611851385,https://doi.org/10.5860/crl.79.3.304,Learning Analytics and the Academic Library: Professional Ethics Commitments at a Crossroads,2018,article,Kyle M. L. Jones,College & Research Libraries,Kitchin 2014:forward,screened,Exclude,deepseek/deepseek-v4-flash,Exclude
https://openalex.org/W3005105592,https://doi.org/10.1080/00934690.2020.1713281,Is Big Digital Data Different? Towards a New Archaeological Paradigm,2020,article,Jeremy Huggett,Journal of Field Archaeology,Kitchin 2014:forward,screened,Exclude,deepseek/deepseek-v4-flash,Exclude
https://openalex.org/W4387568967,https://doi.org/10.3390/socsci12100570,"Qualitative Research in Digital Era: Innovations, Methodologies and Collaborations",2023,article,Grzegorz Bryda,Social Sciences,Kitchin 2014:forward,screened,Exclude,deepseek/deepseek-v4-flash,Exclude
https://openalex.org/W3157443540,https://doi.org/10.1123/jsm.2021-0067,Big Data and Analytics in Sport Management,2021,article,Nicholas M. Watanabe,Journal of Sport Management,Kitchin 2014:forward,screened,Exclude,deepseek/deepseek-v4-flash,Exclude
https://openalex.org/W2529476717,https://doi.org/10.1177/0263276416666915,City of Potentialities: An Introduction,2016,article,AbdouMaliq Simone,Theory Culture & Society,Kitchin 2014:forward,screened,Maybe,deepseek/deepseek-v4-flash,Maybe
https://openalex.org/W4384824281,https://doi.org/10.1007/s43681-023-00325-1,Responsible artificial intelligence in human resources management: a review of the empirical literature,2023,article,Antoine Bujold,AI and Ethics,Kitchin 2014:forward,screened,Exclude,deepseek/deepseek-v4-flash,Exclude
https://openalex.org/W2792807508,https://doi.org/10.1111/cag.12438,Critical GIS as a tool for social transformation,2018,article,Marianna Pavlovskaya,Canadian Geographies / Géographies canadiennes,Kitchin 2014:forward,screened,Exclude,deepseek/deepseek-v4-flash,Exclude
https://openalex.org/W2905802531,https://doi.org/10.5964/jspp.v6i2.929,Re-engaging social relationships and collective dimensions of organizing to revive democratic practice,2018,article,Paul W. Speer,Journal of Social and Political Psychology,Kitchin 2014:forward,screened,Exclude,deepseek/deepseek-v4-flash,Exclude
https://openalex.org/W2940702453,https://doi.org/10.3389/fninf.2019.00028,Responsible Data Governance of Neuroscience Big Data,2019,article,B. Tyr Fothergill,Frontiers in Neuroinformatics,Kitchin 2014:forward,screened,Exclude,deepseek/deepseek-v4-flash,Exclude
https://openalex.org/W2554978171,https://doi.org/10.1177/2053951716666868,"Empathic media and advertising: Industry, policy, legal and citizen perspectives (the case for intimacy)",2016,article,Andrew McStay,Big Data & Society,Kitchin 2014:forward,screened,Exclude,deepseek/deepseek-v4-flash,Exclude
https://openalex.org/W3153298903,https://doi.org/10.1093/ppmgov/gvab006,Artificial Intelligence and Administrative Evil,2021,article,Matthew Young,Perspectives on Public Management and Governance,Kitchin 2014:forward,screened,Exclude,deepseek/deepseek-v4-flash,Exclude
https://openalex.org/W4385260638,https://doi.org/10.53880/2744-2373.2023.4.37,AI in academia: An overview of selected tools and their areas of application,2023,article,Robert F. J. Pinzolits,MAP Education and Humanities,Kitchin 2014:forward,screened,Exclude,deepseek/deepseek-v4-flash,Exclude
https://openalex.org/W2486333534,https://doi.org/10.1177/0013161x16660585,Automated Text Data Mining Analysis of Five Decades of Educational Leadership Research Literature,2016,article,Yinying Wang,Educational Administration Quarterly,Kitchin 2014:forward,screened,Exclude,deepseek/deepseek-v4-flash,Exclude.
https://openalex.org/W2976134889,https://doi.org/10.1002/pan3.10053,A culturomics approach to quantifying the salience of species on the global internet,2019,article,Richard J. Ladle,People and Nature,Kitchin 2014:forward,screened,Exclude,deepseek/deepseek-v4-flash,Exclude
https://openalex.org/W3010204140,https://doi.org/10.1016/j.isprsjprs.2020.02.009,An integrated environmental analytics system (IDEAS) based on a DGGS,2020,article,Colin Robertson,ISPRS Journal of Photogrammetry and Remote Sensing,Kitchin 2014:forward,screened,Exclude,deepseek/deepseek-v4-flash,Exclude
https://openalex.org/W2649056525,https://doi.org/10.1111/tgis.12283,The Cost(s) of Geospatial Open Data,2017,article,Peter A. Johnson,Transactions in GIS,Kitchin 2014:forward,screened,Exclude,deepseek/deepseek-v4-flash,Exclude
https://openalex.org/W3121657207,https://doi.org/10.1007/s10676-020-09577-5,Data Ethics Decision Aid (DEDA): a dialogical framework for ethical inquiry of AI and data projects in the Netherlands,2021,article,Aline Shakti Franzke,Ethics and Information Technology,Kitchin 2014:forward,screened,Exclude,deepseek/deepseek-v4-flash,Exclude
https://openalex.org/W3198065937,https://doi.org/10.3390/su13179850,An Institutional Perspective for Evaluating Digital Transformation in Higher Education: Insights from the Chilean Case,2021,article,Karen Núñez-Valdés,Sustainability,Kitchin 2014:forward,screened,Exclude,deepseek/deepseek-v4-flash,Exclude
https://openalex.org/W3203201102,https://doi.org/10.1177/14614448211046616,Datafication research: Mapping the field for a future agenda,2021,article,Sofie Flensburg,New Media & Society,Kitchin 2014:forward,screened,Exclude,deepseek/deepseek-v4-flash,Exclude
https://openalex.org/W2589172381,https://doi.org/10.1080/10630732.2016.1270047,<i>FixMyStreet</i> Brussels: Socio-Demographic Inequality in Crowdsourced Civic Participation,2017,article,Burak Pak,Journal of Urban Technology,Kitchin 2014:forward,screened,Exclude,deepseek/deepseek-v4-flash,Exclude
https://openalex.org/W2792099169,https://doi.org/10.1080/19312458.2018.1447655,Scaling up Content Analysis,2018,article,Damian Trilling,Communication Methods and Measures,Kitchin 2014:forward,screened,Exclude,deepseek/deepseek-v4-flash,Exclude
https://openalex.org/W2989734229,https://doi.org/10.1080/13658816.2019.1694680,Data-driven approach to characterize urban vitality: how spatiotemporal context dynamically defines Seoul’s nighttime,2019,article,Young-Long Kim,International Journal of Geographical Information Systems,Kitchin 2014:forward,screened,Exclude,deepseek/deepseek-v4-flash,Exclude
https://openalex.org/W2791081159,https://doi.org/10.1007/s11019-018-9828-z,Towards precision medicine; a new biomedical cosmology,2018,article,Mira W. Vegter,Medicine Health Care and Philosophy,Kitchin 2014:forward,screened,Exclude,deepseek/deepseek-v4-flash,Exclude
https://openalex.org/W3167676533,https://doi.org/10.1017/s0261143021000064,Spotify and the democratisation of music,2021,article,Thomas Hodgson,Popular Music,Kitchin 2014:forward,screened,Exclude,deepseek/deepseek-v4-flash,Exclude
https://openalex.org/W2791673852,https://doi.org/10.3389/fmed.2018.00013,"Big Data and Dementia: Charting the Route Ahead for Research, Ethics, and Policy",2018,article,Marcello Ienca,Frontiers in Medicine,Kitchin 2014:forward,screened,Exclude,deepseek/deepseek-v4-flash,Exclude
https://openalex.org/W3006146945,https://doi.org/10.1080/01442872.2020.1724384,"The promise of precision: datafication in medicine, agriculture and education",2020,article,Declan Kuch,Policy Studies,Kitchin 2014:forward,screened,Exclude,deepseek/deepseek-v4-flash,Exclude
https://openalex.org/W2126529350,https://doi.org/10.7710/2162-3309.1182,Commodification of the Information Profession: A Critique of Higher Education Under Neoliberalism,2015,article,Stuart Lawson,Journal of Librarianship and Scholarly Communication,Kitchin 2014:forward,screened,Exclude,deepseek/deepseek-v4-flash,Exclude
https://openalex.org/W3104233426,https://doi.org/10.1111/ejss.13071,Perspectives on data‐driven soil research,2020,article,Alexandre M.J.‐C. Wadoux,European Journal of Soil Science,Kitchin 2014:forward,screened,Exclude,deepseek/deepseek-v4-flash,Exclude
https://openalex.org/W2615184001,https://doi.org/10.1177/2053951716682537,"Big Data, urban governance, and the ontological politics of hyperindividualism",2017,article,Robert W. Lake,Big Data & Society,Kitchin 2014:forward,screened,Include,deepseek/deepseek-v4-flash,Include
https://openalex.org/W3161779054,https://doi.org/10.1177/14614448211012794,"What are the risks of Virtual Reality data? Learning Analytics, Algorithmic Bias and a Fantasy of Perfect Data",2021,article,Marcus Carter,New Media & Society,Kitchin 2014:forward,screened,Exclude,deepseek/deepseek-v4-flash,Exclude
https://openalex.org/W3104562203,https://doi.org/10.1177/2514848620970121,New extractive frontiers in Ireland and the moebius strip of wind/data,2020,article,Patrick Bresnihan,Environment and Planning E Nature and Space,Kitchin 2014:forward,screened,Include,deepseek/deepseek-v4-flash,Include
https://openalex.org/W3014875133,https://doi.org/10.1057/s42984-020-00007-w,Knowledge in the grey zone: AI and cybersecurity,2020,article,Tim Stevens,Digital War,Kitchin 2014:forward,screened,Exclude,deepseek/deepseek-v4-flash,Exclude
https://openalex.org/W3207523740,https://doi.org/10.1108/tr-05-2021-0244,Identifying hidden semantic structures in Instagram data: a topic modelling comparison,2021,article,Roman Egger,Tourism Review,Kitchin 2014:forward,screened,Exclude,deepseek/deepseek-v4-flash,Exclude
https://openalex.org/W3165032250,https://doi.org/10.3390/journalmedia2020014,Algorithmic Journalism—Current Applications and Future Perspectives,2021,article,Efthimis Kotenidis,Journalism and Media,Kitchin 2014:forward,screened,Exclude,deepseek/deepseek-v4-flash,Exclude
https://openalex.org/W3118943183,https://doi.org/10.2308/jeta-2020-063,The Impact of Digitalization on Future Audits,2021,article,Lazarus Elad Fotoh,Journal of Emerging Technologies in Accounting,Kitchin 2014:forward,screened,Exclude,deepseek/deepseek-v4-flash,Exclude
https://openalex.org/W3137585408,https://doi.org/10.1177/20539517211003118,"Epistemologies of predictive policing: Mathematical social science, social physics and machine learning",2021,article,Jens Hälterlein,Big Data & Society,Kitchin 2014:forward,screened,Include,deepseek/deepseek-v4-flash,Include
https://openalex.org/W3130382807,https://doi.org/10.25300/misq/2021/15434,Next-Generation Information Systems Theorizing: A Call to Action,2021,article,Andrew Burton‐Jones,MIS Quarterly,Kitchin 2014:forward,screened,Exclude,deepseek/deepseek-v4-flash,Exclude
https://openalex.org/W3207999558,https://doi.org/10.36680/j.itcon.2021.045,A digital twin uses classification system for urban planning &amp; city infrastructure management,2021,article,Ramy Al-Sehrawy,Journal of Information Technology in Construction,Kitchin 2014:forward,screened,Exclude,deepseek/deepseek-v4-flash,Exclude
https://openalex.org/W4366422888,https://doi.org/10.3390/su15086844,Operationalizing Digitainability: Encouraging Mindfulness to Harness the Power of Digitalization for Sustainable Development,2023,article,Shivam Gupta,Sustainability,Kitchin 2014:forward,screened,Exclude,deepseek/deepseek-v4-flash,Exclude
https://openalex.org/W3085117000,https://doi.org/10.1177/1527476420957267,Decolonising “Data Colonialism” Propositions for Investigating the Realpolitik of Today’s Networked Ecology,2020,article,Stefano Calzati,Television & New Media,Kitchin 2014:forward,screened,Exclude,deepseek/deepseek-v4-flash,Exclude
https://openalex.org/W4389568718,https://doi.org/10.23917/mier.v1i2.3414,Digital Literacy 5.0 to Enhance Multicultural Education,2023,article,Dito Anurogo,Multicultural Islamic Education Review,Kitchin 2014:forward,screened,Exclude,deepseek/deepseek-v4-flash,Exclude
https://openalex.org/W3016640228,https://doi.org/10.1177/2053951720919968,How to translate artificial intelligence? Myths and justifications in public discourse,2020,article,Jonathan Roberge,Big Data & Society,Kitchin 2014:forward,screened,Maybe,deepseek/deepseek-v4-flash,Maybe
https://openalex.org/W3026088191,https://doi.org/10.1080/1369118x.2020.1764604,Education as a domain of natural data extraction: analysing corporate discourse about educational tracking,2020,article,Yu Jun,Information Communication & Society,Kitchin 2014:forward,screened,Exclude,deepseek/deepseek-v4-flash,Exclude.
https://openalex.org/W4320732619,https://doi.org/10.1177/20539517231153811,European artificial intelligence policy as digital single market making,2023,article,Troels Krarup,Big Data & Society,Kitchin 2014:forward,screened,Exclude,deepseek/deepseek-v4-flash,Exclude
https://openalex.org/W2913694004,https://doi.org/10.1016/j.infoandorg.2019.01.001,Revisiting IS research practice in the era of big data,2019,article,Steven L. Johnson,Information and Organization,Kitchin 2014:forward,screened,Exclude,deepseek/deepseek-v4-flash,Exclude
https://openalex.org/W3089096482,https://doi.org/10.1111/poms.13272,Efficient Detection of Environmental Violators: A Big Data Approach,2020,article,Xiangyu Chang,Production and Operations Management,Kitchin 2014:forward,screened,Exclude,deepseek/deepseek-v4-flash,Exclude
https://openalex.org/W2911415481,https://doi.org/10.1177/0263276418818877,The Human Is Dead – Long Live the Algorithm! Human-Algorithmic Ensembles and Liberal Subjectivity,2019,article,Tobias Matzner,Theory Culture & Society,Kitchin 2014:forward,screened,Maybe,deepseek/deepseek-v4-flash,Maybe
https://openalex.org/W4392431932,https://doi.org/10.30574/wjarr.2024.21.3.2706,Advancements in predictive analytics: A philosophical and practical overview,2024,article,Oluwatoyin Ajoke Farayola,World Journal of Advanced Research and Reviews,Kitchin 2014:forward,screened,Exclude,deepseek/deepseek-v4-flash,Exclude
https://openalex.org/W3044600918,https://doi.org/10.1080/19312458.2020.1803247,"Hybrid Content Analysis: Toward a Strategy for the Theory-driven, Computer-assisted Classification of Large Text Corpora",2020,article,Christian Baden,Communication Methods and Measures,Kitchin 2014:forward,screened,Exclude,deepseek/deepseek-v4-flash,Exclude
https://openalex.org/W2135893477,https://doi.org/10.1177/2053951714546645,The social media image,2014,article,Nadav Hochman,Big Data & Society,Kitchin 2014:forward,screened,Exclude,deepseek/deepseek-v4-flash,Exclude
https://openalex.org/W4327518222,https://doi.org/10.1177/20539517231160528,"Virtual state, where are you? A literature review, framework and agenda for failed digital transformation",2023,article,Shirley Kempeneer,Big Data & Society,Kitchin 2014:forward,screened,Exclude,deepseek/deepseek-v4-flash,Exclude
https://openalex.org/W4306751715,https://doi.org/10.1016/j.heliyon.2022.e11138,Analysis of the implementation of urban computing in smart cities: A framework for the transformation of Saudi cities,2022,article,Habib M. Alshuwaikhat,Heliyon,Kitchin 2014:forward,screened,Exclude,deepseek/deepseek-v4-flash,Exclude
https://openalex.org/W2908643325,https://doi.org/10.4018/978-1-5225-7591-7.ch005,Big Data to Improve Public Health in Low- and Middle-Income Countries,2019,book-chapter,Songül Çınaroğlu,Advances in public policy and administration (APPA) book series,Kitchin 2014:forward,screened,Exclude,deepseek/deepseek-v4-flash,Exclude
https://openalex.org/W3152664694,https://doi.org/10.1123/jsm.2020-0274,Do Consumer Perceptions of Tanking Impact Attendance at National Basketball Association Games? A Sentiment Analysis Approach,2021,article,Hua Gong,Journal of Sport Management,Kitchin 2014:forward,screened,Exclude,deepseek/deepseek-v4-flash,Exclude
https://openalex.org/W3094107935,https://doi.org/10.1002/pra2.275,"Good systems, bad data?: Interpretations of <scp>AI</scp> hype and failures",2020,article,Stephen C. Slota,Proceedings of the Association for Information Science and Technology,Kitchin 2014:forward,screened,Exclude,deepseek/deepseek-v4-flash,Exclude
https://openalex.org/W4200347730,https://doi.org/10.14763/2021.4.1598,Bias does not equal bias: a socio-technical typology of bias in data-based algorithmic systems,2021,article,Paola Lopez,Internet Policy Review,Kitchin 2014:forward,screened,Exclude,deepseek/deepseek-v4-flash,Exclude
https://openalex.org/W3093923084,https://doi.org/10.3390/su12208744,Big Data and the Ethical Implications of Data Privacy in Higher Education Research,2020,article,Diana Florea,Sustainability,Kitchin 2014:forward,screened,Exclude,deepseek/deepseek-v4-flash,Exclude
https://openalex.org/W4206293679,https://doi.org/10.1177/20539517211066452,Precision medicine and digital phenotyping: Digital medicine's way from more data to better health,2021,article,Renate Baumgartner,Big Data & Society,Kitchin 2014:forward,screened,Exclude,deepseek/deepseek-v4-flash,Exclude
https://openalex.org/W3117353297,https://doi.org/10.1007/s11948-021-00282-0,Ethical Issues in Consent for the Reuse of Data in Health Data Platforms,2021,article,Alex McKeown,Science and Engineering Ethics,Kitchin 2014:forward,screened,Exclude,deepseek/deepseek-v4-flash,Exclude
https://openalex.org/W3182731259,https://doi.org/10.1145/3463931,Can Workplace Tracking Ever Empower? Collective Sensemaking for the Responsible Use of Sensor Data at Work,2021,article,Naja Holten Møller,Proceedings of the ACM on Human-Computer Interaction,Kitchin 2014:forward,screened,Exclude,deepseek/deepseek-v4-flash,Exclude
https://openalex.org/W4221071008,https://doi.org/10.1016/j.patter.2021.100427,Data justice and data solidarity,2022,article,Matthias Braun,Patterns,Kitchin 2014:forward,screened,Exclude,deepseek/deepseek-v4-flash,Exclude
https://openalex.org/W3015711623,https://doi.org/10.14507/epaa.28.5026,"Teacher accountability, datafication and evaluation: A case for reimagining schooling",2020,article,Jessica Holloway,Education Policy Analysis Archives,Kitchin 2014:forward,screened,Exclude,deepseek/deepseek-v4-flash,Exclude
https://openalex.org/W3176104577,https://doi.org/10.1177/0308518x211026320,Everyday experiences of digital financial inclusion in India's ‘micro-entrepreneur’ paratransit services,2021,article,Lucy Baker,Environment and Planning A Economy and Space,Kitchin 2014:forward,screened,Exclude,deepseek/deepseek-v4-flash,Exclude
https://openalex.org/W4309680913,https://doi.org/10.3390/math10234398,A Bibliometric Analysis of the Use of Artificial Intelligence Technologies for Social Sciences,2022,article,Tuba Bircan,Mathematics,Kitchin 2014:forward,screened,Exclude,deepseek/deepseek-v4-flash,Exclude
https://openalex.org/W4308286229,https://doi.org/10.1007/s11229-022-03933-2,The epistemological foundations of data science: a critical review,2022,article,Jules Desai,Synthese,Kitchin 2014:forward,screened,Exclude,deepseek/deepseek-v4-flash,Exclude
https://openalex.org/W4321504649,https://doi.org/10.1177/20539517231156127,Social media advertising for clinical studies: Ethical and data protection implications of online targeting,2023,article,Rainer Mühlhoff,Big Data & Society,Kitchin 2014:forward,screened,Exclude,deepseek/deepseek-v4-flash,Exclude
https://openalex.org/W4385979136,https://doi.org/10.1145/3604570,"The End of the Policy Analyst? Testing the Capability of Artificial Intelligence to Generate Plausible, Persuasive, and Useful Policy Analysis",2023,article,Mehrdad Safaei,Digital Government Research and Practice,Kitchin 2014:forward,screened,Exclude,deepseek/deepseek-v4-flash,Exclude
https://openalex.org/W4288705506,https://doi.org/10.1080/04353684.2022.2101135,The effect of COVID-19 on cross-border mobilities of people and functional border regions: the Nordic case study from Twitter data,2022,article,Håvard Wallin Aagesen,Geografiska Annaler Series B Human Geography,Kitchin 2014:forward,screened,Exclude,deepseek/deepseek-v4-flash,Exclude
https://openalex.org/W4391797955,https://doi.org/10.1016/j.jbusres.2024.114567,The role of institutions in early-stage entrepreneurship: An explainable artificial intelligence approach,2024,article,Byron Graham,Journal of Business Research,Kitchin 2014:forward,screened,Exclude,deepseek/deepseek-v4-flash,Exclude
https://openalex.org/W4312220084,https://doi.org/10.1038/s41598-022-26090-5,Systematic analysis of healthcare big data analytics for efficient care and disease diagnosing,2022,article,Sulaiman Khan,Scientific Reports,Kitchin 2014:forward,screened,Exclude,deepseek/deepseek-v4-flash,Exclude
https://openalex.org/W4381555822,https://doi.org/10.1111/itor.13309,Systematic reviews as a metaknowledge tool: caveats and a review of available options,2023,review,Alessandro Avenali,International Transactions in Operational Research,Kitchin 2014:forward,screened,Exclude,deepseek/deepseek-v4-flash,Exclude
https://openalex.org/W4220851262,https://doi.org/10.1186/s42854-022-00032-w,Platform placemaking and the digital urban culture of Airbnbification,2022,article,Petter Törnberg,Urban Transformations,Kitchin 2014:forward,screened,Include,deepseek/deepseek-v4-flash,Include
https://openalex.org/W4388042821,https://doi.org/10.1287/isre.2020.0588,"The Open Prison of the Big Data Revolution: False Consciousness, Faustian Bargains, and Digital Entrapment",2023,article,Ojelanki Ngwenyama,Information Systems Research,Kitchin 2014:forward,screened,Exclude,deepseek/deepseek-v4-flash,Exclude
https://openalex.org/W4327615899,https://doi.org/10.3389/fsoc.2023.1145038,"To scrape or not to scrape, this is dilemma. The post-API scenario and implications on digital research",2023,article,Domenico Trezza,Frontiers in Sociology,Kitchin 2014:forward,screened,Exclude,deepseek/deepseek-v4-flash,Exclude
https://openalex.org/W4288037584,https://doi.org/10.1002/sres.2882,Digital transformation of management and organization theories: A research programme,2022,article,Steffen Roth,Systems Research and Behavioral Science,Kitchin 2014:forward,screened,Exclude,deepseek/deepseek-v4-flash,Exclude
https://openalex.org/W4317604155,https://doi.org/10.1007/s11229-023-04041-5,The importance of expert knowledge in big data and machine learning,2023,article,Jens Ulrik Hansen,Synthese,Kitchin 2014:forward,screened,Exclude,deepseek/deepseek-v4-flash,Exclude
https://openalex.org/W4394792180,https://doi.org/10.30658/hmc.7.5,Artificial Sociality,2024,article,Simone Natale,Human-Machine Communication,Kitchin 2014:forward,screened,Exclude,deepseek/deepseek-v4-flash,Exclude
https://openalex.org/W2767641324,https://doi.org/10.3366/cor.2017.0128,Making corpus data visible: visualising text with research intermediaries,2017,article,William Allen,Corpora,Kitchin 2014:forward,screened,Exclude,deepseek/deepseek-v4-flash,Exclude
https://openalex.org/W4389925795,https://doi.org/10.3390/rs15245770,GIS-Based Progress Monitoring of SDGs towards Achieving Saudi Vision 2030,2023,article,Sara Qwaider,Remote Sensing,Kitchin 2014:forward,screened,Exclude,deepseek/deepseek-v4-flash,Exclude
https://openalex.org/W2186310629,https://doi.org/10.1177/2053951715608655,Close encounters of the conceptual kind: Disambiguating social structure from text,2015,article,Timothy R. Hannigan,Big Data & Society,Kitchin 2014:forward,screened,Exclude,deepseek/deepseek-v4-flash,Exclude
https://openalex.org/W4308914582,https://doi.org/10.1177/01655515221133528,Big data curation framework: Curation actions and challenges,2022,article,Ayoung Yoon,Journal of Information Science,Kitchin 2014:forward,screened,Exclude,deepseek/deepseek-v4-flash,Exclude
https://openalex.org/W3046415125,https://doi.org/10.1177/2056305120940701,The Golden Ratio of Algorithms to Artists? Streaming Services and the Platformization of Creativity in American Television Production,2020,article,Annemarie Navar-Gill,Social Media + Society,Kitchin 2014:forward,screened,Exclude,deepseek/deepseek-v4-flash,Exclude
https://openalex.org/W4402888277,https://doi.org/10.1007/s12525-024-00732-0,"Data sharing practices: The interplay of data, organizational structures, and network dynamics",2024,article,Marcel Fassnacht,Electronic Markets,Kitchin 2014:forward,screened,Exclude,deepseek/deepseek-v4-flash,Exclude
https://openalex.org/W2787089103,https://doi.org/10.1080/17502977.2017.1412108,Intervention and Statebuilding Beyond the Human: From the ‘Black Box’ to the ‘Great Outdoors’,2018,article,David Chandler,Journal of Intervention and Statebuilding,Kitchin 2014:forward,screened,Exclude,deepseek/deepseek-v4-flash,Exclude
https://openalex.org/W3008589762,https://doi.org/10.1177/2053951720908290,The old in the new: Voter surveillance in political clientelism and datafied campaigning,2020,article,Isabel Kusche,Big Data & Society,Kitchin 2014:forward,screened,Exclude,deepseek/deepseek-v4-flash,Exclude
https://openalex.org/W4367316182,https://doi.org/10.1080/1369118x.2023.2205493,"Automating public administration: citizens’ attitudes towards automated decision-making across Estonia, Sweden, and Germany",2023,article,Anne Kaun,Information Communication & Society,Kitchin 2014:forward,screened,Exclude,deepseek/deepseek-v4-flash,Exclude
https://openalex.org/W3200800975,https://doi.org/10.16997/book55.n,Beyond Mechanical Turk: The Work of Brazilians on Global AI Platforms,2021,book-chapter,Rafael Grohmann,University of Westminster Press eBooks,Kitchin 2014:forward,screened,Exclude,deepseek/deepseek-v4-flash,Exclude
https://openalex.org/W4394615542,https://doi.org/10.1007/s00146-024-01898-z,ChatGPT: towards AI subjectivity,2024,article,Kristian D’Amato,AI & Society,Kitchin 2014:forward,screened,Exclude,deepseek/deepseek-v4-flash,Exclude
https://openalex.org/W4206486924,https://doi.org/10.1093/jhuman/huab059,Mapping the Use of Open Source Research in UN Human Rights Investigations,2021,article,Daragh Murray,Journal of Human Rights Practice,Kitchin 2014:forward,screened,Exclude,deepseek/deepseek-v4-flash,Exclude
https://openalex.org/W4379113490,https://doi.org/10.1109/access.2023.3282322,A Secure Big Data Storage Framework Based on Blockchain Consensus Mechanism With Flexible Finality,2023,article,A. Sasikumar,IEEE Access,Kitchin 2014:forward,screened,Exclude,deepseek/deepseek-v4-flash,Exclude
https://openalex.org/W4285131287,https://doi.org/10.1177/20539517221099882,Developing data capability with non-profit organisations using participatory methods,2022,article,Anthony McCosker,Big Data & Society,Kitchin 2014:forward,screened,Exclude,deepseek/deepseek-v4-flash,Exclude
https://openalex.org/W4400657197,https://doi.org/10.1007/s11023-024-09691-z,Scientific Inference with Interpretable Machine Learning: Analyzing Models to Learn About Real-World Phenomena,2024,article,Timo Freiesleben,Minds and Machines,Kitchin 2014:forward,screened,Exclude,deepseek/deepseek-v4-flash,Exclude
https://openalex.org/W4391899153,https://doi.org/10.1038/s41598-024-54440-y,Predicting superconducting transition temperature through advanced machine learning and innovative feature engineering,2024,article,Hassan Gashmard,Scientific Reports,Kitchin 2014:forward,screened,Exclude,deepseek/deepseek-v4-flash,Exclude
https://openalex.org/W4387895560,https://doi.org/10.1177/19427786231208458,"Geographies of artificial intelligence: Labor, surveillance, and activism",2023,article,Margath A. Walker,Human Geography,Kitchin 2014:forward,screened,Maybe,deepseek/deepseek-v4-flash,Maybe
https://openalex.org/W4406707652,https://doi.org/10.1007/s10639-024-13297-4,Redefining computational thinking: A holistic framework and its implications for K-12 education,2025,article,Belén Palop,Education and Information Technologies,Kitchin 2014:forward,screened,Exclude,deepseek/deepseek-v4-flash,Exclude
https://openalex.org/W4405994545,https://doi.org/10.3390/ijgi14010014,Urban Vitality Measurement Through Big Data and Internet of Things Technologies,2025,article,Young-Long Kim,ISPRS International Journal of Geo-Information,Kitchin 2014:forward,screened,Exclude,deepseek/deepseek-v4-flash,Exclude
https://openalex.org/W4385641107,https://doi.org/10.1007/978-3-031-32633-2_2,The Digitalisation of Risk Assessment: Fulfilling the Promises of Prediction?,2023,book-chapter,David Demortain,SpringerBriefs in applied sciences and technology,Kitchin 2014:forward,screened,Exclude,deepseek/deepseek-v4-flash,Exclude
https://openalex.org/W4404106197,https://doi.org/10.1145/3702322,"Prototyping with Uncertainties: Data, Algorithms, and Research through Design",2024,article,Elisa Giaccardi,ACM Transactions on Computer-Human Interaction,Kitchin 2014:forward,screened,Exclude,deepseek/deepseek-v4-flash,Exclude
https://openalex.org/W4410405159,https://doi.org/10.1108/dts-11-2024-0225,How are Industry 4.0 technologies transforming a sustainable society across industries?,2025,article,Wei Zhao,Digital Transformation and Society,Kitchin 2014:forward,screened,Exclude,deepseek/deepseek-v4-flash,Exclude
https://openalex.org/W4401174055,https://doi.org/10.1108/jd-01-2024-0004,“That looks like something I would do”: understanding humanities researchers’ digital hoarding behaviors in digital scholarship,2024,article,Mingxia Jia,Journal of Documentation,Kitchin 2014:forward,screened,Exclude,deepseek/deepseek-v4-flash,Exclude
https://openalex.org/W4393314177,https://doi.org/10.1080/14742837.2024.2331550,Data in movement: the social movement society in the age of datafication,2024,article,Stefanía Milan,Social movement studies,Kitchin 2014:forward,screened,Exclude,deepseek/deepseek-v4-flash,Exclude
https://openalex.org/W4407240996,https://doi.org/10.1016/j.jrt.2025.100112,Research ethics committees as knowledge gatekeepers: The impact of emerging technologies on social science research,2025,article,Anu Masso,Journal of Responsible Technology,Kitchin 2014:forward,screened,Exclude,deepseek/deepseek-v4-flash,Exclude
https://openalex.org/W4411202549,https://doi.org/10.1007/s13347-025-00904-6,The Question of AI and Democracy: Four Categories of AI Governance,2025,article,Sung Jun Han,Philosophy & Technology,Kitchin 2014:forward,screened,Exclude,deepseek/deepseek-v4-flash,Exclude
https://openalex.org/W4416781775,https://doi.org/10.1177/03091325251398858,Digital geographies II: All about AI. What’s old? What’s new? Where to?,2025,article,Sophia Maalsen,Progress in Human Geography,Kitchin 2014:forward,screened,Maybe,deepseek/deepseek-v4-flash,Maybe
https://openalex.org/W4395048160,https://doi.org/10.1080/23299460.2024.2331655,‘We have opened a can of worms’: using collaborative ethnography to advance responsible artificial intelligence innovation,2024,article,Andrés Domínguez Hernández,Journal of Responsible Innovation,Kitchin 2014:forward,screened,Exclude,deepseek/deepseek-v4-flash,Exclude
https://openalex.org/W4411921890,https://doi.org/10.1016/j.infoandorg.2025.100584,"Unpacking AI at work: Data work, knowledge work, and values work",2025,article,Elmira van den Broek,Information and Organization,Kitchin 2014:forward,screened,Exclude,deepseek/deepseek-v4-flash,Exclude
https://openalex.org/W2580986741,https://doi.org/10.1108/jkm-07-2015-0277,Big data and knowledge management: a case of déjà vu or back to the future?,2017,article,Xuemei Tian,Journal of Knowledge Management,Kitchin 2014:forward,screened,Exclude,deepseek/deepseek-v4-flash,Exclude
https://openalex.org/W2273810789,https://doi.org/10.7717/peerj.1728,Familiarity breeds content: assessing bird species popularity with culturomics,2016,article,Ricardo A. Correia,PeerJ,Kitchin 2014:forward,screened,Exclude,deepseek/deepseek-v4-flash,Exclude
https://openalex.org/W2296943568,https://doi.org/10.1177/1350507615592113,"Big data, organizational learning, and sensemaking: Theorizing interpretive challenges under conditions of dynamic complexity",2015,article,Thomas Calvard,Management Learning,Kitchin 2014:forward,screened,Exclude,deepseek/deepseek-v4-flash,Exclude
https://openalex.org/W2559909002,https://doi.org/10.1080/01900692.2016.1242619,E-Government with<i>Big Data Enabled</i>through Smartphone for Public Services: Possibilities and Challenges,2016,article,Muhammad Anshari,International Journal of Public Administration,Kitchin 2014:forward,screened,Exclude,deepseek/deepseek-v4-flash,Exclude
https://openalex.org/W2797338875,https://doi.org/10.1177/2053951718765026,Big–Thick Blending: A method for mixing analytical insights from big and thick data sources,2018,article,Tobias Bornakke Jørgensen,Big Data & Society,Kitchin 2014:forward,screened,Exclude,deepseek/deepseek-v4-flash,Exclude
https://openalex.org/W1532942539,https://doi.org/10.1177/0309132515599625,Quantitative methods I,2015,article,Chris Brunsdon,Progress in Human Geography,Kitchin 2014:forward,screened,Exclude,deepseek/deepseek-v4-flash,Exclude
https://openalex.org/W2273441143,https://doi.org/10.1177/1474904115616629,Trust in numbers? Digital Education Governance and the inspection process,2015,article,Jenny Ozga,European Educational Research Journal,Kitchin 2014:forward,screened,Exclude,deepseek/deepseek-v4-flash,Exclude
https://openalex.org/W1453544075,https://doi.org/10.1016/j.jtrangeo.2015.09.001,Methods for deriving and calibrating privacy-preserving heat maps from mobile sports tracking application data,2015,article,Juha Oksanen,Journal of Transport Geography,Kitchin 2014:forward,screened,Exclude,deepseek/deepseek-v4-flash,Exclude
https://openalex.org/W2511674954,https://doi.org/10.1177/2053951716664747,Can we trust Big Data? Applying philosophy of science to software,2016,article,John Symons,Big Data & Society,Kitchin 2014:forward,screened,Exclude,deepseek/deepseek-v4-flash,Exclude
https://openalex.org/W2403858994,https://doi.org/10.1177/2053951715617783,Educating the smart city: Schooling smart citizens through computational urbanism,2015,article,Ben Williamson,Big Data & Society,Kitchin 2014:forward,screened,Include,deepseek/deepseek-v4-flash,Include
https://openalex.org/W2766542308,https://doi.org/10.1080/14735903.2017.1393038,Looking back and moving forward: 50 years of soil and soil fertility management research in sub-Saharan Africa,2017,article,Bernard Vanlauwe,International Journal of Agricultural Sustainability,Kitchin 2014:forward,screened,Exclude,deepseek/deepseek-v4-flash,Exclude
https://openalex.org/W1480692570,https://doi.org/10.1080/01596306.2015.1039765,The multiple effects of international large-scale assessment on education policy and research,2015,article,Steven Lewis,Discourse Studies in the Cultural Politics of Education,Kitchin 2014:forward,screened,Exclude,deepseek/deepseek-v4-flash,Exclude.
https://openalex.org/W2600290815,https://doi.org/10.1177/2053951717700925,Algorithmic rationality: Epistemology and efficiency in the data sciences,2017,article,Ian Lowrie,Big Data & Society,Kitchin 2014:forward,screened,Exclude,deepseek/deepseek-v4-flash,Exclude
https://openalex.org/W2297442600,https://doi.org/10.1080/17440572.2016.1157480,The ecology of trust among hackers,2016,article,Benoît Dupont,Global Crime,Kitchin 2014:forward,screened,Exclude,deepseek/deepseek-v4-flash,Exclude
https://openalex.org/W2904549823,https://doi.org/10.1177/2053951718816727,Conceptualizations of Big Data and their epistemological claims in healthcare: A discourse analysis,2018,article,Marthe Stevens,Big Data & Society,Kitchin 2014:forward,screened,Exclude,deepseek/deepseek-v4-flash,Exclude
https://openalex.org/W2745649850,https://doi.org/10.1177/1474474017726556,"Unit, vibration, tone: a post-phenomenological method for researching digital interfaces",2017,article,James Ash,Cultural Geographies,Kitchin 2014:forward,screened,Exclude,deepseek/deepseek-v4-flash,Exclude
https://openalex.org/W2588732097,https://doi.org/10.1016/j.sab.2017.02.013,Chemical imaging analysis of the brain with X-ray methods,2017,article,Joanna F. Collingwood,Spectrochimica Acta Part B Atomic Spectroscopy,Kitchin 2014:forward,screened,Exclude,deepseek/deepseek-v4-flash,Exclude
https://openalex.org/W2785839811,https://doi.org/10.1177/2053951718756683,Re-integrating scholarly infrastructure: The ambiguous role of data sharing platforms,2018,article,Jean‐Christophe Plantin,Big Data & Society,Kitchin 2014:forward,screened,Exclude,deepseek/deepseek-v4-flash,Exclude
https://openalex.org/W2619168904,https://doi.org/10.1080/17538947.2017.1330366,Revisiting the death of geography in the era of Big Data: the friction of distance in cyberspace and real space,2017,article,Su Yeon Han,International Journal of Digital Earth,Kitchin 2014:forward,screened,Exclude,deepseek/deepseek-v4-flash,Exclude
https://openalex.org/W2942176569,https://doi.org/10.1177/2055207619845546,Patienthood and participation in the digital era,2019,article,Sonja Erikainen,Digital Health,Kitchin 2014:forward,screened,Exclude,deepseek/deepseek-v4-flash,Exclude
https://openalex.org/W2945537208,https://doi.org/10.1016/j.scitotenv.2019.05.268,Assessing global popularity and threats to Important Bird and Biodiversity Areas using social media data,2019,article,Anna Hausmann,The Science of The Total Environment,Kitchin 2014:forward,screened,Exclude,deepseek/deepseek-v4-flash,Exclude
https://openalex.org/W2977863377,https://doi.org/10.1016/j.marpol.2019.103675,Normalization of maritime accident data using AIS,2019,article,Rolf Johan Bye,Marine Policy,Kitchin 2014:forward,screened,Exclude,deepseek/deepseek-v4-flash,Exclude
https://openalex.org/W2899319217,https://doi.org/10.1177/2053951719836258,Enforcing public data archiving policies in academic publishing: A study of ecology journals,2019,article,Dan Sholler,Big Data & Society,Kitchin 2014:forward,screened,Exclude,deepseek/deepseek-v4-flash,Exclude
https://openalex.org/W2962798063,https://doi.org/10.1177/1461444820912536,Recovering critique in an age of datafication,2020,article,Nick Couldry,New Media & Society,Kitchin 2014:forward,screened,Exclude,deepseek/deepseek-v4-flash,Exclude
https://openalex.org/W2966086012,https://doi.org/10.1177/1470785319865129,The changing role of the marketing researcher in the age of digital technology: Practitioner perspectives on the digitization of marketing research,2019,article,Robert Cluley,International Journal of Market Research,Kitchin 2014:forward,screened,Exclude,deepseek/deepseek-v4-flash,Exclude
https://openalex.org/W2981435834,https://doi.org/10.1109/jstars.2019.2944952,Geospatial Big Data: New Paradigm of Remote Sensing Applications,2019,article,Xingdong Deng,IEEE Journal of Selected Topics in Applied Earth Observations and Remote Sensing,Kitchin 2014:forward,screened,Exclude,deepseek/deepseek-v4-flash,Exclude
https://openalex.org/W2472937649,https://doi.org/10.17645/up.v1i2.645,"Data-Driven Participation: Algorithms, Cities, Citizens, and Corporate Control",2016,article,Matthew Tenney,Urban Planning,Kitchin 2014:forward,screened,Include,deepseek/deepseek-v4-flash,Include
https://openalex.org/W2336803818,https://doi.org/10.1146/annurev-ento-031616-035444,"Ecoinformatics (Big Data) for Agricultural Entomology: Pitfalls, Progress, and Promise",2016,article,Jay A. Rosenheim,Annual Review of Entomology,Kitchin 2014:forward,screened,Exclude,deepseek/deepseek-v4-flash,Exclude
https://openalex.org/W3045024164,https://doi.org/10.1177/2053951720942539,The price of certainty: How the politics of pandemic data demand an ethics of care,2020,article,Linnet Taylor,Big Data & Society,Kitchin 2014:forward,screened,Exclude,deepseek/deepseek-v4-flash,Exclude
https://openalex.org/W3004690350,https://doi.org/10.1080/13510347.2020.1714595,"Scraping the demos. Digitalization, web scraping and the democratic project",2020,article,Lena Ulbricht,Democratization,Kitchin 2014:forward,screened,Maybe,deepseek/deepseek-v4-flash,Maybe
https://openalex.org/W2766611315,https://doi.org/10.1002/lob.10213,Integrating “Big Data” into Aquatic Ecology: Challenges and Opportunities,2017,article,Jennifer M. Durden,Limnology and Oceanography Bulletin,Kitchin 2014:forward,screened,Exclude,deepseek/deepseek-v4-flash,Exclude
https://openalex.org/W2624017099,https://doi.org/10.1177/0309132517711779,Digital methods I,2017,article,Agnieszka Leszczynski,Progress in Human Geography,Kitchin 2014:forward,screened,Exclude,deepseek/deepseek-v4-flash,Exclude
https://openalex.org/W3014879164,https://doi.org/10.1038/s41598-020-62484-z,Multi-resolution convolutional neural networks for inverse problems,2020,article,Feng Wang,Scientific Reports,Kitchin 2014:forward,screened,Exclude,deepseek/deepseek-v4-flash,Exclude```
https://openalex.org/W2900938030,https://doi.org/10.1177/2053951718811843,The limits of computation: A philosophical critique of contemporary Big Data research,2018,article,Petter Törnberg,Big Data & Society,Kitchin 2014:forward,screened,Exclude,deepseek/deepseek-v4-flash,Exclude
https://openalex.org/W2732129506,https://doi.org/10.1111/jse.12270,"Developing integrative systematics in the informatics and genomic era, and calling for a global Biodiversity Cyberbank",2017,article,Jun Wen,Journal of Systematics and Evolution,Kitchin 2014:forward,screened,Exclude,deepseek/deepseek-v4-flash,Exclude
https://openalex.org/W2567028799,https://doi.org/10.1111/soc4.12436,The big data divide and its consequences,2016,article,Matthew T. McCarthy,Sociology Compass,Kitchin 2014:forward,screened,Exclude,deepseek/deepseek-v4-flash,Exclude
https://openalex.org/W2999359281,https://doi.org/10.1186/s40537-019-0280-6,Data science: developing theoretical contributions in information systems via text analytics,2020,article,Aya Rizk,Journal Of Big Data,Kitchin 2014:forward,screened,Exclude,deepseek/deepseek-v4-flash,Exclude
https://openalex.org/W2584556509,https://doi.org/10.1162/glep_a_00401,Sensing Reality? New Monitoring Technologies for Global Sustainability Standards,2017,article,Fred Gale,Global Environmental Politics,Kitchin 2014:forward,screened,Exclude,deepseek/deepseek-v4-flash,Exclude
https://openalex.org/W2969364993,https://doi.org/10.1177/1461444819868686,Affective economy of national-populist images: Investigating national and transnational online networks through visual big data,2019,article,Jenni Hokka,New Media & Society,Kitchin 2014:forward,screened,Exclude,deepseek/deepseek-v4-flash,Exclude
https://openalex.org/W3084090043,https://doi.org/10.3390/su12208605,Public Participation in Smart-City Governance: A Qualitative Content Analysis of Public Comments in Urban China,2020,article,Zhe Gao,Sustainability,Kitchin 2014:forward,screened,Exclude,deepseek/deepseek-v4-flash,Exclude
https://openalex.org/W3011255438,https://doi.org/10.1080/13658816.2020.1737701,A spatio-temporal method for crime prediction using historical crime data and transitional zones identified from nightlight imagery,2020,article,Bo Yang,International Journal of Geographical Information Systems,Kitchin 2014:forward,screened,Include,deepseek/deepseek-v4-flash,Include
https://openalex.org/W2735352942,https://doi.org/10.4324/9781351182409-17,"Reframing, reimagining and remaking smart cities",2018,book-chapter,Rob Kitchin,,Kitchin 2014:forward,screened,Include,deepseek/deepseek-v4-flash,Include
https://openalex.org/W2616172597,https://doi.org/10.1021/acs.jafc.7b00093,Identification and Validation of Sensory-Active Compounds from Data-Driven Research: A Flavoromics Approach,2017,article,Ian Ronningen,Journal of Agricultural and Food Chemistry,Kitchin 2014:forward,screened,Exclude,deepseek/deepseek-v4-flash,Exclude
https://openalex.org/W2937175641,https://doi.org/10.1353/pla.2019.0025,"""Just Because You Can Doesn't Mean You Should"": Practitioner Perceptions of Learning Analytics Ethics",2019,article,Kyle M. L. Jones,portal Libraries and the Academy,Kitchin 2014:forward,screened,Exclude,deepseek/deepseek-v4-flash,Exclude
https://openalex.org/W2980440809,https://doi.org/10.1080/1047840x.2019.1693866,Causal Inference in Generalizable Environments: Systematic Representative Design,2019,article,Lynn C. Miller,Psychological Inquiry,Kitchin 2014:forward,screened,Exclude,deepseek/deepseek-v4-flash,Exclude
https://openalex.org/W3010709591,https://doi.org/10.1002/per.2254,The Personality Panorama: Conceptualizing Personality through Big Behavioural Data,2020,article,Ryan L. Boyd,European Journal of Personality,Kitchin 2014:forward,screened,Exclude,deepseek/deepseek-v4-flash,Exclude
https://openalex.org/W3092100374,https://doi.org/10.1186/s41239-020-00217-y,Impact of using learning analytics in asynchronous online discussions in higher education,2020,article,Juan Pedro Cerro Martínez,International Journal of Educational Technology in Higher Education,Kitchin 2014:forward,screened,Exclude,deepseek/deepseek-v4-flash,Exclude
https://openalex.org/W2811106955,https://doi.org/10.1177/0002764218792701,Toward a Posthumanist Ethics of Qualitative Research in a Big Data Era,2018,article,Natasha S. Mauthner,American Behavioral Scientist,Kitchin 2014:forward,screened,Exclude,deepseek/deepseek-v4-flash,Exclude
https://openalex.org/W2971893306,https://doi.org/10.1080/14649357.2019.1651997,"Planning, Land and Housing in the Digital Data Revolution/The Politics of Digital Transformations of Housing/Digital Innovations, PropTech and Housing – the View from Melbourne/Digital Housing and Renters: Disrupting the Australian Rental Bond System and Tenant Advocacy/Prospects for an Intelligent Planning System/What are the Prospects for a Politically Intelligent Planning System?",2019,article,Libby Porter,Planning Theory & Practice,Kitchin 2014:forward,screened,Include,deepseek/deepseek-v4-flash,Include
https://openalex.org/W3006338453,https://doi.org/10.1080/00934690.2020.1714307,Big Archaeology: Horizons and Blindspots,2020,article,Parker VanValkenburgh,Journal of Field Archaeology,Kitchin 2014:forward,screened,Exclude,deepseek/deepseek-v4-flash,Exclude
https://openalex.org/W3020671712,https://doi.org/10.1108/tg-09-2019-0088,Social media in aid of post disaster management,2020,article,Ajree Ducol Malawani,Transforming Government People Process and Policy,Kitchin 2014:forward,screened,Exclude,deepseek/deepseek-v4-flash,Exclude
https://openalex.org/W2767204219,https://doi.org/10.1080/20479700.2017.1397340,Transformation of healthcare big data through the lens of actor network theory,2017,article,Tiko Iyamu,International Journal of Healthcare Management,Kitchin 2014:forward,screened,Exclude,deepseek/deepseek-v4-flash,Exclude
https://openalex.org/W2963982939,https://doi.org/10.1177/2053951719862594,"Negotiating the reuse of health-data: Research, Big Data, and the European General Data Protection Regulation",2019,article,Johannes Starkbaum,Big Data & Society,Kitchin 2014:forward,screened,Exclude,deepseek/deepseek-v4-flash,Exclude
https://openalex.org/W2979625298,https://doi.org/10.1177/1477370819877753,Environmental criminology in the big data era,2019,article,Thom Snaphaan,European Journal of Criminology,Kitchin 2014:forward,screened,Exclude,deepseek/deepseek-v4-flash,Exclude
https://openalex.org/W3117260919,https://doi.org/10.1111/jep.13528,For a critical appraisal of artificial intelligence in healthcare: The problem of bias in <scp>mHealth</scp>,2020,article,Nicolas Brault,Journal of Evaluation in Clinical Practice,Kitchin 2014:forward,screened,Exclude,deepseek/deepseek-v4-flash,Exclude
https://openalex.org/W3020525923,https://doi.org/10.3390/rs12081309,"Multitemporal 2016-2018 Sentinel-2 Data Enhancement for Landscape Archaeology: The Case Study of the Foggia Province, Southern Italy",2020,article,Nicodemo Abate,Remote Sensing,Kitchin 2014:forward,screened,Exclude,deepseek/deepseek-v4-flash,Exclude
https://openalex.org/W2739457626,https://doi.org/10.1177/1354856517700854,Television by the numbers: The challenges of audience measurement in the age of Big Data,2017,article,JP Kelly,Convergence The International Journal of Research into New Media Technologies,Kitchin 2014:forward,screened,Exclude,deepseek/deepseek-v4-flash,Exclude
https://openalex.org/W2942506879,https://doi.org/10.1080/03066150.2019.1602522,"The digital revolution, data curation, and the new dynamics of food sovereignty construction",2019,article,Alistair Fraser,The Journal of Peasant Studies,Kitchin 2014:forward,screened,Exclude,deepseek/deepseek-v4-flash,Exclude
https://openalex.org/W3130959762,https://doi.org/10.1080/02723638.2021.1887634,"Policing the future, disrupting urban policy today. Predictive policing, smart city, and urban policy in Memphis (TN)",2021,article,Simone Tulumello,Urban Geography,Kitchin 2014:forward,screened,Include,deepseek/deepseek-v4-flash,Include
https://openalex.org/W3014633311,https://doi.org/10.1177/2053951720914650,‘Happy failures’: Experimentation with behaviour-based personalisation in car insurance,2020,article,Gert Meyers,Big Data & Society,Kitchin 2014:forward,screened,Exclude,deepseek/deepseek-v4-flash,Exclude
https://openalex.org/W2969935958,https://doi.org/10.1177/2399808319863810,Exploring the influence of road network structure on the spatial behaviour of cyclists using crowdsourced data,2019,article,Daniel Orellana,Environment and Planning B Urban Analytics and City Science,Kitchin 2014:forward,screened,Exclude,deepseek/deepseek-v4-flash,Exclude
https://openalex.org/W2522287470,https://doi.org/10.1093/bjc/azw059,Making Sense of Big Data for Security,2016,article,Janet Chan,The British Journal of Criminology,Kitchin 2014:forward,screened,Include,deepseek/deepseek-v4-flash,Include
https://openalex.org/W2933036409,https://doi.org/10.1108/ijrdm-01-2018-0025,Buy online collect in-store: exploring grocery click&amp;collect using a national case study,2019,article,A.M. Davies,International Journal of Retail & Distribution Management,Kitchin 2014:forward,screened,Exclude,deepseek/deepseek-v4-flash,Exclude
https://openalex.org/W3083612208,https://doi.org/10.1177/1461444820914865,"Doing time, the smart way? Temporalities of the smart prison",2020,article,Anne Kaun,New Media & Society,Kitchin 2014:forward,screened,Include,deepseek/deepseek-v4-flash,Include
https://openalex.org/W2741860375,https://doi.org/10.1108/prog-02-2016-0015,Using Twitter sentiment and emotions analysis of Google Trends for decisions making,2017,article,Ernesto D’Avanzo,Program electronic library and information systems,Kitchin 2014:forward,screened,Exclude,deepseek/deepseek-v4-flash,Exclude
https://openalex.org/W3002138107,https://doi.org/10.1080/24694452.2019.1696664,Social Media Big Data Acquisition and Analysis for Qualitative GIScience: Challenges and Opportunities,2020,article,Michael Martin,Annals of the American Association of Geographers,Kitchin 2014:forward,screened,Exclude,deepseek/deepseek-v4-flash,Exclude
https://openalex.org/W3034721641,https://doi.org/10.1080/10438599.2020.1769810,Start-ups survival through a crisis. Combining machine learning with econometrics to measure innovation,2020,article,Marco Guerzoni,Economics of Innovation and New Technology,Kitchin 2014:forward,screened,Exclude,deepseek/deepseek-v4-flash,Exclude
https://openalex.org/W2951987814,https://doi.org/10.1371/journal.pone.0213013,Reproducible big data science: A case study in continuous FAIRness,2019,article,Ravi Madduri,PLoS ONE,Kitchin 2014:forward,screened,Exclude,deepseek/deepseek-v4-flash,Exclude
https://openalex.org/W2522953147,https://doi.org/10.1177/2053951716637885,Property regimes and the commodification of geographic information: An examination of Google Street View,2016,article,Luis F. Alvarez León,Big Data & Society,Kitchin 2014:forward,screened,Exclude,deepseek/deepseek-v4-flash,Exclude
https://openalex.org/W3082164764,https://doi.org/10.3390/su12177075,"Comparing Human Activity Density and Green Space Supply Using the Baidu Heat Map in Zhengzhou, China",2020,article,Shumei Zhang,Sustainability,Kitchin 2014:forward,screened,Exclude,deepseek/deepseek-v4-flash,Exclude
https://openalex.org/W2314869551,https://doi.org/10.1177/0263775815624561,Introduction: The politics of the list,2016,article,Marieke de Goede,Environment and Planning D Society and Space,Kitchin 2014:forward,screened,Maybe,deepseek/deepseek-v4-flash,Maybe
https://openalex.org/W3006368505,https://doi.org/10.1080/1369118x.2020.1726986,The logic of the surface: on the epistemology of algorithms in times of big data,2020,article,Susanne Krasmann,Information Communication & Society,Kitchin 2014:forward,screened,Maybe,deepseek/deepseek-v4-flash,Maybe
https://openalex.org/W2988730351,https://doi.org/10.1177/1468794119885040,Where’s the database in digital ethnography? Exploring database ethnography for open data research,2019,article,Ryan Burns,Qualitative Research,Kitchin 2014:forward,screened,Include,deepseek/deepseek-v4-flash,Include
https://openalex.org/W3152711643,https://doi.org/10.1177/14749041211007496,New shadow professionals and infrastructures around the datafied school: Topological thinking as an analytical device,2021,article,Steven Lewis,European Educational Research Journal,Kitchin 2014:forward,screened,Exclude,deepseek/deepseek-v4-flash,Exclude
https://openalex.org/W2975431103,https://doi.org/10.1017/eis.2019.18,Composting and computing: On digital security compositions,2019,article,Rocco Bellanova,European Journal of International Security,Kitchin 2014:forward,screened,Exclude,deepseek/deepseek-v4-flash,Exclude
https://openalex.org/W2496184369,https://doi.org/10.1002/poi3.127,Soft Data and Public Policy: Can Social Media Offer Alternatives to Official Statistics in Urban Policymaking?,2016,article,Marta Severo,Policy & Internet,Kitchin 2014:forward,screened,Exclude,deepseek/deepseek-v4-flash,Exclude
https://openalex.org/W4200516055,https://doi.org/10.1007/s43681-021-00117-5,AI audits for assessing design logics and building ethical systems: the case of predictive policing algorithms,2021,article,Pamela Ugwudike,AI and Ethics,Kitchin 2014:forward,screened,Include,deepseek/deepseek-v4-flash,Include
https://openalex.org/W3039532902,https://doi.org/10.1017/s0003975620000089,"Insurance, Big Data and Changing Conceptions of Fairness",2020,article,Laurence Barry,European Journal of Sociology,Kitchin 2014:forward,screened,Exclude,deepseek/deepseek-v4-flash,Exclude
https://openalex.org/W3046225563,https://doi.org/10.1016/j.ijinfomgt.2020.102208,Stewardship of personal data on social networking sites,2020,article,Spyros Angelopoulos,International Journal of Information Management,Kitchin 2014:forward,screened,Exclude,deepseek/deepseek-v4-flash,Exclude
https://openalex.org/W3162323686,https://doi.org/10.1177/05390184211012179,Is digitalization a problem solver or a fire accelerator? Situating digital technologies in sustainability discourses,2021,article,Sarah Lenz,Social Science Information,Kitchin 2014:forward,screened,Exclude,deepseek/deepseek-v4-flash,Exclude
https://openalex.org/W2598288896,https://doi.org/10.1080/1369118x.2017.1291701,Analytics in action: users and predictive data in the neonatal intensive care unit,2017,article,Claire Maiers,Information Communication & Society,Kitchin 2014:forward,screened,Exclude,deepseek/deepseek-v4-flash,Exclude
https://openalex.org/W2820732084,https://doi.org/10.1007/s12124-018-9447-5,Science as a Vocation in the Era of Big Data: the Philosophy of Science behind Big Data and humanity’s Continued Part in Science,2018,article,Henrik Skaug Sætra,Integrative Psychological and Behavioral Science,Kitchin 2014:forward,screened,Exclude,deepseek/deepseek-v4-flash,Exclude.
https://openalex.org/W2784935047,https://doi.org/10.1177/1742766518776688,"Algorithms, ontology, and social progress",2018,article,Andrew Iliadis,Global Media and Communication,Kitchin 2014:forward,screened,Exclude,deepseek/deepseek-v4-flash,Exclude
https://openalex.org/W2810686337,https://doi.org/10.1080/08111146.2018.1476230,The Rise of Shared Work Spaces: A Disruption to Urban Planning Policy?,2018,article,Courtney Babb,Urban Policy and Research,Kitchin 2014:forward,screened,Exclude,deepseek/deepseek-v4-flash,Exclude
https://openalex.org/W2793879889,https://doi.org/10.1177/0269758017752410,Media discourses surrounding ‘non-ideal’ victims: The case of the Ashley Madison data breach,2018,article,Cassandra Cross,International Review of Victimology,Kitchin 2014:forward,screened,Exclude,deepseek/deepseek-v4-flash,Exclude
https://openalex.org/W2904514067,https://doi.org/10.1080/1369118x.2018.1555610,Generalizing from social media data: a formal theory approach,2018,article,Jenny L. Davis,Information Communication & Society,Kitchin 2014:forward,screened,Exclude,deepseek/deepseek-v4-flash,Exclude
https://openalex.org/W2896794524,https://doi.org/10.1080/10410236.2018.1536955,"Big Data, Computational Social Science, and Health Communication: A Review and Agenda for Advancing Theory",2018,article,Stephen A. Rains,Health Communication,Kitchin 2014:forward,screened,Exclude,deepseek/deepseek-v4-flash,Exclude
https://openalex.org/W3204857339,https://doi.org/10.1177/20539517211047725,For a heterodox computational social science,2021,article,Petter Törnberg,Big Data & Society,Kitchin 2014:forward,screened,Exclude,deepseek/deepseek-v4-flash,Exclude
https://openalex.org/W2908595344,https://doi.org/10.17351/ests2020.341,Labor Out of Place: On the Varieties and Valences of (In)visible Labor in Data-Intensive Science,2020,article,Michael Scroggins,Engaging Science Technology and Society,Kitchin 2014:forward,screened,Exclude,deepseek/deepseek-v4-flash,Exclude
https://openalex.org/W2980250686,https://doi.org/10.1108/er-06-2018-0159,Big data: lessons for employers and employees,2020,article,Debora Jeske,Employee Relations,Kitchin 2014:forward,screened,Exclude,deepseek/deepseek-v4-flash,Exclude
https://openalex.org/W3080804500,https://doi.org/10.1108/ijoa-05-2020-2222,A study of job involvement prediction using machine learning technique,2020,article,Youngkeun Choi,International journal of organizational analysis,Kitchin 2014:forward,screened,Exclude,deepseek/deepseek-v4-flash,Exclude
https://openalex.org/W2912904513,https://doi.org/10.1177/2053951718823815,Conceptual frameworks for social and cultural Big Data analytics: Answering the epistemological challenge,2019,article,Lucy Resnyansky,Big Data & Society,Kitchin 2014:forward,screened,Exclude,deepseek/deepseek-v4-flash,Exclude
https://openalex.org/W3137762527,https://doi.org/10.1016/j.giq.2021.101578,A big data state of mind: Epistemological challenges to accountability and transparency in data-driven regulation,2021,article,Shirley Kempeneer,Government Information Quarterly,Kitchin 2014:forward,screened,Exclude,deepseek/deepseek-v4-flash,Exclude
https://openalex.org/W3015014057,https://doi.org/10.5860/crl.81.3.570,"A Comprehensive Primer to Library Learning Analytics Practices, Initiatives, and Privacy Issues",2020,article,Kyle M. L. Jones,College & Research Libraries,Kitchin 2014:forward,screened,Exclude,deepseek/deepseek-v4-flash,Exclude
https://openalex.org/W2609090635,https://doi.org/10.1186/s12889-017-4286-8,Promise and pitfalls in the application of big data to occupational and environmental health,2017,article,David M. Stieb,BMC Public Health,Kitchin 2014:forward,screened,Exclude,deepseek/deepseek-v4-flash,Exclude
https://openalex.org/W3182024851,https://doi.org/10.1016/j.apgeog.2021.102505,Mapping the online songbird trade in Indonesia,2021,article,Christoph Fink,Applied Geography,Kitchin 2014:forward,screened,Exclude,deepseek/deepseek-v4-flash,Exclude
https://openalex.org/W3092329555,https://doi.org/10.1080/00167428.2020.1832424,GEOGRAPHY IN THE BIG DATA AGE: AN OVERVIEW OF THE HISTORICAL RESONANCE OF CURRENT DEBATES,2020,article,Daniela Ferreira,Geographical Review,Kitchin 2014:forward,screened,Exclude,deepseek/deepseek-v4-flash,Exclude
https://openalex.org/W2558897237,https://doi.org/10.1177/2158244016678912,Opportunities From the Digital Revolution,2016,article,Louise Corti,SAGE Open,Kitchin 2014:forward,screened,Exclude,deepseek/deepseek-v4-flash,Exclude
https://openalex.org/W3008795433,https://doi.org/10.3389/fcomm.2020.00011,Toward Data Sense-Making in Digital Health Communication Research: Why Theory Matters in the Age of Big Data,2020,article,Edmund W. J. Lee,Frontiers in Communication,Kitchin 2014:forward,screened,Exclude,deepseek/deepseek-v4-flash,Exclude
https://openalex.org/W3090533394,https://doi.org/10.3389/fdata.2020.00031,Big Data and the Little Big Bang: An Epistemological (R)evolution,2020,article,Dominik Balazka,Frontiers in Big Data,Kitchin 2014:forward,screened,Exclude,deepseek/deepseek-v4-flash,Exclude
https://openalex.org/W2996468051,https://doi.org/10.1177/2056305120903856,Platformed Interactions: How Social Media Platforms Relate to Candidate–Constituent Interaction During Finnish 2015 Election Campaigning,2020,article,Matti Nelimarkka,Social Media + Society,Kitchin 2014:forward,screened,Exclude,deepseek/deepseek-v4-flash,Exclude
https://openalex.org/W3040040721,https://doi.org/10.1007/s11948-020-00240-2,"Correcting the Brain? The Convergence of Neuroscience, Neurotechnology, Psychiatry, and Artificial Intelligence",2020,article,Stephen Rainey,Science and Engineering Ethics,Kitchin 2014:forward,screened,Exclude,deepseek/deepseek-v4-flash,Exclude
https://openalex.org/W3089093063,https://doi.org/10.1007/s40860-020-00111-4,Location-aware systems or location-based services: a survey with applications to CoViD-19 contact tracking,2020,article,Hedda R. Schmidtke,Journal of Reliable Intelligent Environments,Kitchin 2014:forward,screened,Exclude,deepseek/deepseek-v4-flash,Exclude
https://openalex.org/W2793053696,https://doi.org/10.1177/2053951718768831,The locus of legitimate interpretation in Big Data sciences: Lessons for computational social science from -omic biology and high-energy physics,2018,article,Andrew Bartlett,Big Data & Society,Kitchin 2014:forward,screened,Exclude,deepseek/deepseek-v4-flash,Exclude
https://openalex.org/W4293084310,https://doi.org/10.1177/14614448221099217,Toward a political economy of synthetic data: A data-intensive capitalism that is not a surveillance capitalism?,2022,article,James Steinhoff,New Media & Society,Kitchin 2014:forward,screened,Exclude,deepseek/deepseek-v4-flash,Exclude
https://openalex.org/W2985613688,https://doi.org/10.1177/0047287519884657,Introducing News Media Sentiment Analytics to Residents’ Attitudes Research,2019,article,Jin‐Xing Hao,Journal of Travel Research,Kitchin 2014:forward,screened,Exclude,deepseek/deepseek-v4-flash,Exclude
https://openalex.org/W2266651347,https://doi.org/10.1080/14649365.2015.1126628,Boundary spanning in social and cultural geography,2016,article,Heike Jöns,Social & Cultural Geography,Kitchin 2014:forward,screened,Exclude,deepseek/deepseek-v4-flash,Exclude
https://openalex.org/W2924709600,https://doi.org/10.1016/j.ejor.2019.03.027,Developing a smart operational research with hybrid practice theories,2019,article,Katharina Bürger,European Journal of Operational Research,Kitchin 2014:forward,screened,Exclude,deepseek/deepseek-v4-flash,Exclude
https://openalex.org/W3036512669,https://doi.org/10.1177/2053951720933924,Disambiguating the benefits and risks from public health data in the digital economy,2020,article,Sarah Cheung,Big Data & Society,Kitchin 2014:forward,screened,Exclude,deepseek/deepseek-v4-flash,Exclude
https://openalex.org/W2941853769,https://doi.org/10.1177/1461444819837715,"Pics, Dicks, Tits, and Tats: negotiating ethics working with images of bodies in social media research",2019,article,Katie Warfield,New Media & Society,Kitchin 2014:forward,screened,Exclude,deepseek/deepseek-v4-flash,Exclude
https://openalex.org/W2950564310,https://doi.org/10.1080/07421222.2019.1598692,Quality Assessment of Peer-Produced Content in Knowledge Repositories using Development and Coordination Activities,2019,article,Srikar Velichety,Journal of Management Information Systems,Kitchin 2014:forward,screened,Exclude,deepseek/deepseek-v4-flash,Exclude
https://openalex.org/W2580591509,https://doi.org/10.1111/cag.12338,Can big data tame a “naughty” world?,2017,article,Jennifer Salmond,Canadian Geographies / Géographies canadiennes,Kitchin 2014:forward,screened,Exclude,deepseek/deepseek-v4-flash,Exclude
https://openalex.org/W2955883012,https://doi.org/10.1111/1440-1703.12023,Perspectives on biodiversity informatics for ecology,2019,article,Takeshi Osawa,Ecological Research,Kitchin 2014:forward,screened,Exclude,deepseek/deepseek-v4-flash,Exclude
https://openalex.org/W2766991892,https://doi.org/10.1086/693516,A Feeling for the Algorithm: Working Knowledge and Big Data in Biology,2017,article,Hallam Stevens,Osiris,Kitchin 2014:forward,screened,Exclude,deepseek/deepseek-v4-flash,Exclude
https://openalex.org/W4283017828,https://doi.org/10.5334/ijic.5543,How can Big Data Analytics Support People-Centred and Integrated Health Services: A Scoping Review,2022,article,Timo Schulte,International Journal of Integrated Care,Kitchin 2014:forward,screened,Exclude,deepseek/deepseek-v4-flash,Exclude
https://openalex.org/W3138457837,https://doi.org/10.1177/2053951721996036,Data diaries: A situated approach to the study of data,2021,article,Nathaniel Tkacz,Big Data & Society,Kitchin 2014:forward,screened,Exclude,deepseek/deepseek-v4-flash,Exclude
https://openalex.org/W4393011488,https://doi.org/10.30574/wjbphs.2024.17.3.0133,The role of big data in healthcare: A review of implications for patient outcomes and treatment personalization,2024,article,Ehizogie Paul Adeghe,World Journal of Biology Pharmacy and Health Sciences,Kitchin 2014:forward,screened,Exclude,deepseek/deepseek-v4-flash,Exclude
https://openalex.org/W2742454527,https://doi.org/10.1017/aju.2017.51,"“Taking on the Technicalities” of International Law – Practice, Description, Critique: A Response to Fleur Johns",2017,article,Gavin Brent Sullivan,AJIL Unbound,Kitchin 2014:forward,screened,Exclude,deepseek/deepseek-v4-flash,Exclude
https://openalex.org/W2889818197,https://doi.org/10.5194/jsss-7-489-2018,DAV&amp;lt;sup&amp;gt;3&amp;lt;/sup&amp;gt;E – a MATLAB toolbox for multivariate sensor data evaluation,2018,article,Manuel Bastuck,Journal of sensors and sensor systems,Kitchin 2014:forward,screened,Exclude,deepseek/deepseek-v4-flash,Exclude.
https://openalex.org/W2782113157,https://doi.org/10.1080/24694452.2017.1402673,Datafying Disaster: Institutional Framings of Data Production Following Superstorm Sandy,2018,article,Ryan Burns,Annals of the American Association of Geographers,Kitchin 2014:forward,screened,Maybe,deepseek/deepseek-v4-flash,Maybe
https://openalex.org/W2908507857,https://doi.org/10.17646/kome.2018.23,The Mediated Data Model of Communication Flow: Big Data and Data Journalism,2018,article,Andreas Veglis,KOME,Kitchin 2014:forward,screened,Exclude,deepseek/deepseek-v4-flash,Exclude
https://openalex.org/W3024417132,https://doi.org/10.1080/01426397.2020.1749250,Describing and mapping where people experience tranquillity. An exploration based on interviews and Flickr photographs,2020,article,Flurina M. Wartmann,Landscape Research,Kitchin 2014:forward,screened,Exclude,deepseek/deepseek-v4-flash,Exclude
https://openalex.org/W2921810070,https://doi.org/10.1017/s2071832200022288,A Posthuman Data Subject? The Right to Be Forgotten and Beyond,2017,article,Jannice Käll,German Law Journal,Kitchin 2014:forward,screened,Exclude,deepseek/deepseek-v4-flash,Exclude
https://openalex.org/W4293060112,https://doi.org/10.24434/j.scoms.2022.01.3064,The sociotechnical walkthrough – a methodological approach for platform studies,2022,article,Jasmin Troeger,Studies in Communication Sciences,Kitchin 2014:forward,screened,Exclude,deepseek/deepseek-v4-flash,Exclude
https://openalex.org/W3110820996,https://doi.org/10.3390/soc10040097,"Better Decisions for Children with “Big Data”: Can Algorithms Promote Fairness, Transparency and Parental Engagement?",2020,article,Beth Coulthard,Societies,Kitchin 2014:forward,screened,Exclude,deepseek/deepseek-v4-flash,Exclude.
https://openalex.org/W4223579066,https://doi.org/10.1080/1362704x.2022.2048527,The Datafication and Quantification of Fashion: The Case of Fashion Influencers,2022,article,Agnès Rocamora,Fashion Theory,Kitchin 2014:forward,screened,Exclude,deepseek/deepseek-v4-flash,Exclude
https://openalex.org/W3138176867,https://doi.org/10.1111/1467-9655.13480,The datafication of nature: data formations and new scales in natural history,2021,article,Tahani Nadim,Journal of the Royal Anthropological Institute,Kitchin 2014:forward,screened,Exclude,deepseek/deepseek-v4-flash,Exclude
https://openalex.org/W4224087454,https://doi.org/10.1080/25741292.2022.2065065,Designing data governance in Brazil: an institutional analysis,2022,article,Fernando Filgueiras,Policy Design and Practice,Kitchin 2014:forward,screened,Exclude,deepseek/deepseek-v4-flash,Exclude
https://openalex.org/W3192952649,https://doi.org/10.1111/tesg.12480,Geographical Network Analysis,2021,article,Justus Uitermark,Tijdschrift voor Economische en Sociale Geografie,Kitchin 2014:forward,screened,Exclude,deepseek/deepseek-v4-flash,Exclude
https://openalex.org/W2796906304,https://doi.org/10.4102/sajim.v20i1.894,Integration of social media with healthcare big data for improved service delivery,2018,article,Sibulela Mgudlwa,South African journal of information management,Kitchin 2014:forward,screened,Exclude,deepseek/deepseek-v4-flash,Exclude
https://openalex.org/W3047981864,https://doi.org/10.1029/2020jf005588,"Beyond x,y,z(t); Navigating New Landscapes of Science in the Science of Landscapes",2020,article,Michèle Koppes,Journal of Geophysical Research Earth Surface,Kitchin 2014:forward,screened,Exclude,deepseek/deepseek-v4-flash,Exclude
https://openalex.org/W4223970548,https://doi.org/10.1080/01426397.2022.2060953,Social media for landscape planning and design: a review and discussion,2022,article,Shujuan Li,Landscape Research,Kitchin 2014:forward,screened,Exclude,deepseek/deepseek-v4-flash,Exclude
https://openalex.org/W3125794026,https://doi.org/10.1007/978-3-030-54936-7_3,The Potential of Automated Text Analytics in Social Knowledge Building,2021,book-chapter,Renáta Németh,Computational social sciences,Kitchin 2014:forward,screened,Exclude,deepseek/deepseek-v4-flash,Exclude
https://openalex.org/W2231446216,https://doi.org/10.1017/s0892679415000362,Big Data and International Relations,2015,article,Andrej Zwitter,Ethics & International Affairs,Kitchin 2014:forward,screened,Include,deepseek/deepseek-v4-flash,Include
https://openalex.org/W4225492311,https://doi.org/10.1145/3512905,How Domain Experts Work with Data: Situating Data Science in the Practices and Settings of Craftwork,2022,article,Ju Yeon Jung,Proceedings of the ACM on Human-Computer Interaction,Kitchin 2014:forward,screened,Exclude,deepseek/deepseek-v4-flash,Exclude
https://openalex.org/W4367624366,https://doi.org/10.1007/s10460-023-10453-3,"Tackling land’s ‘stubborn materiality’: the interplay of imaginaries, data and digital technologies within farmland assetization",2023,article,Sarah Ruth Sippel,Agriculture and Human Values,Kitchin 2014:forward,screened,Exclude,deepseek/deepseek-v4-flash,Exclude
https://openalex.org/W2168395831,https://doi.org/10.1145/2693208.2693228,Modern Enterprises in the Bubble,2015,article,Enrico G. Caldarola,ACM SIGSOFT Software Engineering Notes,Kitchin 2014:forward,screened,Exclude,deepseek/deepseek-v4-flash,Exclude
https://openalex.org/W2745368481,https://doi.org/10.1177/1362480617733726,Place and time in the Criminology of Place,2017,article,Jon Bannister,Theoretical Criminology,Kitchin 2014:forward,screened,Exclude,deepseek/deepseek-v4-flash,Exclude
https://openalex.org/W2898699930,https://doi.org/10.1111/tgis.12483,Big data‐enabled social sensing in spatial analysis: Potentials and pitfalls,2018,article,Chuan Liao,Transactions in GIS,Kitchin 2014:forward,screened,Exclude,deepseek/deepseek-v4-flash,Exclude
https://openalex.org/W4200125334,https://doi.org/10.1111/ijsa.12363,Using machine learning to model trace behavioral data from a game‐based assessment,2021,article,Elena M. Auer,International Journal of Selection and Assessment,Kitchin 2014:forward,screened,Exclude,deepseek/deepseek-v4-flash,Exclude
https://openalex.org/W4280577297,https://doi.org/10.1016/j.esg.2022.100140,"Architecture, agency and ocean data science initiatives: Data-driven transformation of oceans governance",2022,article,Lauren Drakopulos,Earth System Governance,Kitchin 2014:forward,screened,Exclude,deepseek/deepseek-v4-flash,Exclude
https://openalex.org/W2521408878,https://doi.org/10.1162/lmj_a_00962,From Music to Big Music: Listening in the Age of Big Data,2016,article,Marinos Koutsomichalis,Leonardo Music Journal,Kitchin 2014:forward,screened,Exclude,deepseek/deepseek-v4-flash,Exclude
https://openalex.org/W2779717528,https://doi.org/10.1021/acs.jafc.7b04450,Identification of Aging-Associated Food Quality Changes in Citrus Products Using Untargeted Chemical Profiling,2017,article,Ian Ronningen,Journal of Agricultural and Food Chemistry,Kitchin 2014:forward,screened,Exclude,deepseek/deepseek-v4-flash,Exclude
https://openalex.org/W4311235829,https://doi.org/10.1177/20539517221142033,The revolution that did not happen: Telematics and car insurance in the 2010s,2022,article,Pierre François,Big Data & Society,Kitchin 2014:forward,screened,Exclude,deepseek/deepseek-v4-flash,Exclude
https://openalex.org/W3197120070,https://doi.org/10.1080/01426397.2021.1970123,"Towards sustainability evaluation of urban landscapes using big data: a case study of Israel’s architecture, engineering and construction industry",2021,article,Hatzav Yoffe,Landscape Research,Kitchin 2014:forward,screened,Exclude,deepseek/deepseek-v4-flash,Exclude
https://openalex.org/W2547514543,https://doi.org/10.1080/15228053.2016.1245522,Mining big data to support decision making in healthcare,2016,article,Ajaya K. Swain,Journal of Information Technology Case and Application Research,Kitchin 2014:forward,screened,Exclude,deepseek/deepseek-v4-flash,Exclude
https://openalex.org/W2492552134,https://doi.org/10.1111/gean.12137,Characterizing the Spatial Structure(s) of Cities “on the fly”: The Space‐Time Calendar,2017,article,Daniel Arribas‐Bel,Geographical Analysis,Kitchin 2014:forward,screened,Exclude,deepseek/deepseek-v4-flash,Exclude
https://openalex.org/W2763310390,https://doi.org/10.1108/jd-12-2016-0146,Structure and patterns of cross-national Big Data research collaborations,2017,article,Jiming Hu,Journal of Documentation,Kitchin 2014:forward,screened,Exclude,deepseek/deepseek-v4-flash,Exclude
https://openalex.org/W3136686254,https://doi.org/10.3390/f12030379,"A Review of Dynamic Tree Behaviors: Measurement Methods on Tree Sway, Tree Tilt, and Root–Plate Movement",2021,article,Zi Yang,Forests,Kitchin 2014:forward,screened,Exclude,deepseek/deepseek-v4-flash,Exclude
https://openalex.org/W3162854822,https://doi.org/10.1080/09654313.2021.1916443,Data-driven arts and cultural organizations: opportunity or chimera?,2021,article,Massimiliano Nuccio,European Planning Studies,Kitchin 2014:forward,screened,Exclude,deepseek/deepseek-v4-flash,Exclude
https://openalex.org/W3010362932,https://doi.org/10.1108/ijaim-10-2019-0117,Nonprofit organization fraud reporting: does governance matter?,2020,article,Husam Abu-Khadra,International Journal of Accounting and Information Management,Kitchin 2014:forward,screened,Exclude,deepseek/deepseek-v4-flash,Exclude
https://openalex.org/W2730033112,https://doi.org/10.1080/02650487.2017.1340865,The myth of big data: Chinese advertising practitioners’ perspective,2017,article,Huan Chen,International Journal of Advertising,Kitchin 2014:forward,screened,Exclude,deepseek/deepseek-v4-flash,Exclude
https://openalex.org/W4206311101,https://doi.org/10.1177/20539517211066451,"Digital epidemiology, deep phenotyping and the enduring fantasy of pathological omniscience",2022,article,Lukas Engelmann,Big Data & Society,Kitchin 2014:forward,screened,Exclude,deepseek/deepseek-v4-flash,Exclude
https://openalex.org/W4308313961,https://doi.org/10.1002/wcc.806,Computational methods for the analysis of climate change communication: Towards an integrative and reflexive approach,2022,article,Mike S. Schäfer,Wiley Interdisciplinary Reviews Climate Change,Kitchin 2014:forward,screened,Exclude,deepseek/deepseek-v4-flash,Exclude
https://openalex.org/W2978316564,https://doi.org/10.1016/j.cosust.2019.09.004,"Aligning evidence generation and use across health, development, and environment",2019,article,Heather Tallis,Current Opinion in Environmental Sustainability,Kitchin 2014:forward,screened,Exclude,deepseek/deepseek-v4-flash,Exclude
https://openalex.org/W2947143271,https://doi.org/10.14569/ijacsa.2019.0100544,Variable Reduction-based Prediction through Modified Genetic Algorithm,2019,article,Allemar Jhone P. Delima,International Journal of Advanced Computer Science and Applications,Kitchin 2014:forward,screened,Exclude,deepseek/deepseek-v4-flash,Exclude
https://openalex.org/W3011461812,https://doi.org/10.19195/1899-5101.12.3(24).2,Data literacy among journalists: A skills-assessment based approach,2019,article,Ragne Kouts-Klemm,Central European Journal of Communication,Kitchin 2014:forward,screened,Exclude,deepseek/deepseek-v4-flash,Exclude.
https://openalex.org/W3003167748,https://doi.org/10.1007/978-981-15-2429-5_5,DNA Databases and Big Data,2020,book-chapter,Helena Machado,,Kitchin 2014:forward,screened,Exclude,deepseek/deepseek-v4-flash,Exclude
https://openalex.org/W4214593885,https://doi.org/10.5204/ijcjsd.2139,"Good Tech, Bad Tech: Policing Sex Trafficking with Big Data",2022,article,Richard Kjellgren,International Journal for Crime Justice and Social Democracy,Kitchin 2014:forward,screened,Exclude,deepseek/deepseek-v4-flash,Exclude
https://openalex.org/W3095079304,https://doi.org/10.4108/eai.26-10-2020.166767,Investigation of Social Behaviour Patterns using Location-Based Data – A Melbourne Case Study,2018,article,Ravinder Singh,ICST Transactions on Scalable Information Systems,Kitchin 2014:forward,screened,Exclude,deepseek/deepseek-v4-flash,Exclude
https://openalex.org/W4281389606,https://doi.org/10.1021/acs.iecr.2c00335,Machine Learning Algorithms Used in PSE Environments: A Didactic Approach and Critical Perspective,2022,article,Luis Fabián Fuentes‐Cortés,Industrial & Engineering Chemistry Research,Kitchin 2014:forward,screened,Exclude,deepseek/deepseek-v4-flash,Exclude
https://openalex.org/W2949879292,https://doi.org/10.1017/dap.2019.2,<i>Data &amp; Policy</i>: A new venue to study and explore policy–data interaction,2019,article,Stefaan Verhulst,Data & Policy,Kitchin 2014:forward,screened,Exclude,deepseek/deepseek-v4-flash,Exclude
https://openalex.org/W3111594297,https://doi.org/10.32604/cmc.2020.013231,Autonomous Parking-lots Detection with Multi-sensor Data Fusion Using Machine Deep Learning Techniques,2020,article,Kashif Iqbal,"Computers, materials & continua/Computers, materials & continua (Print)",Kitchin 2014:forward,screened,Exclude,deepseek/deepseek-v4-flash,Exclude
https://openalex.org/W4214934573,https://doi.org/10.1080/07352166.2021.2021085,Reconciling big data and thick data to advance the new urban science and smart city governance,2022,article,Andy Hong,Journal of Urban Affairs,Kitchin 2014:forward,screened,Exclude,deepseek/deepseek-v4-flash,Exclude
https://openalex.org/W3195419525,https://doi.org/10.3390/technologies9030060,Big Data in Biodiversity Science: A Framework for Engagement,2021,article,Tendai Musvuugwa,Technologies,Kitchin 2014:forward,screened,Exclude,deepseek/deepseek-v4-flash,Exclude
https://openalex.org/W4225131897,https://doi.org/10.1080/1369118x.2022.2065213,Who are the plotters behind the pandemic? Comparing Covid-19 conspiracy theories in Google search results across five key target countries of Russia’s foreign communication,2022,article,Florian Toepfl,Information Communication & Society,Kitchin 2014:forward,screened,Exclude,deepseek/deepseek-v4-flash,Exclude}
https://openalex.org/W2931921730,https://doi.org/10.1080/1369118x.2019.1602664,Ethnography’s future in the big data era,2019,article,Joost Beuving,Information Communication & Society,Kitchin 2014:forward,screened,Exclude,deepseek/deepseek-v4-flash,Exclude
https://openalex.org/W3014901607,https://doi.org/10.3390/smartcities3020011,"Regarding Smart Cities in China, the North and Emerging Economies—One Size Does Not Fit All",2020,article,Nigel J. W. Browne,Smart Cities,Kitchin 2014:forward,screened,Exclude,deepseek/deepseek-v4-flash,Exclude
https://openalex.org/W3142588936,https://doi.org/10.21014/acta_imeko.v10i1.820,Inventory and monitoring of historical cultural heritage buildings on a territorial scale: a preliminary study of structural health monitoring based on the CARTIS approach,2021,article,Renato S. Olivito,ACTA IMEKO,Kitchin 2014:forward,screened,Exclude,deepseek/deepseek-v4-flash,Exclude
https://openalex.org/W2980650376,https://doi.org/10.1215/18752160-8005194,The Imagination of Singapore’s Smart Nation as Digital Infrastructure: Rendering (Digital) Work Invisible,2019,article,Thijs Willems,East Asian Science Technology and Society An International Journal,Kitchin 2014:forward,screened,Exclude,deepseek/deepseek-v4-flash,Exclude
https://openalex.org/W2415938173,https://doi.org/10.1002/asi.23709,Hypertext configurations: Genres in networked digital media,2016,article,Niels Ole Finnemann,Journal of the Association for Information Science and Technology,Kitchin 2014:forward,screened,Exclude,deepseek/deepseek-v4-flash,Exclude
https://openalex.org/W4290653583,https://doi.org/10.14763/2022.3.1670,The untamed and discreet role of data brokers in surveillance capitalism: a transnational and interdisciplinary overview,2022,article,Urbano Reviglio,Internet Policy Review,Kitchin 2014:forward,screened,Exclude,deepseek/deepseek-v4-flash,Exclude
https://openalex.org/W2969039001,https://doi.org/10.18178/ijmlc.2019.9.4.837,Applying Data Mining Techniques in Predicting Index and non-Index Crimes,2019,article,Allemar Jhone P. Delima,International Journal of Machine Learning and Computing,Kitchin 2014:forward,screened,Exclude,deepseek/deepseek-v4-flash,Exclude
https://openalex.org/W2894695824,https://doi.org/10.1080/01436597.2018.1509700,Policy visions of big data: views from the Global South,2018,article,Laura C. Mahrenbach,Third World Quarterly,Kitchin 2014:forward,screened,Exclude,deepseek/deepseek-v4-flash,Exclude
https://openalex.org/W2889546510,https://doi.org/10.1177/0894439318788619,Constructing a Public Narrative of Regulations for Big Data and Analytics: Results From a Community-Driven Discussion,2018,article,James Popham,Social Science Computer Review,Kitchin 2014:forward,screened,Exclude,deepseek/deepseek-v4-flash,Exclude
https://openalex.org/W3119061471,https://doi.org/10.7821/naer.2021.1.638,"Underdetermination, Assemblage Studies and Educational Technology: Rethinking Causality and Re-Energising Politics",2021,article,Carlo Perrotta,Journal of New Approaches in Educational Research,Kitchin 2014:forward,screened,Exclude,deepseek/deepseek-v4-flash,Exclude
https://openalex.org/W4229079319,https://doi.org/10.1007/s13384-022-00530-7,Personalization in Australian K-12 classrooms: how might digital teaching and learning tools produce intangible consequences for teachers’ workplace conditions?,2022,article,Janine Arantes,The Australian Educational Researcher,Kitchin 2014:forward,screened,Exclude,deepseek/deepseek-v4-flash,Exclude
https://openalex.org/W3169035288,https://doi.org/10.1177/10778004211021814,Needed Methodological Emancipation: Qualitative Coding and the Institutionalization of the Master’s Voice,2021,article,Radhika Viruru,Qualitative Inquiry,Kitchin 2014:forward,screened,Exclude,deepseek/deepseek-v4-flash,Exclude
https://openalex.org/W3135664098,https://doi.org/10.1177/0095399721998689,The Nodality Disconnect of Data-Driven Government,2021,article,Walter Castelnovo,Administration & Society,Kitchin 2014:forward,screened,Exclude,deepseek/deepseek-v4-flash,Exclude
https://openalex.org/W2570668696,https://doi.org/10.1353/tj.2016.0107,Mapping Movement on the Move: Dance Touring and Digital Methods,2016,article,Harmony Bench,Theatre Journal,Kitchin 2014:forward,screened,Exclude,deepseek/deepseek-v4-flash,Exclude
https://openalex.org/W4285394064,https://doi.org/10.3389/frma.2022.959505,Too Much of a Good Thing? A Governing Knowledge Commons Review of Abundance in Context,2022,article,Michael J. Madison,Frontiers in Research Metrics and Analytics,Kitchin 2014:forward,screened,Exclude,deepseek/deepseek-v4-flash,Exclude
https://openalex.org/W4309046798,https://doi.org/10.1080/13683500.2022.2138282,New avenues for second home tourism research using big data: prospects and challenges,2022,article,Janika Raun,Current Issues in Tourism,Kitchin 2014:forward,screened,Exclude,deepseek/deepseek-v4-flash,Exclude
https://openalex.org/W4365141958,https://doi.org/10.3390/su15086498,Sustainable Social Development through the Use of Artificial Intelligence and Data Science in Education during the COVID Emergency: A Systematic Review Using PRISMA,2023,review,Verónica Aguilar-Esteva,Sustainability,Kitchin 2014:forward,screened,Exclude,deepseek/deepseek-v4-flash,Exclude
https://openalex.org/W2912754914,https://doi.org/10.1109/access.2019.2897217,Analyzing Objective and Subjective Data in Social Sciences: Implications for Smart Cities,2019,article,Laura Erhan,IEEE Access,Kitchin 2014:forward,screened,Exclude,deepseek/deepseek-v4-flash,Exclude
https://openalex.org/W4391275604,https://doi.org/10.1093/oxfordhb/9780192859198.013.1,Introduction,2024,book-chapter,Corneliu Bjola,Oxford University Press eBooks,Kitchin 2014:forward,screened,Exclude,deepseek/deepseek-v4-flash,Exclude
https://openalex.org/W4386726694,https://doi.org/10.1007/s13280-023-01917-1,Inequality persists in a large citizen science programme despite increased participation through ICT innovations,2023,article,Mari Jönsson,AMBIO,Kitchin 2014:forward,screened,Exclude,deepseek/deepseek-v4-flash,Exclude
https://openalex.org/W4367051417,https://doi.org/10.1080/1369118x.2023.2205504,The data subject and the myth of the ‘black box’ data communication and critical data literacy as a resistant practice to platform exploitation,2023,article,Dennis Nguyen,Information Communication & Society,Kitchin 2014:forward,screened,Exclude,deepseek/deepseek-v4-flash,Exclude
https://openalex.org/W4399380889,https://doi.org/10.1080/22041451.2024.2346428,"AI governance in India – law, policy and political economy",2024,article,Divij Joshi,Communication Research and Practice,Kitchin 2014:forward,screened,Exclude,deepseek/deepseek-v4-flash,Exclude
https://openalex.org/W4281760842,https://doi.org/10.1080/24694452.2022.2054766,New Data Technologies and the Politics of Scale in Environmental Management: Tracking Atlantic Bluefin Tuna,2022,article,Elizabeth Havice,Annals of the American Association of Geographers,Kitchin 2014:forward,screened,Exclude,deepseek/deepseek-v4-flash,Exclude
https://openalex.org/W2761176265,https://doi.org/10.1111/maq.12417,Corporate Mortality Files and Late Industrial Necropolitics,2017,article,Peter C. Little,Medical Anthropology Quarterly,Kitchin 2014:forward,screened,Exclude,deepseek/deepseek-v4-flash,Exclude
https://openalex.org/W3173946274,https://doi.org/10.24908/ss.v19i2.14261,The The Making of Crime Predictions: Sociotechnical Assemblages and the Controversies of Governing Future Crime,2021,article,Daniel Edler Duarte,Surveillance & Society,Kitchin 2014:forward,screened,Include,deepseek/deepseek-v4-flash,Include
https://openalex.org/W4200513698,https://doi.org/10.1097/tp.0000000000003992,Surfing the Big Data Wave: Omics Data Challenges in Transplantation,2021,article,Rokhaya Ba,Transplantation,Kitchin 2014:forward,screened,Exclude,deepseek/deepseek-v4-flash,Exclude
https://openalex.org/W4393901393,https://doi.org/10.1177/20539517241242448,Imaginaries of democratization and the value of open environmental data: Analysis of Microsoft's planetary computer,2024,article,Przemyslaw Matt Lukacz,Big Data & Society,Kitchin 2014:forward,screened,Exclude,deepseek/deepseek-v4-flash,Exclude
https://openalex.org/W2752360360,https://doi.org/10.1080/01615440.2017.1361879,A third road to the past? Historical scholarship in the age of big data,2017,article,Roberto Franzosi,Historical Methods A Journal of Quantitative and Interdisciplinary History,Kitchin 2014:forward,screened,Exclude,deepseek/deepseek-v4-flash,Exclude
https://openalex.org/W4392100616,https://doi.org/10.1007/s11191-024-00504-4,Epistemic Insights as Design Principles for a Teaching-Learning Module on Artificial Intelligence,2024,article,Eleonora Barelli,Science & Education,Kitchin 2014:forward,screened,Exclude,deepseek/deepseek-v4-flash,Exclude
https://openalex.org/W4390144107,https://doi.org/10.1111/jnu.12954,Big data research in nursing: A bibliometric exploration of themes and publications,2023,article,Bo Li,Journal of Nursing Scholarship,Kitchin 2014:forward,screened,Exclude,deepseek/deepseek-v4-flash,Exclude
https://openalex.org/W4205225507,https://doi.org/10.1177/20539517211063690,Machine Anthropology: A View from International Relations,2021,article,Rebecca Adler‐Nissen,Big Data & Society,Kitchin 2014:forward,screened,Exclude,deepseek/deepseek-v4-flash,Exclude
https://openalex.org/W4407587750,https://doi.org/10.1177/00113921251316685,Guiding distinctions of social theory: Results from two online brainstormings and one quantitative analysis of the ISA Books of the XX Century corpus,2025,article,Steffen Roth,Current Sociology,Kitchin 2014:forward,screened,Exclude,deepseek/deepseek-v4-flash,Exclude
https://openalex.org/W3098613274,https://doi.org/10.1016/j.tele.2020.101531,Building the sustainable city through Twitter: Creative skilled migrants and innovative technology use,2020,article,Paola Monachesi,Telematics and Informatics,Kitchin 2014:forward,screened,Exclude,deepseek/deepseek-v4-flash,Exclude
https://openalex.org/W3019419375,https://doi.org/10.3390/su12083386,Environmental Activism and Big Data: Building Green Social Capital in China,2020,article,Jing Xu,Sustainability,Kitchin 2014:forward,screened,Exclude,deepseek/deepseek-v4-flash,Exclude
https://openalex.org/W4392238952,https://doi.org/10.1007/s10606-024-09489-8,Cultivating Data Practices Across Boundaries: How Organizations Become Data-driven,2024,article,Asbjørn Malte Pedersen,Computer Supported Cooperative Work (CSCW),Kitchin 2014:forward,screened,Exclude,deepseek/deepseek-v4-flash,Exclude
https://openalex.org/W4306168926,https://doi.org/10.1177/10422587221121291,Assessing the Factors Related to a Start-Up’s Valuation Using Prediction and Causal Discovery,2022,article,Mariia Garkavenko,Entrepreneurship Theory and Practice,Kitchin 2014:forward,screened,Exclude,deepseek/deepseek-v4-flash,Exclude
https://openalex.org/W4387257891,https://doi.org/10.1162/qss_a_00267,A meso-scale cartography of the AI ecosystem,2023,article,Floriana Gargiulo,Quantitative Science Studies,Kitchin 2014:forward,screened,Exclude,deepseek/deepseek-v4-flash,Exclude
https://openalex.org/W4381885040,https://doi.org/10.1080/1369118x.2023.2227673,When data became big: revisiting the rise of an obsolete keyword,2023,article,Christian Pentzold,Information Communication & Society,Kitchin 2014:forward,screened,Exclude,deepseek/deepseek-v4-flash,Exclude
https://openalex.org/W4309607757,https://doi.org/10.3390/app122211642,A Modeling Approach for Measuring the Performance of a Human-AI Collaborative Process,2022,article,Ganesh Sankaran,Applied Sciences,Kitchin 2014:forward,screened,Exclude,deepseek/deepseek-v4-flash,Exclude
https://openalex.org/W4395049004,https://doi.org/10.52783/jes.2327,Impact of Big Data Analytics on Digital Marketing: Academic Review,2024,article,Md. Aminul Islam,Journal of Electrical Systems,Kitchin 2014:forward,screened,Exclude,deepseek/deepseek-v4-flash,Exclude
https://openalex.org/W4320016209,https://doi.org/10.1177/20539517221145680,"Short-circuiting biology: Digital phenotypes, digital biomarkers, and shifting gazes in psychiatry",2023,article,Shai Mulinari,Big Data & Society,Kitchin 2014:forward,screened,Exclude,deepseek/deepseek-v4-flash,Exclude
https://openalex.org/W4380077207,https://doi.org/10.1177/20563051231177920,Mapping the Russian Political Influence Ecosystem: The Night Wolves Biker Gang,2023,article,Olga Boichak,Social Media + Society,Kitchin 2014:forward,screened,Exclude,deepseek/deepseek-v4-flash,Exclude
https://openalex.org/W4390509429,https://doi.org/10.1080/14650045.2023.2288162,Digitalising Asylum Procedures: The Legitimisation of Smartphone Data Extraction for Retrospective Border Control,2024,article,Ivan Josipović,Geopolitics,Kitchin 2014:forward,screened,Include,deepseek/deepseek-v4-flash,Include
https://openalex.org/W4320728793,https://doi.org/10.1111/bjir.12728,The mythology of ‘Big Data’ as a source of corporate power,2023,article,Michael Maffie,British Journal of Industrial Relations,Kitchin 2014:forward,screened,Exclude,deepseek/deepseek-v4-flash,Exclude
https://openalex.org/W4285152561,https://doi.org/10.17059/ekon.reg.2022-1-10,Digital Demography Methods for Forecasting Migration Processes,2022,article,A.V. Smirnov,Economy of Regions,Kitchin 2014:forward,screened,Exclude,deepseek/deepseek-v4-flash,Exclude
https://openalex.org/W4406768137,https://doi.org/10.1177/29768640241306800,Governing artificial intelligence means governing data: (Re)setting the agenda for data justice,2025,article,Linnet Taylor,Dialogues on Digital Society,Kitchin 2014:forward,screened,Exclude,deepseek/deepseek-v4-flash,Exclude
https://openalex.org/W4313071768,https://doi.org/10.1177/20539517221137553,Governing teachers through datafication: Physical–virtual hybridity and language interoperability in teacher accountability,2022,article,Jessica Holloway,Big Data & Society,Kitchin 2014:forward,screened,Exclude,deepseek/deepseek-v4-flash,Exclude
https://openalex.org/W3175597493,https://doi.org/10.1177/23998083211001840,Functional visibility graph analysis: Quantifying visuofunctional space with social media check-in data,2021,article,Yao Shen,Environment and Planning B Urban Analytics and City Science,Kitchin 2014:forward,screened,Exclude,deepseek/deepseek-v4-flash,Exclude
https://openalex.org/W3197418482,https://doi.org/10.7577/seminar.4397,Critical Data Studies and Data Science in Higher Education,2021,article,Dan Verständig,Seminar net,Kitchin 2014:forward,screened,Exclude,deepseek/deepseek-v4-flash,Exclude
https://openalex.org/W4391360014,https://doi.org/10.1177/02632764231225768,The Logic of the Synthetic Supplement in Algorithmic Societies,2024,article,Benjamin N. Jacobsen,Theory Culture & Society,Kitchin 2014:forward,screened,Exclude,deepseek/deepseek-v4-flash,Exclude
https://openalex.org/W4308882408,https://doi.org/10.1177/14687941221138405,The Slalom Method: How to zig-zag between digital methods and traditional methods in ethnography,2022,article,Torben Elgaard Jensen,Qualitative Research,Kitchin 2014:forward,screened,Exclude,deepseek/deepseek-v4-flash,Exclude
https://openalex.org/W4323031503,https://doi.org/10.1007/s10609-023-09454-y,Data-Driven Criminal Justice in the age of algorithms: epistemic challenges and practical implications,2023,article,Francisco J. Castro-Toledo,Criminal Law Forum,Kitchin 2014:forward,screened,Exclude,deepseek/deepseek-v4-flash,Exclude
https://openalex.org/W3208526323,https://doi.org/10.1108/omj-10-2020-1063,A perspective on embracing emerging technologies research for organizational behavior,2021,article,Jestine Philip,Organization Management Journal,Kitchin 2014:forward,screened,Exclude,deepseek/deepseek-v4-flash,Exclude
https://openalex.org/W4296149487,https://doi.org/10.47909/anis.978-9916-9760-3-6.94,Data science in education: interdisciplinary contributions,2022,book-chapter,Patrícia Takaki,Advanced notes in information science,Kitchin 2014:forward,screened,Exclude,deepseek/deepseek-v4-flash,Exclude
https://openalex.org/W4385290070,https://doi.org/10.1093/jamia/ocad148,Advantages and disadvantages of using theory-based versus data-driven models with social and behavioral determinants of health data,2023,article,Robin Austin,Journal of the American Medical Informatics Association,Kitchin 2014:forward,screened,Exclude,deepseek/deepseek-v4-flash,Exclude.
https://openalex.org/W4392371327,https://doi.org/10.26761/ijrls.10.1.2024.1733,The Impact of Artificial Intelligence and Machine Learning in Library and Information Science,2024,article,A. Kalisdha,International Journal of Research in Library Science,Kitchin 2014:forward,screened,Exclude,deepseek/deepseek-v4-flash,Exclude
https://openalex.org/W4389492533,https://doi.org/10.1177/20539517231216955,Digital marketing as digital methods: Repurposing Google Ads for controversy mapping,2023,article,Òscar Coromina,Big Data & Society,Kitchin 2014:forward,screened,Exclude,deepseek/deepseek-v4-flash,Exclude
https://openalex.org/W4392868023,https://doi.org/10.1016/j.ecoinf.2024.102561,Shrinkage-based Bayesian variable selection for species distribution modelling in complex environments: An application to urban biodiversity,2024,article,Andreas Dietzel,Ecological Informatics,Kitchin 2014:forward,screened,Exclude,deepseek/deepseek-v4-flash,Exclude
https://openalex.org/W4400055904,https://doi.org/10.1002/wcc.902,"Computational methods for climate change frame analysis: Techniques, critiques, and cautious ways forward",2024,article,Simon David Hirsbrunner,Wiley Interdisciplinary Reviews Climate Change,Kitchin 2014:forward,screened,Exclude,deepseek/deepseek-v4-flash,Exclude
https://openalex.org/W3173983243,https://doi.org/10.1080/15228053.2021.1916229,Using qualitative approaches in the era of big data: a confessional tale of a behavioral researcher,2021,article,Sumantra Sarkar,Journal of Information Technology Case and Application Research,Kitchin 2014:forward,screened,Exclude,deepseek/deepseek-v4-flash,Exclude
https://openalex.org/W4408731402,https://doi.org/10.1007/s11625-025-01667-x,Critical sustainability science: advancing sustainability transformations,2025,article,Stefano B. Longo,Sustainability Science,Kitchin 2014:forward,screened,Exclude,deepseek/deepseek-v4-flash,Exclude
https://openalex.org/W4310680066,https://doi.org/10.3390/su142316161,Connections between Big Data and Smart Cities from the Supply Chain Perspective: Understanding the Impact of Big Data,2022,article,Alaa Amin Abdalla,Sustainability,Kitchin 2014:forward,screened,Exclude,deepseek/deepseek-v4-flash,Exclude
https://openalex.org/W4404873315,https://doi.org/10.1177/13563890241289937,Artificial intelligence and big data-driven evaluation research and practices: A systematic literature review,2024,review,Salah eddine Bouyousfi,Evaluation,Kitchin 2014:forward,screened,Exclude,deepseek/deepseek-v4-flash,Exclude
https://openalex.org/W4388017091,https://doi.org/10.1177/02637758231209656,The smart grid archipelago: Infrastructures of networked (dis)connectivity in Amman,2023,article,Kendra Kintzi,Environment and Planning D Society and Space,Kitchin 2014:forward,screened,Maybe,deepseek/deepseek-v4-flash,Maybe
https://openalex.org/W4402430792,https://doi.org/10.3389/fdata.2024.1441869,"When we talk about Big Data, What do we really mean? Toward a more precise definition of Big Data",2024,article,Xiaoyao Han,Frontiers in Big Data,Kitchin 2014:forward,screened,Exclude,deepseek/deepseek-v4-flash,Exclude
https://openalex.org/W4402680478,https://doi.org/10.1332/27324176y2024d000000025,The universality of the machine: labour process theory and the absorption of the skills and knowledge of labour into capital,2024,article,James Steinhoff,Work in the Global Economy,Kitchin 2014:forward,screened,Exclude,deepseek/deepseek-v4-flash,Exclude
https://openalex.org/W4388954909,https://doi.org/10.1016/j.foreco.2023.121583,Optimizing aboveground carbon mapping in Afrotemperate forests to fulfil IPCC carbon reporting standards,2023,article,Jolene T. Fisher,Forest Ecology and Management,Kitchin 2014:forward,screened,Exclude,deepseek/deepseek-v4-flash,Exclude
https://openalex.org/W4403194132,https://doi.org/10.1080/00087041.2024.2318055,Ethical Challenges Arising from the Mapping of Mobile Phone Location Data,2024,article,Louise Sieg,The Cartographic Journal,Kitchin 2014:forward,screened,Exclude,deepseek/deepseek-v4-flash,Exclude
https://openalex.org/W4387405089,https://doi.org/10.1007/s10111-023-00739-1,Digitalization and changes to work organization and management in the Norwegian petroleum industry,2023,article,Kjersti Melberg,Cognition Technology & Work,Kitchin 2014:forward,screened,Exclude,deepseek/deepseek-v4-flash,Exclude
https://openalex.org/W4403494010,https://doi.org/10.1108/el-02-2024-0045,Impact of big data and data analytics on the provision of data services in academic libraries,2024,article,Naimat Ullah Shah,The Electronic Library,Kitchin 2014:forward,screened,Exclude,deepseek/deepseek-v4-flash,Exclude
https://openalex.org/W4301594892,https://doi.org/10.1080/14742837.2022.2128327,Doubt to be certain: epistemological ambiguity of data in the case of grassroots mapping of traffic accidents in Russia,2022,article,Dmitry Muravyov,Social movement studies,Kitchin 2014:forward,screened,Exclude,deepseek/deepseek-v4-flash,Exclude
https://openalex.org/W4407595902,https://doi.org/10.1016/j.infoh.2025.01.004,"Role of data as an interface between primary, secondary and tertiary care: Evidence from literature",2025,article,Amrit Giri,Informatics and Health,Kitchin 2014:forward,screened,Exclude,deepseek/deepseek-v4-flash,Exclude
https://openalex.org/W4404024493,https://doi.org/10.1371/journal.pone.0309318,Data science and automation in the process of theorizing: Machine learning’s power of induction in the co-duction cycle,2024,article,Daan Kolkman,PLoS ONE,Kitchin 2014:forward,screened,Exclude,deepseek/deepseek-v4-flash,Exclude.
https://openalex.org/W4404087792,https://doi.org/10.1016/j.jtrangeo.2024.104041,"The territorial impacts of BlaBlaCar carpooling: Between metropolitan polarization, intermediate cities' structuration, and rural services",2024,article,Magali Talandier,Journal of Transport Geography,Kitchin 2014:forward,screened,Exclude,deepseek/deepseek-v4-flash,Exclude
https://openalex.org/W4412609529,https://doi.org/10.1002/widm.70038,"A Guide to Machine Learning Epistemic Ignorance, Hidden Paradoxes, and Other Tensions",2025,article,M.Z. Naser,Wiley Interdisciplinary Reviews Data Mining and Knowledge Discovery,Kitchin 2014:forward,screened,Exclude,deepseek/deepseek-v4-flash,Exclude
https://openalex.org/W4322743989,https://doi.org/10.20897/femenc/12886,Transnationalising &lt;i&gt;Dadis&lt;/i&gt; as Feminist Political/Activist Subjects,2023,article,Radhika Gajjala,Feminist Encounters A Journal of Critical Studies in Culture and Politics,Kitchin 2014:forward,screened,Exclude,deepseek/deepseek-v4-flash,Exclude
https://openalex.org/W4318965920,https://doi.org/10.1097/cin.0000000000000954,A Comparison of Hypothesis-Driven and Data-Driven Research,2023,article,Caitlin Dreisbach,CIN Computers Informatics Nursing,Kitchin 2014:forward,screened,Exclude,deepseek/deepseek-v4-flash,Exclude
https://openalex.org/W4390984710,https://doi.org/10.1080/15548732.2024.2305422,"The socio-technical organization of equity, diversity, and inclusion (EDI) in child welfare",2024,article,Naomi Nichols,Journal of Public Child Welfare,Kitchin 2014:forward,screened,Exclude,deepseek/deepseek-v4-flash,Exclude
https://openalex.org/W4400976984,https://doi.org/10.3390/su16156364,The Circular Economy (CE) Rebound as a Paradox of Knowledge: Forecasting the Future of the CE–IoT Nexus through the Global E-Waste Crisis,2024,article,Marie-Luc Arpin,Sustainability,Kitchin 2014:forward,screened,Exclude,deepseek/deepseek-v4-flash,Exclude
https://openalex.org/W4405260208,https://doi.org/10.1561/1100000093,WaterHCI: Water in Human-Computer Interaction,2024,article,Maria Montoya Vega,Foundations and Trends® in Human–Computer Interaction,Kitchin 2014:forward,screened,Exclude,deepseek/deepseek-v4-flash,Exclude
https://openalex.org/W4412602989,https://doi.org/10.1016/j.dajour.2025.100611,An interpretable machine learning framework for explaining company valuation,2025,article,Luís Baltazar Blanquet,Decision Analytics Journal,Kitchin 2014:forward,screened,Exclude,deepseek/deepseek-v4-flash,Exclude
https://openalex.org/W7106557023,https://doi.org/10.1680/jurdp.25.00009,Artificial intelligence revolution in urban planning: a 30-year journey a review,2025,article,Amirhosein Shabani,Proceedings of the Institution of Civil Engineers - Urban Design and Planning,Kitchin 2014:forward,screened,Include,deepseek/deepseek-v4-flash,Include
https://openalex.org/W4412380820,https://doi.org/10.1080/14615517.2025.2532919,Laying the foundation for generative AI and multi-agent systems in environmental assessment: building a curated dataset from the Danish EA Hub,2025,article,Lone Kørnøv,Impact Assessment and Project Appraisal,Kitchin 2014:forward,screened,Exclude,deepseek/deepseek-v4-flash,Exclude
https://openalex.org/W4406258550,https://doi.org/10.1145/3701216,What Knowledge Do We Produce from Social Media Data and How?,2025,article,Adriana Alvarado Garcia,Proceedings of the ACM on Human-Computer Interaction,Kitchin 2014:forward,screened,Exclude,deepseek/deepseek-v4-flash,Exclude
https://openalex.org/W4384024256,https://doi.org/10.1177/20539517231180569,Social learning and the complex contagion of political symbols in Twitter: The case of the yellow ribbon in Catalonia,2023,article,Francisco José León Medina,Big Data & Society,Kitchin 2014:forward,screened,Exclude,deepseek/deepseek-v4-flash,Exclude
https://openalex.org/W3120736780,https://doi.org/10.1371/journal.pone.0245231,"Religiosity, neutrality, fairness, skepticism, and societal tranquility: A data science analysis of the World Values Survey",2021,article,Leigh Allison,PLoS ONE,Kitchin 2014:forward,screened,Exclude,deepseek/deepseek-v4-flash,Exclude
https://openalex.org/W4407231492,https://doi.org/10.1108/arch-07-2024-0288,The built environment and social media: a semi-systematic review of architectural and design disciplines,2025,review,Tracy Huang,International Journal of Architectural Research Archnet-IJAR,Kitchin 2014:forward,screened,Exclude,deepseek/deepseek-v4-flash,Exclude
https://openalex.org/W4414167662,https://doi.org/10.1177/03063127251364509,"It’s not a bug, it’s a feature: How AI experts and data scientists account for the opacity of algorithms",2025,article,Netta Avnoon,Social Studies of Science,Kitchin 2014:forward,screened,Exclude,deepseek/deepseek-v4-flash,Exclude
https://openalex.org/W4387313597,https://doi.org/10.22439/fs.i34.6939,Inhuman Hermeneutics of the Self: Biopolitics in the Age of Big Data,2023,article,Patrick Gamez,Foucault Studies,Kitchin 2014:forward,screened,Maybe,deepseek/deepseek-v4-flash,Maybe
https://openalex.org/W4414525176,https://doi.org/10.1007/s10670-025-01010-x,The Immortal Science of ML: Machine Learning and the Theory-Free Ideal,2025,article,Mel Andrews,Erkenntnis,Kitchin 2014:forward,screened,Exclude,deepseek/deepseek-v4-flash,Exclude
https://openalex.org/W4382073092,https://doi.org/10.1108/jices-12-2022-0108,From big data epistemology to AI politics: rescuing the public dimension over data-driven technologies,2023,article,Stefano Calzati,Journal of Information Communication and Ethics in Society,Kitchin 2014:forward,screened,Exclude,deepseek/deepseek-v4-flash,Exclude
https://openalex.org/W4405297261,https://doi.org/10.1080/17441692.2024.2436422,Reconciling data actionability and accountability in global health research: The case of SARS-CoV-2,2024,article,Nathanael Sheehan,Global Public Health,Kitchin 2014:forward,screened,Exclude,deepseek/deepseek-v4-flash,Exclude
https://openalex.org/W4414553512,https://doi.org/10.1002/agt2.70170,Multiscale Coupling Between Macroscopic Mechanics and Atomic Assembly (MM–AA) of Soft‐Lattice Halide Perovskites,2025,article,Xiangzhe Li,Aggregate,Kitchin 2014:forward,screened,Exclude,deepseek/deepseek-v4-flash,Exclude
https://openalex.org/W4390840808,https://doi.org/10.1007/s11192-023-04900-5,Longitudinal patterns of scientific collaboration in doctoral studies,2024,article,Marjan Cugmas,Scientometrics,Kitchin 2014:forward,screened,Exclude,deepseek/deepseek-v4-flash,Exclude
https://openalex.org/W4408317714,https://doi.org/10.1002/sres.3152,Guiding Distinctions: Observed With Social Systems Theory: An Introduction,2025,article,Steffen Roth,Systems Research and Behavioral Science,Kitchin 2014:forward,screened,Exclude,deepseek/deepseek-v4-flash,Exclude
https://openalex.org/W4399156720,https://doi.org/10.1080/02681102.2024.2352382,Deconstructing big data for development (BD4D): continuities and reflections of development discourse in the age of datafication,2024,article,Michael Dokyum Kim,Information Technology for Development,Kitchin 2014:forward,screened,Exclude,deepseek/deepseek-v4-flash,Exclude
https://openalex.org/W4410251152,https://doi.org/10.1155/hbe2/6678231,The Impact of Big Data on Online Purchase Behavior: Influencing Factors and Interrelationships in Thailand’s Digital Economy,2025,article,Yarnaphat Shaengchart,Human Behavior and Emerging Technologies,Kitchin 2014:forward,screened,Exclude,deepseek/deepseek-v4-flash,Exclude
https://openalex.org/W4412962924,https://doi.org/10.1002/sres.3175,Big Data Insights Into Social Macro Trends: Expanding the Horizon (1800–2018),2025,article,Stephan Roth,Systems Research and Behavioral Science,Kitchin 2014:forward,screened,Exclude,deepseek/deepseek-v4-flash,Exclude
https://openalex.org/W4407921554,https://doi.org/10.1177/14695405251321431,Tennis and accelerated culture: Post-athlete as a media performer,2025,article,Nico Psaltidis,Journal of Consumer Culture,Kitchin 2014:forward,screened,Exclude,deepseek/deepseek-v4-flash,Exclude
https://openalex.org/W2523080212,https://doi.org/10.1177/2053951716669530,"Big Data, epistemology and causality: Knowledge in and knowledge out in EXPOsOMICS",2016,article,Stefano Canali,Big Data & Society,Kitchin 2014:forward,screened,Exclude,deepseek/deepseek-v4-flash,Exclude
https://openalex.org/W2288514238,https://doi.org/10.1177/2053951716631365,Accounting for the social: Investigating commensuration and Big Data practices at Facebook,2016,article,Fernando van der Vlist,Big Data & Society,Kitchin 2014:forward,screened,Exclude,deepseek/deepseek-v4-flash,Exclude
https://openalex.org/W4406245307,https://doi.org/10.1177/03063127241299132,Coordinating uncertainty in the political economy of cyber threat intelligence,2025,article,Rebecca Slayton,Social Studies of Science,Kitchin 2014:forward,screened,Exclude,deepseek/deepseek-v4-flash,Exclude
https://openalex.org/W4414294931,https://doi.org/10.1017/chr.2025.10007,Whose news? Critical methods for assessing bias in large historical datasets,2025,article,Kaspar Beelen,Computational Humanities Research,Kitchin 2014:forward,screened,Exclude,deepseek/deepseek-v4-flash,Exclude
https://openalex.org/W2575673627,https://doi.org/10.1177/1461444816688274,Literacy and training in digital research: Researchers’ views in five social science and humanities disciplines,2017,article,Panayiota Tsatsou,New Media & Society,Kitchin 2014:forward,screened,Exclude,deepseek/deepseek-v4-flash,Exclude
https://openalex.org/W2570215444,https://doi.org/10.1080/01425692.2016.1256190,Accelerationism: a timely provocation for the critical sociology of education,2017,article,Sam Sellar,British Journal of Sociology of Education,Kitchin 2014:forward,screened,Exclude,deepseek/deepseek-v4-flash,Exclude
https://openalex.org/W2608789171,https://doi.org/10.1177/1609406917705796,Blogs as Elusive Ethnographic Texts,2017,article,Liza C. Kurtz,International Journal of Qualitative Methods,Kitchin 2014:forward,screened,Exclude,deepseek/deepseek-v4-flash,Exclude
https://openalex.org/W2844856620,https://doi.org/10.1111/1467-9566.12774,Digital health – a new medical cosmology? The case of 23andMe online genetic testing platform,2018,article,Paula Saukko,Sociology of Health & Illness,Kitchin 2014:forward,screened,Exclude,deepseek/deepseek-v4-flash,Exclude
https://openalex.org/W2518557438,https://doi.org/10.1155/2016/9089321,Transitioning to a Data Driven Mental Health Practice: Collaborative Expert Sessions for Knowledge and Hypothesis Finding,2016,article,Vincent Menger,Computational and Mathematical Methods in Medicine,Kitchin 2014:forward,screened,Exclude,deepseek/deepseek-v4-flash,Exclude
https://openalex.org/W2887755721,https://doi.org/10.1108/oir-12-2016-0361,Measuring the interdisciplinarity of Big Data research: a longitudinal study,2018,article,Jiming Hu,Online Information Review,Kitchin 2014:forward,screened,Exclude,deepseek/deepseek-v4-flash,Exclude
https://openalex.org/W2735813693,https://doi.org/10.1080/10630732.2017.1334855,Catch Me if You Can: Workplace Mobility and Big Data,2017,article,Filipa Pajević,Journal of Urban Technology,Kitchin 2014:forward,screened,Exclude,deepseek/deepseek-v4-flash,Exclude
https://openalex.org/W2624322347,https://doi.org/10.1177/0309132517712154,Geographic information science II: Mesogeography,2017,article,Harvey J. Miller,Progress in Human Geography,Kitchin 2014:forward,screened,Exclude,deepseek/deepseek-v4-flash,Exclude
https://openalex.org/W2784599661,https://doi.org/10.1108/lht-06-2017-0122,Digital preservation at Big Data scales: proposing a step-change in preservation system architectures,2018,article,D. Gerrard,Library Hi Tech,Kitchin 2014:forward,screened,Exclude,deepseek/deepseek-v4-flash,Exclude
https://openalex.org/W2099256907,https://doi.org/10.1057/9781137453662_3,Have We Even Solved the First ‘Big Data Challenge?’ Practical Issues Concerning Data Collection and Visual Representation for Social Media Analytics,2016,book-chapter,Phillip Brooker,Palgrave Macmillan UK eBooks,Kitchin 2014:forward,screened,Exclude,deepseek/deepseek-v4-flash,Exclude
https://openalex.org/W2964470343,https://doi.org/10.3390/app9153065,Occam’s Razor for Big Data? On Detecting Quality in Large Unstructured Datasets,2019,article,Birgitta Dresp,Applied Sciences,Kitchin 2014:forward,screened,Exclude,deepseek/deepseek-v4-flash,Exclude
https://openalex.org/W2974669011,https://doi.org/10.11648/j.iotcc.20190702.12,The Rise of Big Data and Cloud Computing,2019,article,Mohaiminul Islam,Internet of Things and Cloud Computing,Kitchin 2014:forward,screened,Exclude,deepseek/deepseek-v4-flash,Exclude
https://openalex.org/W2987733757,https://doi.org/10.3390/ijgi8110493,Analysis of Tourism Hotspot Behaviour Based on Geolocated Travel Blog Data: The Case of Qyer,2019,article,M. Kaufmann,ISPRS International Journal of Geo-Information,Kitchin 2014:forward,screened,Exclude,deepseek/deepseek-v4-flash,Exclude
https://openalex.org/W3166555973,https://doi.org/10.1177/20539517211021437,Analysing discourse around COVID-19 in the Australian Twittersphere: A real-time corpus-based analysis,2021,article,Martin Schweinberger,Big Data & Society,Kitchin 2014:forward,screened,Exclude,deepseek/deepseek-v4-flash,Exclude
https://openalex.org/W3101966386,https://doi.org/10.1080/00343404.2020.1826421,Exploitation as innovation: research ethics and the governance of experimentation in the urban living lab,2020,article,Linnet Taylor,Regional Studies,Kitchin 2014:forward,screened,Maybe,deepseek/deepseek-v4-flash,Maybe
https://openalex.org/W3010964416,https://doi.org/10.31387/oscm0410258,Exploring Big Data Research: A Review of Published Articles from 2010 to 2018 Related to Logistics and Supply Chains,2020,article,Wecka Imam Yudhistyra,Operations and Supply Chain Management An International Journal,Kitchin 2014:forward,screened,Exclude,deepseek/deepseek-v4-flash,Exclude
https://openalex.org/W2513317161,https://doi.org/10.5334/bax.b,The Nature of Volunteered Geographic Information,2016,book-chapter,Cristina Capineri,Ubiquity Press eBooks,Kitchin 2014:forward,screened,Exclude,deepseek/deepseek-v4-flash,Exclude
https://openalex.org/W2766491841,https://doi.org/10.1080/1350178x.2017.1388964,Agent-based modelling as a foundation for big data,2017,article,Shu‐Heng Chen,Journal of Economic Methodology,Kitchin 2014:forward,screened,Exclude,deepseek/deepseek-v4-flash,Exclude
https://openalex.org/W2953804621,https://doi.org/10.1177/0038026119859742,Rethinking social media for qualitative research: The use of Facebook Activity Logs and Search History in interview settings,2019,article,Justine Gangneux,The Sociological Review,Kitchin 2014:forward,screened,Exclude,deepseek/deepseek-v4-flash,Exclude
https://openalex.org/W2994720439,https://doi.org/10.4108/eai.26-6-2018.162219,Application of real-time GIS analytics to support spatial intelligent decision-making in the era of big data for smart cities,2019,article,Mbongowo J. Mbuh,EAI Endorsed Transactions on Smart Cities,Kitchin 2014:forward,screened,Exclude,deepseek/deepseek-v4-flash,Exclude
https://openalex.org/W3007963287,https://doi.org/10.5117/ccr2020.1.003.loec,3bij3 – Developing a framework for researching recommender systems and their effects,2020,article,Felicia Löecherbach,Computational Communication Research,Kitchin 2014:forward,screened,Exclude,deepseek/deepseek-v4-flash,Exclude
https://openalex.org/W2947928605,https://doi.org/10.3390/systems7020027,Design Science Research: Evaluation in the Lens of Big Data Analytics,2019,article,Ahmed Elragal,Systems,Kitchin 2014:forward,screened,Exclude,deepseek/deepseek-v4-flash,Exclude
https://openalex.org/W2926557868,https://doi.org/10.1111/gere.12355,Grounding Big Data on Climate-Induced Human Mobility,2019,article,Ingrid Boas,Geographical Review,Kitchin 2014:forward,screened,Exclude,deepseek/deepseek-v4-flash,Exclude
https://openalex.org/W2730066672,https://doi.org/10.1142/s1793005717400038,Data Science: A New Paradigm in the Age of Big-Data Science and Analytics,2017,article,Claude Concolato,New Mathematics and Natural Computation,Kitchin 2014:forward,screened,Exclude,deepseek/deepseek-v4-flash,Exclude
https://openalex.org/W3082092060,https://doi.org/10.12759/hsr.45.2020.3.314-341,Social Research in Times of Big Data. The Challenges of New Data Worlds and the Need for a Sociology of Social Research,2020,article,Rainer Diaz-Bone,Social Science Open Access Repository (GESIS – Leibniz Institute for the Social Sciences),Kitchin 2014:forward,screened,Exclude,deepseek/deepseek-v4-flash,Exclude
https://openalex.org/W2521524499,https://doi.org/10.1177/2053951716659092,"The object of mobile spatial data, the subject in mobile spatial research",2016,article,Jim Thatcher,Big Data & Society,Kitchin 2014:forward,screened,Exclude,deepseek/deepseek-v4-flash,Exclude
https://openalex.org/W2803238266,https://doi.org/10.1108/jrit-05-2017-0010,Small data as a conversation starter for learning analytics,2017,article,Tom Broos,Journal of Research in Innovative Teaching & Learning,Kitchin 2014:forward,screened,Exclude,deepseek/deepseek-v4-flash,Exclude
https://openalex.org/W4398136024,https://doi.org/10.55596/001c.116414,"If Algorithms Dream of Customs, Do Customs Officials Dream of Algorithms? A Manifesto for Data Mobilisation in Customs",2020,article,Kunio Mikuriya,World Customs Journal,Kitchin 2014:forward,screened,Exclude,deepseek/deepseek-v4-flash,Exclude
https://openalex.org/W3203389505,https://doi.org/10.3280/rgioa3-2021oa12532,"Tourism Peaks on the Three Peaks. Using big data to monitor where, when and how many visitors impact the Dolomites UNESCO World Heritage Site",2021,article,Dario Bertocchi,RIVISTA GEOGRAFICA ITALIANA,Kitchin 2014:forward,screened,Exclude,deepseek/deepseek-v4-flash,Exclude
https://openalex.org/W2560287216,https://doi.org/10.1108/md-06-2015-0243,Toward a theory of collaboration for evidence-based management,2016,article,Farimah HakemZadeh,Management Decision,Kitchin 2014:forward,screened,Exclude,deepseek/deepseek-v4-flash,Exclude
https://openalex.org/W2886032821,https://doi.org/10.1080/15230406.2018.1495103,Sonifying data uncertainty with sound dimensions,2018,article,Andrea Ballatore,Cartography and Geographic Information Science,Kitchin 2014:forward,screened,Exclude,deepseek/deepseek-v4-flash,Exclude
https://openalex.org/W2972295720,https://doi.org/10.1515/sem-2018-0120,A data-driven computational semiotics: The semantic vector space of Magritte’s artworks,2019,article,Jean-François Chartier,Semiotica,Kitchin 2014:forward,screened,Exclude,deepseek/deepseek-v4-flash,Exclude
https://openalex.org/W3192273156,https://doi.org/10.1080/03906701.2021.1947951,‘#hellobrother needs to trend’: methodological reflections on the digital and emotional afterlife of mediated violence,2021,article,Anu A. Harju,International Review of Sociology,Kitchin 2014:forward,screened,Exclude,deepseek/deepseek-v4-flash,Exclude
https://openalex.org/W2751014545,https://doi.org/10.1177/0973703017712871,"Smart Cities, Mobile Technologies and Social Cohesion in India",2017,article,Jason Miklian,Indian Journal of Human Development,Kitchin 2014:forward,screened,Include,deepseek/deepseek-v4-flash,Include
https://openalex.org/W2897826487,https://doi.org/10.3233/efi-180209,"Disinformation, dystopia and post-reality in social media: A semiotic-cognitive perspective",2018,article,Rebeka Figueiredo da Guarda,Education for Information,Kitchin 2014:forward,screened,Exclude,deepseek/deepseek-v4-flash,Exclude
https://openalex.org/W4220684225,https://doi.org/10.1080/13658816.2022.2044484,Detecting country of residence from social media data: a comparison of methods,2022,article,Vuokko Heikinheimo,International Journal of Geographical Information Systems,Kitchin 2014:forward,screened,Exclude,deepseek/deepseek-v4-flash,Exclude
https://openalex.org/W2612689666,https://doi.org/10.1515/jdis-2017-0018,A Framework for the Assessment of Research and Its Impacts,2017,article,Cinzia Daraio,Journal of Data and Information Science,Kitchin 2014:forward,screened,Exclude,deepseek/deepseek-v4-flash,Exclude
https://openalex.org/W2589413812,https://doi.org/10.1080/14747731.2017.1286167,"The Affective Politics of the Sustainable Development Goals: Partnership, Capacity-Building, and Big Data",2017,article,Clive Gabay,Globalizations,Kitchin 2014:forward,screened,Exclude,deepseek/deepseek-v4-flash,Exclude
https://openalex.org/W3000120372,https://doi.org/10.24908/ss.v17i5.8688,Accidental Orientations: Rethinking Queerness in Archival Times,2019,article,Brian R. Schram,Surveillance & Society,Kitchin 2014:forward,screened,Exclude,deepseek/deepseek-v4-flash,Exclude
https://openalex.org/W3013379326,https://doi.org/10.4102/sajim.v22i1.1117,A framework for selecting analytics tools to improve healthcare big data usefulness in developing countries,2020,article,Tiko Iyamu,South African journal of information management,Kitchin 2014:forward,screened,Exclude,deepseek/deepseek-v4-flash,Exclude
https://openalex.org/W2742005534,https://doi.org/10.1080/14636778.2017.1354691,Shifting metaphors in direct-to-consumer genetic testing: from genes as information to genes as big data,2017,article,Paula Saukko,New Genetics and Society,Kitchin 2014:forward,screened,Exclude,deepseek/deepseek-v4-flash,Exclude
https://openalex.org/W3033675578,https://doi.org/10.1007/s11019-020-09960-5,Openness and trust in data-intensive science: the case of biocuration,2020,article,Ane Møller Gabrielsen,Medicine Health Care and Philosophy,Kitchin 2014:forward,screened,Exclude,deepseek/deepseek-v4-flash,Exclude
https://openalex.org/W2966551370,https://doi.org/10.1075/jlp.19006.gri,We can(’t) do this,2019,article,Tim Griebel,Journal of Language and Politics,Kitchin 2014:forward,screened,Exclude,deepseek/deepseek-v4-flash,Exclude
https://openalex.org/W3047348076,https://doi.org/10.1057/s41599-020-00544-5,Moving back to the future of big data-driven research: reflecting on the social in genomics,2020,article,Melanie Goisauf,Humanities and Social Sciences Communications,Kitchin 2014:forward,screened,Exclude,deepseek/deepseek-v4-flash,Exclude
https://openalex.org/W4210332333,https://doi.org/10.1080/00934690.2022.2028082,Big Data in Maritime Archaeology: Challenges and Prospects from the Middle East and North Africa,2022,article,Georgia Andreou,Journal of Field Archaeology,Kitchin 2014:forward,screened,Exclude,deepseek/deepseek-v4-flash,Exclude
https://openalex.org/W1902370489,https://doi.org/10.1080/00045608.2015.1054252,"Visual Geo-Literary and Historical Analysis, Tweetflickrtubing, and James Joyce's<i>Ulysses</i>(1922)",2015,article,Charles Travis,Annals of the Association of American Geographers,Kitchin 2014:forward,screened,Exclude,deepseek/deepseek-v4-flash,Exclude
https://openalex.org/W3128494811,https://doi.org/10.1080/1358684x.2020.1859357,What an English Teacher Knows: Teaching in the Post-truth Era,2021,article,Stephanie Wescott,Changing English,Kitchin 2014:forward,screened,Exclude,deepseek/deepseek-v4-flash,Exclude
https://openalex.org/W2600993172,https://doi.org/10.4018/978-1-5225-2512-7.ch007,Excel-lence in Data Visualization?,2017,book-chapter,Jacques Raubenheimer,Advances in data mining and database management book series,Kitchin 2014:forward,screened,Exclude,deepseek/deepseek-v4-flash,Exclude
https://openalex.org/W4213251200,https://doi.org/10.1177/14614448221078604,Algorithms as complementary abstractions,2022,article,Tobias Matzner,New Media & Society,Kitchin 2014:forward,screened,Exclude,deepseek/deepseek-v4-flash,Exclude
https://openalex.org/W2977315396,https://doi.org/10.1080/09640568.2019.1659132,Navigating a datascape: challenges in automating environmental data disclosure in China,2019,article,Matteo Tarantino,Journal of Environmental Planning and Management,Kitchin 2014:forward,screened,Exclude,deepseek/deepseek-v4-flash,Exclude
https://openalex.org/W3041641472,https://doi.org/10.1177/0163443720939427,Opinions that matter: the hybridization of opinion and reputation measurement in social media listening software,2020,article,Baptiste Kotras,Media Culture & Society,Kitchin 2014:forward,screened,Exclude,deepseek/deepseek-v4-flash,Exclude
https://openalex.org/W3045523235,https://doi.org/10.1177/0018726720946102,The moderating role of a city’s institutional capital and people’s migration status on career success in China,2020,article,Liang Guo,Human Relations,Kitchin 2014:forward,screened,Exclude,deepseek/deepseek-v4-flash,Exclude
https://openalex.org/W3137702388,https://doi.org/10.1177/2053951721996733,“More like a support tool”: Ambivalences around digital health from medical developers’ perspective,2021,article,Sarah Lenz,Big Data & Society,Kitchin 2014:forward,screened,Exclude,deepseek/deepseek-v4-flash,Exclude
https://openalex.org/W3128861414,https://doi.org/10.4337/9781800370517.00025,Comparing spatial data sources for cycling studies: a review,2021,book-chapter,Elias Willberg,Edward Elgar Publishing eBooks,Kitchin 2014:forward,screened,Exclude,deepseek/deepseek-v4-flash,Exclude
https://openalex.org/W3164940389,https://doi.org/10.3844/jcssp.2021.403.413,Big Data in Educational Institutions using RapidMiner to Predict Learning Effectiveness,2021,article,Evaristus Didik Madyatmadja,Journal of Computer Science,Kitchin 2014:forward,screened,Exclude,deepseek/deepseek-v4-flash,Exclude
https://openalex.org/W4362582712,https://doi.org/10.1016/j.cosust.2023.101278,Operations research and machine learning to manage risk and optimize production practices in agriculture: good and bad experience,2023,article,James H. Cock,Current Opinion in Environmental Sustainability,Kitchin 2014:forward,screened,Exclude,deepseek/deepseek-v4-flash,Exclude
https://openalex.org/W2901285186,https://doi.org/10.1136/bmjopen-2017-021318,Impact of abolishing prescription fees in Scotland on hospital admissions and prescribed medicines: an interrupted time series evaluation,2018,article,Andrew James Williams,BMJ Open,Kitchin 2014:forward,screened,Exclude,deepseek/deepseek-v4-flash,Exclude
https://openalex.org/W2953957520,https://doi.org/10.1177/1077800419857746,Critical Qualitative Research and Impact in the Public Sphere,2019,article,Nigel Fielding,Qualitative Inquiry,Kitchin 2014:forward,screened,Exclude,deepseek/deepseek-v4-flash,Exclude
https://openalex.org/W2987545056,https://doi.org/10.1017/s2047102519000335,Big Data Enters Environmental Law,2019,article,Claire Lajaunie,Transnational Environmental Law,Kitchin 2014:forward,screened,Exclude,deepseek/deepseek-v4-flash,Exclude
https://openalex.org/W4317772064,https://doi.org/10.1007/978-3-031-16624-2_3,"Data Justice, Computational Social Science and Policy",2023,book-chapter,Linnet Taylor,,Kitchin 2014:forward,screened,Exclude,deepseek/deepseek-v4-flash,Exclude
https://openalex.org/W3037392363,https://doi.org/10.5311/josis.2020.20.645,On the semantics of big Earth observation data for land classification,2020,article,Gilberto Câmara,Journal of Spatial Information Science,Kitchin 2014:forward,screened,Exclude,deepseek/deepseek-v4-flash,Exclude
https://openalex.org/W2912398491,https://doi.org/10.1371/journal.pone.0211350,Correlated impulses: Using Facebook interests to improve predictions of crime rates in urban areas,2019,article,Masoomali Fatehkia,PLoS ONE,Kitchin 2014:forward,screened,error,deepseek/deepseek-v4-flash,retries exhausted
https://openalex.org/W3081655773,https://doi.org/10.1080/00330124.2020.1787180,Potential and Pitfalls of Big Transport Data for Spatial Interaction Models of Urban Mobility,2020,article,Taylor M. Oshan,The Professional Geographer,Kitchin 2014:forward,screened,Exclude,deepseek/deepseek-v4-flash,Exclude
https://openalex.org/W3165410952,https://doi.org/10.1080/19460171.2021.1927776,Protected how? Problem representations of risk in the General Data Protection Regulation (GDPR),2021,article,Michaela Padden,Critical Policy Studies,Kitchin 2014:forward,screened,Exclude,deepseek/deepseek-v4-flash,Exclude.
https://openalex.org/W4213449925,https://doi.org/10.1017/s0959774321000639,Neolithization and Population Replacement in Britain: An Alternative View,2022,article,Julian Thomas,Cambridge Archaeological Journal,Kitchin 2014:forward,screened,Exclude,deepseek/deepseek-v4-flash,Exclude
https://openalex.org/W3131381003,https://doi.org/10.1111/joac.12416,The subversive practice of counting bodies: Documenting violence and conflict in rural Brazil,2021,article,Ricardo Barbosa,Journal of Agrarian Change,Kitchin 2014:forward,screened,Exclude,deepseek/deepseek-v4-flash,Exclude
https://openalex.org/W4220715476,https://doi.org/10.1016/j.envsci.2022.03.018,What is the importance of climate research? An innovative web-based approach to assess the influence and reach of climate research programs,2022,article,Bia Carneiro,Environmental Science & Policy,Kitchin 2014:forward,screened,Exclude,deepseek/deepseek-v4-flash,Exclude
https://openalex.org/W4386860246,https://doi.org/10.1007/s44206-023-00064-0,Towards a Citizen- and Citizenry-Centric Digitalization of the Urban Environment: Urban Digital Twinning as Commoning,2023,article,Stefano Calzati,Digital Society,Kitchin 2014:forward,screened,Exclude,deepseek/deepseek-v4-flash,Exclude
https://openalex.org/W4320484799,https://doi.org/10.1177/14696053231153499,"Events, narrative and data: why new chronologies or ethically Bayesian approaches should change how we write archaeology",2023,article,Seren Griffiths,Journal of Social Archaeology,Kitchin 2014:forward,screened,Exclude,deepseek/deepseek-v4-flash,Exclude.
https://openalex.org/W3037736926,https://doi.org/10.1515/edu-2020-0102,A Systematic Review of Higher Education Academics’ Use of Microblogging for Professional Development: Case of Twitter,2020,review,Lenandlar Singh,Open Education Studies,Kitchin 2014:forward,screened,Exclude,deepseek/deepseek-v4-flash,Exclude
https://openalex.org/W2923376850,https://doi.org/10.1080/02723638.2019.1591144,The limits of university regionalism,2019,article,Jean‐Paul D. Addie,Urban Geography,Kitchin 2014:forward,screened,Exclude,deepseek/deepseek-v4-flash,Exclude
https://openalex.org/W2973349552,https://doi.org/10.22230/cjc.2019v44n3a3481,Data Corruption: The Institutional Cultures of Data Collection and the Case of a Crime-Mapping System in Latin America,2019,article,Carlos Barreneche,Canadian Journal of Communication,Kitchin 2014:forward,screened,Include,deepseek/deepseek-v4-flash,Include
https://openalex.org/W3031578885,https://doi.org/10.1108/ijm-01-2019-0037,What is the employment potential of a lean platform? The case of Dutch self-employed service professionals,2020,article,Paul Jonker‐Hoffrén,International Journal of Manpower,Kitchin 2014:forward,screened,Exclude,deepseek/deepseek-v4-flash,Exclude
https://openalex.org/W4206400541,https://doi.org/10.1680/jmapl.21.00027,Preliminary benefits of big data in the construction industry: a case study,2022,article,Bernard Tuffour Atuahene,Proceedings of the Institution of Civil Engineers - Management Procurement and Law,Kitchin 2014:forward,screened,Exclude,deepseek/deepseek-v4-flash,Exclude
https://openalex.org/W4200297037,https://doi.org/10.32855/fcapital.202101.001,The academic precariat post-COVID-19,2021,article,Aidan Cornelius-Bell,Fast Capitalism,Kitchin 2014:forward,screened,Exclude,deepseek/deepseek-v4-flash,Exclude
https://openalex.org/W3206056647,https://doi.org/10.3390/su132011459,Examining Compliance with Personal Data Protection Regulations in Interorganizational Data Analysis,2021,article,Szu-Chuang Li,Sustainability,Kitchin 2014:forward,screened,Exclude,deepseek/deepseek-v4-flash,Exclude.
https://openalex.org/W4296138403,https://doi.org/10.3390/socsci11090414,Applications of Big Data in Media Organizations,2022,article,Andreas Veglis,Social Sciences,Kitchin 2014:forward,screened,Exclude,deepseek/deepseek-v4-flash,Exclude
https://openalex.org/W2796108297,https://doi.org/10.1111/age.12655,Lessons learnt on the analysis of large sequence data in animal genomics,2018,article,Filippo Biscarini,Animal Genetics,Kitchin 2014:forward,screened,Exclude,deepseek/deepseek-v4-flash,Exclude
https://openalex.org/W4247453190,https://doi.org/10.35940/ijeat.f1376.0986s319,Challenges and Research Disputes and Tools in Big Data Analytics,2019,article,K. Venkatesh,International Journal of Engineering and Advanced Technology,Kitchin 2014:forward,screened,Exclude,deepseek/deepseek-v4-flash,Exclude
https://openalex.org/W4385710688,https://doi.org/10.4018/978-1-6684-6868-5.ch004,Educational Technology,2023,book-chapter,Elisheba W. Kiru,Advances in educational technologies and instructional design book series,Kitchin 2014:forward,screened,Exclude,deepseek/deepseek-v4-flash,Exclude
https://openalex.org/W4328090398,https://doi.org/10.3233/ip-220053,Where is open data in the Open Data Directive?,2023,article,Heather Broomfield,Information Polity,Kitchin 2014:forward,screened,Exclude,deepseek/deepseek-v4-flash,Exclude
https://openalex.org/W2940486393,https://doi.org/10.20870/oeno-one.2019.53.2.2371,Unravelling the complexities of wine: A big data approach to yeast assimilable nitrogen,2019,article,Gabriella Petrovic,OENO One,Kitchin 2014:forward,screened,Exclude,deepseek/deepseek-v4-flash,Exclude
https://openalex.org/W2958746152,https://doi.org/10.1017/s106279871900005x,Data Aggregation as Social Relations: Making Datasets from Self-Tracking Data,2019,article,Dawn Nafus,European Review,Kitchin 2014:forward,screened,Exclude,deepseek/deepseek-v4-flash,Exclude
https://openalex.org/W3119183015,https://doi.org/10.51814/nm.99996,Mapping the languages of Twitter in Finland:,2020,article,Tuomo Hiippala,Neuphilologische Mitteilungen,Kitchin 2014:forward,screened,Exclude,deepseek/deepseek-v4-flash,Exclude
https://openalex.org/W3150652859,https://doi.org/10.21014/acta_imeko.v10i1.819,Preliminary study of an ancient earthquake-proof construction technique monitoring by an innovative structural health monitoring system,2021,article,Carmelo Scuro,ACTA IMEKO,Kitchin 2014:forward,screened,Exclude,deepseek/deepseek-v4-flash,Exclude
https://openalex.org/W2776517511,https://doi.org/10.1111/cag.12455,New technologies and the political economy of geomorphology,2018,article,Rob Inkpen,Canadian Geographies / Géographies canadiennes,Kitchin 2014:forward,screened,Exclude,deepseek/deepseek-v4-flash,Exclude
https://openalex.org/W3046401361,https://doi.org/10.15826/umpa.2020.02.018,THE SURVEY OF HEIS PERFORMANCE AS A DATA SOURCE ON HIGHER EDUCATION IN RUSSIA,2020,article,Angelika Tsivinskaya,University Management Practice and Analysis,Kitchin 2014:forward,screened,Exclude,deepseek/deepseek-v4-flash,Exclude
https://openalex.org/W2953176749,https://doi.org/10.1016/j.socscimed.2019.112368,Tracing medicinal agencies: Antidepressants and life-effects,2019,article,Minna Ruckenstein,Social Science & Medicine,Kitchin 2014:forward,screened,Exclude,deepseek/deepseek-v4-flash,Exclude
https://openalex.org/W2976798138,https://doi.org/10.1109/access.2019.2943845,An AI Approach to Collecting and Analyzing Human Interactions With Urban Environments,2019,article,Enrico Ferrara,IEEE Access,Kitchin 2014:forward,screened,Exclude,deepseek/deepseek-v4-flash,Exclude
https://openalex.org/W3049161608,https://doi.org/10.18517/ijods.1.2.57-71.2020,"Using Big Data Analytics for Decision Making: Analyzing Customer Behavior using Association Rule Mining in a Gold, Silver, and Precious Metal Trading Company in Indonesia",2020,article,Wecka Imam Yudhistyra,International Journal on Data Science,Kitchin 2014:forward,screened,Exclude,deepseek/deepseek-v4-flash,Exclude
https://openalex.org/W2964468619,https://doi.org/10.1111/rssa.12643,Exploiting New Forms of Data to Study the Private Rented Sector: Strengths and Limitations of a Database of Rental Listings,2021,article,Mark Livingston,Journal of the Royal Statistical Society Series A (Statistics in Society),Kitchin 2014:forward,screened,Exclude,deepseek/deepseek-v4-flash,Exclude
https://openalex.org/W3171112647,https://doi.org/10.1177/20539517211020775,Turning biases into hypotheses through method: A logic of scientific discovery for machine learning,2021,article,Simon Enni,Big Data & Society,Kitchin 2014:forward,screened,Exclude,deepseek/deepseek-v4-flash,Exclude
https://openalex.org/W3197900767,https://doi.org/10.1111/glob.12342,"Mapping the national web: Spaces, cultures and borders of diasporic mobilization in the digital age",2021,article,Olga Boichak,Global Networks,Kitchin 2014:forward,screened,Exclude,deepseek/deepseek-v4-flash,Exclude
https://openalex.org/W4223929406,https://doi.org/10.11591/eei.v11i2.3596,Contemporary and future research of digital humanities: a scientometric analysis,2022,article,Wirapong Chansanam,Bulletin of Electrical Engineering and Informatics,Kitchin 2014:forward,screened,Exclude,deepseek/deepseek-v4-flash,Exclude
https://openalex.org/W3038471051,https://doi.org/10.1080/17508487.2020.1786708,Platform stabilization: an autoethnographic exploration of the multiple relations and role of data behind the interface of online tutoring software,2020,article,Jochen Lange,Critical Studies in Education,Kitchin 2014:forward,screened,Exclude,deepseek/deepseek-v4-flash,Exclude
https://openalex.org/W2752498040,https://doi.org/10.1111/2041-210x.12889,A framework for high‐throughput eco‐evolutionary simulations integrating multilocus forward‐time population genetics and community ecology,2017,article,Kenichi W. Okamoto,Methods in Ecology and Evolution,Kitchin 2014:forward,screened,Exclude,deepseek/deepseek-v4-flash,Exclude
https://openalex.org/W4317772471,https://doi.org/10.1007/978-3-031-16624-2_4,The Ethics of Computational Social Science,2023,book-chapter,David Leslie,,Kitchin 2014:forward,screened,Exclude,deepseek/deepseek-v4-flash,Exclude
https://openalex.org/W4210492016,https://doi.org/10.1080/10439463.2022.2029433,Big Data applied to criminal investigations: expectations of professionals of police cooperation in the European Union,2022,article,Laura Neiva,Policing & Society,Kitchin 2014:forward,screened,Include,deepseek/deepseek-v4-flash,Include
https://openalex.org/W2970432147,https://doi.org/10.1371/journal.pone.0234428,The Position-Reputation-Information (PRI) scale of individual prestige,2020,article,Richard E. W. Berl,PLoS ONE,Kitchin 2014:forward,screened,Exclude,deepseek/deepseek-v4-flash,Exclude
https://openalex.org/W4283381334,https://doi.org/10.3390/philosophies7040072,Theory of Knowledge Based on the Idea of the Discursive Space,2022,article,Rafał Maciąg,Philosophies,Kitchin 2014:forward,screened,Exclude,deepseek/deepseek-v4-flash,Exclude
https://openalex.org/W3154806408,https://doi.org/10.1093/oxfordhb/9780190903084.013.27,Implementing Digitalisation in an Administrative Justice Context,2021,book-chapter,Jennifer Raso,Oxford University Press eBooks,Kitchin 2014:forward,screened,Exclude,deepseek/deepseek-v4-flash,Exclude
https://openalex.org/W2892238250,https://doi.org/10.1177/2399808318797135,"Parcels, points, and proximity: Can exhaustive sources of big data improve measurement in cities?",2018,article,Kevin Kane,Environment and Planning B Urban Analytics and City Science,Kitchin 2014:forward,screened,Exclude,deepseek/deepseek-v4-flash,Exclude
https://openalex.org/W4379053247,https://doi.org/10.3390/en16114446,A Review of the Energy Sector as a Key Factor in Industry 4.0: The Case of Spain,2023,article,Sonia García-Moreno,Energies,Kitchin 2014:forward,screened,Exclude,deepseek/deepseek-v4-flash,Exclude
https://openalex.org/W4308473681,https://doi.org/10.1177/13607804221110237,‘You Can’t Delete a Memory’: Managing the Data Past on Social Media in Everyday Life,2022,article,Benjamin N. Jacobsen,Sociological Research Online,Kitchin 2014:forward,screened,Exclude,deepseek/deepseek-v4-flash,Exclude
https://openalex.org/W4230136296,https://doi.org/10.1177/1354856520962670,Ageism in the era of digital platforms,2020,article,Andrea Rosales,Convergence The International Journal of Research into New Media Technologies,Kitchin 2014:forward,screened,Exclude,deepseek/deepseek-v4-flash,Exclude</s>
https://openalex.org/W4387222239,https://doi.org/10.1007/978-3-031-35664-3_2,4 IR Technologies to Facilitate Planning in Smart Cities of the Future,2023,book-chapter,Densil A. Williams,"Studies in energy, resource and environmental economics",Kitchin 2014:forward,screened,Exclude,deepseek/deepseek-v4-flash,Exclude
https://openalex.org/W4307825977,https://doi.org/10.16997/book54.f,Black Box Power: Zones of Uncertainty in Algorithmic Management,2022,book-chapter,Heiner Heiland,University of Westminster Press eBooks,Kitchin 2014:forward,screened,Exclude,deepseek/deepseek-v4-flash,Exclude
https://openalex.org/W2899322364,https://doi.org/10.16997/wpcc.288,"Navigational Mapping Practices: Contexts, Politics, Data",2018,article,Michael W. Duggan,Westminster Papers in Communication and Culture,Kitchin 2014:forward,screened,Include,deepseek/deepseek-v4-flash,Include
https://openalex.org/W4389613882,https://doi.org/10.3390/heritage6120402,"Potential Impact of Using ChatGPT-3.5 in the Theoretical and Practical Multi-Level Approach to Open-Source Remote Sensing Archaeology, Preliminary Considerations",2023,article,Nicodemo Abate,Heritage,Kitchin 2014:forward,screened,Exclude,deepseek/deepseek-v4-flash,Exclude
https://openalex.org/W3213652430,https://doi.org/10.1080/10646175.2021.1996491,Communicating Racism and Xenophobia in the Era of Donald Trump: A Computational Framing Analysis of the US-Mexico Cross-Border Wall Discourses,2021,article,Yowei Kang,Howard Journal of Communications,Kitchin 2014:forward,screened,Exclude,deepseek/deepseek-v4-flash,Exclude
https://openalex.org/W2945954833,https://doi.org/10.1089/cmb.2019.0087,From Gregor Mendel to Eric Davidson: Mathematical Models and Basic Principles in Biology,2019,article,Ute Deichmann,Journal of Computational Biology,Kitchin 2014:forward,screened,Exclude,deepseek/deepseek-v4-flash,Exclude
https://openalex.org/W4281391395,https://doi.org/10.1017/s1049096522000464,Can We Algorithmize Politics? The Promise and Perils of Computerized Text Analysis in Political Research,2022,article,Mor Mitrani,PS Political Science & Politics,Kitchin 2014:forward,screened,Exclude,deepseek/deepseek-v4-flash,Exclude
https://openalex.org/W3095437076,https://doi.org/10.1080/01972243.2020.1830211,Monstrous hybridity of social information technologies: Through the lens of photorealism and non-photorealism in archaeological visualization,2020,article,Isto Huvila,The Information Society,Kitchin 2014:forward,screened,Exclude,deepseek/deepseek-v4-flash,Exclude
https://openalex.org/W4318484634,https://doi.org/10.3390/heritage6020076,The Ontological Multiplicity of Digital Heritage Objects: 3D Modelling in the Cherish Project,2023,article,Sterling Mackinnon,Heritage,Kitchin 2014:forward,screened,Exclude,deepseek/deepseek-v4-flash,Exclude
https://openalex.org/W4221056300,https://doi.org/10.1108/jices-09-2021-0097,Federated data as a commons: a third way to subject-centric and collective-centric approaches to data epistemology and politics,2022,article,Stefano Calzati,Journal of Information Communication and Ethics in Society,Kitchin 2014:forward,screened,Exclude,deepseek/deepseek-v4-flash,Exclude
https://openalex.org/W4388522636,https://doi.org/10.1162/comj_a_00658,Composing the Assemblage: Probing Aesthetic and Technical Dimensions of Artistic Creation with Machine Learning,2022,article,Artemi-Maria Gioti,Computer Music Journal,Kitchin 2014:forward,screened,Exclude,deepseek/deepseek-v4-flash,Exclude
https://openalex.org/W2943825818,https://doi.org/10.11143/fennia.77626,"Generalization, epistemology and concrete: what can social sciences learn from the common sense of engineers",2019,article,Simone Tulumello,Fennia,Kitchin 2014:forward,screened,Exclude,deepseek/deepseek-v4-flash,Exclude
https://openalex.org/W4283072366,https://doi.org/10.1016/j.joi.2022.101310,Extracting the interdisciplinary specialty structures in social media data-based research: A clustering-based network approach,2022,article,Yangliu Fan,Journal of Informetrics,Kitchin 2014:forward,screened,Exclude,deepseek/deepseek-v4-flash,Exclude
https://openalex.org/W4401543777,https://doi.org/10.1080/17510694.2024.2338960,"Game development, data analytics, and discourses of care",2024,article,Ben Egliston,Creative Industries Journal,Kitchin 2014:forward,screened,Exclude,deepseek/deepseek-v4-flash,Exclude
https://openalex.org/W3215854883,https://doi.org/10.37450/ht.107896,"The Good, The Bad and The Ugly: AI in the higher education",2021,article,Nino Popkhadze,Hallinnon Tutkimus,Kitchin 2014:forward,screened,Exclude,deepseek/deepseek-v4-flash,Exclude
https://openalex.org/W3215107001,https://doi.org/10.1007/978-3-030-81226-3_1,Caring for (Big) Data: An Introduction to Research Methodologies and Ethical Challenges in Digital Migration Studies,2021,book-chapter,Marie Sandberg,,Kitchin 2014:forward,screened,Exclude,deepseek/deepseek-v4-flash,Exclude
https://openalex.org/W3172644637,https://doi.org/10.1177/08944393211019571,Twitter-Mediated Enterprise–Customer Communication: Case of Electricity Distribution Services in a Developing Country,2021,article,Adeola O. Opesade,Social Science Computer Review,Kitchin 2014:forward,screened,Exclude,deepseek/deepseek-v4-flash,Exclude
https://openalex.org/W4286321160,https://doi.org/10.1386/rjao_00053_1,Rate and review: Exploring listener motivations for engagement with music podcasts,2022,article,Craig Hamilton,Radio Journal International Studies in Broadcast & Audio Media,Kitchin 2014:forward,screened,Exclude,deepseek/deepseek-v4-flash,Exclude
https://openalex.org/W4306867189,https://doi.org/10.3389/fmtec.2022.971410,Large data for design research: An educational technology framework for studying design activity using a big data approach,2022,article,Corey Schimpf,Frontiers in Manufacturing Technology,Kitchin 2014:forward,screened,Exclude,deepseek/deepseek-v4-flash,Exclude
https://openalex.org/W4400383806,https://doi.org/10.1108/aaaj-11-2022-6167,Practical and theoretical judgment in data-driven financial due diligence,2024,article,Tim Kastrup,Accounting Auditing & Accountability Journal,Kitchin 2014:forward,screened,Exclude,deepseek/deepseek-v4-flash,Exclude
https://openalex.org/W4402080514,https://doi.org/10.51594/estj.v5i8.1516,"The future of project management in the digital age: Trends, challenges, and opportunities",2024,article,Ibrahim Adedeji Adeniran,Engineering Science & Technology Journal,Kitchin 2014:forward,screened,Exclude,deepseek/deepseek-v4-flash,Exclude
https://openalex.org/W4386259702,https://doi.org/10.4018/978-1-6684-7450-1.ch013,Leveraging Social Media Geographic Information for Smart Governance and Policy Making,2023,book-chapter,Munir Ahmad,Advances in social networking and online communities book series,Kitchin 2014:forward,screened,Exclude,deepseek/deepseek-v4-flash,Exclude
https://openalex.org/W4362732590,https://doi.org/10.1016/j.teler.2023.100059,Migrants vs. stayers in the pandemic – A sentiment analysis of Twitter content,2023,article,Olga Czeranowska,Telematics and Informatics Reports,Kitchin 2014:forward,screened,Exclude,deepseek/deepseek-v4-flash,Exclude
https://openalex.org/W4403475400,https://doi.org/10.1108/ejms-06-2024-0059,The impact of perceived knowledge on marketing agility in the context of big data: role of deployment level,2024,article,Matti Haverila,European Journal of Management Studies,Kitchin 2014:forward,screened,Exclude,deepseek/deepseek-v4-flash,Exclude
https://openalex.org/W4313318980,https://doi.org/10.22148/001c.57197,Grounding Theory in Digital Data: A Methodological Approach for a Reflective Procedural Framework,2022,article,Konstantin Freybe,Journal of Cultural Analytics,Kitchin 2014:forward,screened,Exclude,deepseek/deepseek-v4-flash,Exclude
https://openalex.org/W4402472165,https://doi.org/10.1111/napa.12226,Ethnography beyond thick data,2024,article,Ajda Pretnar Žagar,Annals of Anthropological Practice,Kitchin 2014:forward,screened,Exclude,deepseek/deepseek-v4-flash,Exclude
https://openalex.org/W4409229155,https://doi.org/10.1007/s11365-025-01100-w,"Researching entrepreneurship using big data: implementation, benefits, and challenges",2025,article,Adesuwa Omorede,International Entrepreneurship and Management Journal,Kitchin 2014:forward,screened,Exclude,deepseek/deepseek-v4-flash,Exclude
https://openalex.org/W4367675205,https://doi.org/10.4018/978-1-6684-7366-5.ch048,Big Data and Analytics,2023,book-chapter,Md. Toriqul Islam,Advances in information quality and management,Kitchin 2014:forward,screened,Exclude,deepseek/deepseek-v4-flash,Exclude
https://openalex.org/W4385763493,https://doi.org/10.1177/27541223231183114,A complex network analysis of local and non-local tourist flows in Beijing through mobile phone data,2023,article,Yang Xiao,Transactions in Planning and Urban Research,Kitchin 2014:forward,screened,Exclude,deepseek/deepseek-v4-flash,Exclude
https://openalex.org/W3044294560,https://doi.org/10.1177/1461444820912534,Mapping <i>Right to be Forgotten</i> frames: Reflexivity and empirical payoffs at the intersection of network discourse and mixed network methods,2020,article,Rebekah Larsen,New Media & Society,Kitchin 2014:forward,screened,Exclude,deepseek/deepseek-v4-flash,Exclude
https://openalex.org/W4386934216,https://doi.org/10.1111/1745-5871.12618,"Pandemic surveillance and mobilities across Sydney, New South Wales",2023,article,Duncan McDuie‐Ra,Geographical Research,Kitchin 2014:forward,screened,Include,deepseek/deepseek-v4-flash,Include
https://openalex.org/W4403226055,https://doi.org/10.1177/13548565241288452,Critical data studies meets discard studies: Waste data reflectivity in digital urban waste tracking system,2024,article,Celina Strzelecka,Convergence The International Journal of Research into New Media Technologies,Kitchin 2014:forward,screened,Include,deepseek/deepseek-v4-flash,Include
https://openalex.org/W4402822398,https://doi.org/10.1108/qram-08-2024-0172,Mapping data-driven management in accounting: the premise and promise of the debate and how to move beyond,2024,article,Martin Kornberger,Qualitative Research in Accounting & Management,Kitchin 2014:forward,screened,Exclude,deepseek/deepseek-v4-flash,Exclude
https://openalex.org/W3133317166,https://doi.org/10.19137/praxiseducativa-2021-250114,The Argentine digital education curriculum: an analysis of the “critical” dimension of digital skills,2021,article,Universidad Pedagógica Nacional,Praxis Educativa,Kitchin 2014:forward,screened,Exclude,deepseek/deepseek-v4-flash,Exclude
https://openalex.org/W4411521021,https://doi.org/10.1007/s44217-025-00647-8,Mapping theoretical approaches: a scoping review of data analytics in higher education,2025,article,Mthokozisi Masumbika Ncube,Discover Education,Kitchin 2014:forward,screened,Exclude,deepseek/deepseek-v4-flash,Exclude.
https://openalex.org/W3198978885,https://doi.org/10.4018/ijban.2021100101,Opportunities and Challenges in Wind Energy,2021,article,Youngkeun Choi,International Journal of Business Analytics,Kitchin 2014:forward,screened,Exclude,deepseek/deepseek-v4-flash,Exclude
https://openalex.org/W4404604645,https://doi.org/10.1093/oso/9780198882077.003.0022,Artificial Intelligence (AI) as the Growing Actor in Education,2024,book-chapter,Selin Akgün,,Kitchin 2014:forward,screened,Exclude,deepseek/deepseek-v4-flash,Exclude
https://openalex.org/W3150626823,https://doi.org/10.1080/20518196.2021.1894784,"Applied research through community building during International conferences. The case of the <i>International conference on best practices in World heritage</i>. Minorca, Spain",2021,article,Alicia Castillo,Journal of Community Archaeology & Heritage,Kitchin 2014:forward,screened,Exclude,deepseek/deepseek-v4-flash,Exclude
https://openalex.org/W4366292966,https://doi.org/10.1080/1369118x.2023.2193245,Data justice for youth in and leaving care: mapping the child welfare data landscape in Ontario,2023,article,Naomi Nichols,Information Communication & Society,Kitchin 2014:forward,screened,Exclude,deepseek/deepseek-v4-flash,Exclude
https://openalex.org/W4366989848,https://doi.org/10.1163/15718107-bja10058,Subjecthood in Cyberspace and the Uncanny Valley of International Law,2023,article,Outi Korhonen,Nordic Journal of International Law,Kitchin 2014:forward,screened,Exclude,deepseek/deepseek-v4-flash,Exclude
https://openalex.org/W4387051495,https://doi.org/10.1186/s40537-023-00801-9,A guide to creating an effective big data management framework,2023,article,Samantha T. Arundel,Journal Of Big Data,Kitchin 2014:forward,screened,Exclude,deepseek/deepseek-v4-flash,Exclude
https://openalex.org/W4389203570,https://doi.org/10.1177/15274764231210280,"<i>Person of Interest</i> as Media Technology of Surveillance: A Cautionary Tale for the Future of the National Security State With Diegetic Big Data Surveillance, Algorithmic Security, and Artificial Intelligence",2023,article,David Grondin,Television & New Media,Kitchin 2014:forward,screened,Exclude,deepseek/deepseek-v4-flash,Exclude
https://openalex.org/W4387498793,https://doi.org/10.1111/hith.12327,CAN A PREDICTED FUTURE STILL BE AN OPEN FUTURE? ALGORITHMIC FORECASTS AND ACTIONABILITY IN PRECISION MEDICINE<sup>*</sup>,2023,article,Elena Esposito,History and Theory,Kitchin 2014:forward,screened,Exclude,deepseek/deepseek-v4-flash,Exclude
https://openalex.org/W4400763721,https://doi.org/10.3390/futuretransp4030038,Planning of Urban Freight Innovation Ecosystems: A Systematic Literature Review from a Public Authority Perspective,2024,review,Luciano Agustin Pana Tronca,Future Transportation,Kitchin 2014:forward,screened,Exclude,deepseek/deepseek-v4-flash,Exclude
https://openalex.org/W4404834781,https://doi.org/10.1111/tgis.13277,<i>dciWebMapper</i> : A Data‐Driven and Coordinated View‐Enabled Interactive Web Mapping Framework for Visualizing and Sensing High‐Dimensional Geospatial (Big) Data,2024,article,Sarigai Sarigai,Transactions in GIS,Kitchin 2014:forward,screened,Exclude,deepseek/deepseek-v4-flash,Exclude
https://openalex.org/W4409343830,https://doi.org/10.31083/mrev39357,Guiding Distinctions of Management and Organisation Research. An Introduction,2025,article,Steffen Roth,management revue,Kitchin 2014:forward,screened,Exclude,deepseek/deepseek-v4-flash,Exclude
https://openalex.org/W4405167510,https://doi.org/10.2196/58227,Visualizing YouTube Commenters’ Conceptions of the US Health Care System: Semantic Network Analysis Method for Evidence-Based Policy Making,2024,article,Lana Ivanitskaya,JMIR Infodemiology,Kitchin 2014:forward,screened,Exclude,deepseek/deepseek-v4-flash,Exclude
https://openalex.org/W4412988602,https://doi.org/10.5465/amj.2023.1286,Interlacing Situated and Algorithmic Modes of Knowledge Work: A Workplace Jurisdiction Perspective,2025,article,Bomi Kim,Academy of Management Journal,Kitchin 2014:forward,screened,Exclude,deepseek/deepseek-v4-flash,Exclude
https://openalex.org/W4286632855,https://doi.org/10.1111/gean.12338,A Framework for Inserting Visually Supported Inferences into Geographical Analysis Workflow: Application to Road Safety Research,2022,article,Roger Beecham,Geographical Analysis,Kitchin 2014:forward,screened,Exclude,deepseek/deepseek-v4-flash,Exclude
https://openalex.org/W4297825847,https://doi.org/10.3389/frsut.2022.935369,A process for identifying challenges and opportunities for outdoor recreation and tourism development using participatory workshops and big data,2022,article,Hongchao Zhang,Frontiers in Sustainable Tourism,Kitchin 2014:forward,screened,Exclude,deepseek/deepseek-v4-flash,Exclude
https://openalex.org/W4382786917,https://doi.org/10.5334/bc.300,Urban data: harnessing subjective sociocultural data from local newspapers,2023,article,Filipe Mello Rose,Buildings and Cities,Kitchin 2014:forward,screened,Exclude,deepseek/deepseek-v4-flash,Exclude
https://openalex.org/W4382202254,https://doi.org/10.1177/20539517231173904,‘I’ve left enough data’: Relations between people and data and the production of surveillance,2023,article,H. Lee,Big Data & Society,Kitchin 2014:forward,screened,Include,deepseek/deepseek-v4-flash,Include
https://openalex.org/W4320029733,https://doi.org/10.1386/jucs_00056_1,Qiddiya’s Journey: A case study in urban imagineering and image laundering,2022,article,Andrés Felipe Grajales Ramírez,Journal of Urban Cultural Studies,Kitchin 2014:forward,screened,Include,deepseek/deepseek-v4-flash,Include
https://openalex.org/W4401826627,https://doi.org/10.1080/19439342.2024.2361008,Leveraging artificial intelligence and machine learning analytics for development effectiveness: a comprehensive approach to extract insights from project data,2024,article,Alessandra Garbero,Journal of Development Effectiveness,Kitchin 2014:forward,screened,Exclude,deepseek/deepseek-v4-flash,Exclude
https://openalex.org/W4399753404,https://doi.org/10.33140/jmtcm.03.05.04,Insights Unveiled: Harnessing AI to Explore Human Behaviour in Social Sciences,2024,article,,Journal of Mathematical Techniques and Computational Mathematics,Kitchin 2014:forward,screened,Exclude,deepseek/deepseek-v4-flash,Exclude
https://openalex.org/W4400879198,https://doi.org/10.3103/s0005105524700109,Data-Intensive Science: Problems and Development of the Fourth Paradigm,2024,article,А. О. Еркимбаев,Automatic Documentation and Mathematical Linguistics,Kitchin 2014:forward,screened,Exclude,deepseek/deepseek-v4-flash,Exclude
https://openalex.org/W4408149529,https://doi.org/10.1080/1369118x.2025.2474564,Data auxiliaries: making online dating ‘work’ with dating spreadsheets,2025,article,Skyler Wang,Information Communication & Society,Kitchin 2014:forward,screened,Exclude,deepseek/deepseek-v4-flash,Exclude
https://openalex.org/W4404976311,https://doi.org/10.47172/2965-730x.sdgsreview.v5.n02.pe03270,The Evolution of SDGs Rival: A Bibliometric Analysis of Greenwashing Over 30 Years,2024,article,Yihuan Lin,Journal of Lifestyle and SDGs Review,Kitchin 2014:forward,screened,Exclude,deepseek/deepseek-v4-flash,Exclude
https://openalex.org/W4412850316,https://doi.org/10.1177/14614448251338290,There is no such thing as a digital twin: Deconstructing sociotechnical imaginaries of digital twin technologies in Dutch urban governance,2025,article,Sofie de Wilde de Ligny,New Media & Society,Kitchin 2014:forward,screened,Include,deepseek/deepseek-v4-flash,Include
https://openalex.org/W4412402422,https://doi.org/10.1177/00380261251352378,"<i>Review article</i> : Data, algorithms and the asymmetric politics of extraction",2025,article,Benjamin N. Jacobsen,The Sociological Review,Kitchin 2014:forward,screened,Exclude,deepseek/deepseek-v4-flash,Exclude
https://openalex.org/W4410082448,https://doi.org/10.1080/15022250.2025.2484715,Stronger together: integrating geospatial data to understand human outdoor recreation,2025,article,Tiina Rinne,Scandinavian Journal of Hospitality and Tourism,Kitchin 2014:forward,screened,Exclude,deepseek/deepseek-v4-flash,Exclude
https://openalex.org/W3113924359,https://doi.org/10.3233/hsm-201075,Customer retention management: A complementary use of data mining and soft systems methodology,2020,article,Mohammad Mehrabioun Mohammadi,Human Systems Management,Kitchin 2014:forward,screened,Exclude,deepseek/deepseek-v4-flash,Exclude
https://openalex.org/W3214443300,https://doi.org/10.3390/data6110121,Bicycle Mobility Data: Current Use and Future Potential. An International Survey of Domain Professionals,2021,article,Christian Werner,Data,Kitchin 2014:forward,screened,Exclude,deepseek/deepseek-v4-flash,Exclude.
https://openalex.org/W4221132073,https://doi.org/10.1080/10511253.2022.2027477,Jumpstarting the Justice Disciplines: A Computational-Qualitative Approach to Collecting and Analyzing Text and Image Data in Criminology and Criminal Justice Studies,2022,article,Alex Luscombe,Journal of Criminal Justice Education,Kitchin 2014:forward,screened,Exclude,deepseek/deepseek-v4-flash,Exclude
https://openalex.org/W4393992788,https://doi.org/10.1080/09518398.2024.2336479,Ground-truthing as Critical Race Feminista Methodology: toward an embodied and community-centered GIS in educational inquiry,2024,article,Mayra Puente,International Journal of Qualitative Studies in Education,Kitchin 2014:forward,screened,Exclude,deepseek/deepseek-v4-flash,Exclude
https://openalex.org/W4403566005,https://doi.org/10.1177/26349795241292551,Arguing with numbers in social media based COVID-19 debates: A study of the argumentative functions of visual graphs,2024,article,Sumin Zhao,Multimodality & Society,Kitchin 2014:forward,screened,Exclude,deepseek/deepseek-v4-flash,Exclude
https://openalex.org/W4400283440,https://doi.org/10.55959/msu2070-1381-104-2024-162-180,Risks of Decision-Making Organization and Implementation Based on Big Data Analytics and Artificial Intelligence,2024,article,I.M. Kuznechenko,Государственное управление Электронный вестник,Kitchin 2014:forward,screened,Exclude,deepseek/deepseek-v4-flash,Exclude
https://openalex.org/W4409343819,https://doi.org/10.31083/mrev39361,From Neglect to Resonance? — The Twin Transition and Luhmann’s Legacy,2025,article,Margit Neisig,management revue,Kitchin 2014:forward,screened,Exclude,deepseek/deepseek-v4-flash,Exclude
https://openalex.org/W4309842665,https://doi.org/10.1108/itp-06-2021-0491,An organizational digital footprint for interruption management: a data-driven approach,2022,article,Tiina Kalliomäki‐Levanto,Information Technology and People,Kitchin 2014:forward,screened,Exclude,deepseek/deepseek-v4-flash,Exclude
https://openalex.org/W4404611661,https://doi.org/10.1108/dprg-05-2024-0090,"Algorithmic solutions, subjectivity and decision errors: a study of AI accountability",2024,article,Biju P.R.,Digital Policy Regulation and Governance,Kitchin 2014:forward,screened,Exclude,deepseek/deepseek-v4-flash,Exclude
https://openalex.org/W3178179989,https://doi.org/10.46666/2021-2.2708-9991.05,The main trends of digital economy in agricultural sector of Kazakhstan,2021,article,Sh. M. Каntаrbаyеvа,Problems of AgriMarket,Kitchin 2014:forward,screened,Exclude,deepseek/deepseek-v4-flash,Exclude
https://openalex.org/W4411200623,https://doi.org/10.1016/j.ssmph.2025.101826,"Does change in area-level deprivation, change health outcomes? A latent class growth analysis of population data",2025,article,Finola Ferry,SSM - Population Health,Kitchin 2014:forward,screened,Exclude,deepseek/deepseek-v4-flash,Exclude
https://openalex.org/W4411282915,https://doi.org/10.1111/imig.70047,"The Banalisation of ‘Suspicion’: Politics of Prevention, Digitisation of Prediction, Fate of Travellers",2025,article,Didier Bigo,International Migration,Kitchin 2014:forward,screened,Exclude,deepseek/deepseek-v4-flash,Exclude
https://openalex.org/W4391828117,https://doi.org/10.3167/aia.2023.300304,It's All about Data,2023,article,Francesca Esposito,Anthropology in Action,Kitchin 2014:forward,screened,Exclude,deepseek/deepseek-v4-flash,Exclude
https://openalex.org/W4406273412,https://doi.org/10.1177/23996544241313454,"Digitalizing sewage: The politics of producing, sharing, and operationalizing data from wastewater-based surveillance",2025,article,Josie Wittmer,Environment and Planning C Politics and Space,Kitchin 2014:forward,screened,Maybe,deepseek/deepseek-v4-flash,Maybe
https://openalex.org/W4283319558,https://doi.org/10.1093/oso/9780192859624.003.0004,Others,2022,book-chapter,Claudia Aradau,,Kitchin 2014:forward,screened,Exclude,deepseek/deepseek-v4-flash,Exclude
https://openalex.org/W4402760650,https://doi.org/10.3390/su16188211,Competence in Unsustainability Resolution—A New Paradigm,2024,article,Angela Dikou,Sustainability,Kitchin 2014:forward,screened,Exclude,deepseek/deepseek-v4-flash,Exclude
https://openalex.org/W4403433283,https://doi.org/10.1002/pra2.1043,Cross‐Domain Information Integration in Government: Hierarchies and Responsibilities,2024,article,Ciara Zogheib,Proceedings of the Association for Information Science and Technology,Kitchin 2014:forward,screened,Exclude,deepseek/deepseek-v4-flash,Exclude
https://openalex.org/W4402633531,https://doi.org/10.1177/09610006241279590,Globalizing data literacy: Unveiling methodologies and findings from the European Educability project (building the capacity of educators and librarians in information literacy),2024,article,Miguel-Ángel Marzal,Journal of Librarianship and Information Science,Kitchin 2014:forward,screened,Exclude,deepseek/deepseek-v4-flash,Exclude
https://openalex.org/W4408714232,https://doi.org/10.1177/20539517251328250,Outsourcing accountability: Extractive data practice and inequities of power in humanitarian third-party monitoring,2025,article,Stephanie Diepeveen,Big Data & Society,Kitchin 2014:forward,screened,Exclude,deepseek/deepseek-v4-flash,Exclude
https://openalex.org/W4409055258,https://doi.org/10.1140/epjds/s13688-025-00543-z,High earnings through firm influence: the role of hierarchical structures in public procurement,2025,article,Niclas Frederic Sturm,EPJ Data Science,Kitchin 2014:forward,screened,Exclude,deepseek/deepseek-v4-flash,Exclude
https://openalex.org/W4409831779,https://doi.org/10.38124/ijisrt/25mar404,Epistemic Risks of Big Data Analytics in Scientific Discovery: Analysis of the Reliability and Biases of Inductive Reasoning in Large-Scale Datasets,2025,article,George Kimwomi,,Kitchin 2014:forward,screened,Exclude,deepseek/deepseek-v4-flash,Exclude
https://openalex.org/W4410958457,https://doi.org/10.1177/20539517251340635,From static to dynamic evaluation: The potentials and challenges of dashboards to account for NRSs,2025,article,Árni Már Einarsson,Big Data & Society,Kitchin 2014:forward,screened,Exclude,deepseek/deepseek-v4-flash,Exclude
https://openalex.org/W4391312687,https://doi.org/10.4018/979-8-3693-1131-8.ch012,Recent Trends in Big Data,2024,book-chapter,S. Kannadhasan,"Advances in systems analysis, software engineering, and high performance computing book series",Kitchin 2014:forward,screened,Exclude,deepseek/deepseek-v4-flash,Exclude
https://openalex.org/W4411467463,https://doi.org/10.1002/aidi.202500033,What to Make and How to Make It: Combining Machine Learning and Statistical Learning to Design New Materials,2025,article,Jonathan Y. C. Ting,Advanced Intelligent Discovery,Kitchin 2014:forward,screened,Exclude,deepseek/deepseek-v4-flash,Exclude
https://openalex.org/W4416328740,https://doi.org/10.1177/23998083251398062,Big data from online debates to urban design and planning actions: Visualizing large-scale human-centric data for post-participation,2025,article,Cem Ataman,Environment and Planning B Urban Analytics and City Science,Kitchin 2014:forward,screened,Exclude,deepseek/deepseek-v4-flash,Exclude
https://openalex.org/W2800648222,https://doi.org/10.3390/fi10050037,"Ex Machina: Analytical platforms, Law and the Challenges of Computational Legal Science",2018,article,Nicola Lettieri,Future Internet,Kitchin 2014:forward,screened,Exclude,deepseek/deepseek-v4-flash,Exclude
https://openalex.org/W4413894125,https://doi.org/10.3390/soc15090241,Do We Need a Voice Methodology? Proposing a Voice-Centered Methodology: A Conceptual Framework in the Age of Surveillance Capitalism,2025,article,Laura Caroleo,Societies,Kitchin 2014:forward,screened,Exclude,deepseek/deepseek-v4-flash,Exclude
https://openalex.org/W4410156465,https://doi.org/10.1007/s44206-025-00198-3,Taming Affect: On the Construction of Objectivity in Data Annotation Practices,2025,article,Benedetta Catanzariti,Digital Society,Kitchin 2014:forward,screened,Exclude,deepseek/deepseek-v4-flash,Exclude
https://openalex.org/W2322964587,https://doi.org/10.1080/23800127.2016.1147752,Quantifying mobilities? Reflections on a neglected method in mobilities research,2016,article,Katharina Manderscheid,Applied Mobilities,Kitchin 2014:forward,screened,Exclude,deepseek/deepseek-v4-flash,Exclude
https://openalex.org/W2795390343,https://doi.org/10.17323/1728-192x-2018-1-213-236,"Big Data in Sociology: New Data, New Sociology?",2018,article,Katerina Guba,Sotsiologicheskoe Obozrenie / Russian Sociological Review,Kitchin 2014:forward,screened,Exclude,deepseek/deepseek-v4-flash,Exclude
https://openalex.org/W2558103784,https://doi.org/10.1177/2053951716679675,"Hackathons, data and discourse: Convolutions of the data (logical)",2016,article,Helen Thornham,Big Data & Society,Kitchin 2014:forward,screened,Exclude,deepseek/deepseek-v4-flash,Exclude
https://openalex.org/W3080645066,,Toward open computational communication science: A practical road map for reusable data and code,2019,article,Wouter van Atteveldt,UvA-DARE (University of Amsterdam),Kitchin 2014:forward,screened,Exclude,deepseek/deepseek-v4-flash,Exclude
https://openalex.org/W2339692734,https://doi.org/10.23987/sts.59199,"Co-Observing the Weather, Co-Predicting the Climate: Human Factors in Building Infrastructures for Crowdsourced Data",2016,article,Yuwei Lin,Science & Technology Studies,Kitchin 2014:forward,screened,Exclude,deepseek/deepseek-v4-flash,Exclude
https://openalex.org/W3008254632,https://doi.org/10.1177/1354856520907390,Sculpting digital voids: The politics of forgetting on Facebook,2020,article,Benjamin N. Jacobsen,Convergence The International Journal of Research into New Media Technologies,Kitchin 2014:forward,screened,Exclude,deepseek/deepseek-v4-flash,Exclude
https://openalex.org/W4242274968,https://doi.org/10.5194/isprsannals-iii-4-111-2016,"A NEW INITIATIVE FOR TILING, STITCHING AND PROCESSING GEOSPATIAL BIG DATA IN DISTRIBUTED COMPUTING ENVIRONMENTS",2016,article,A. Olasz,"ISPRS annals of the photogrammetry, remote sensing and spatial information sciences",Kitchin 2014:forward,screened,Exclude,deepseek/deepseek-v4-flash,Exclude
https://openalex.org/W2612900790,https://doi.org/10.1177/1468794117713058,What would Wittgenstein say about social media?,2017,article,Phillip Brooker,Qualitative Research,Kitchin 2014:forward,screened,Exclude,deepseek/deepseek-v4-flash,Exclude
https://openalex.org/W3093941272,https://doi.org/10.1111/area.12682,The values of open data,2020,article,Rob Inkpen,Area,Kitchin 2014:forward,screened,Exclude,deepseek/deepseek-v4-flash,Exclude
https://openalex.org/W3000945730,https://doi.org/10.2478/nispa-2019-0017,Examining the Core Dilemmas Hindering Big Data-related Transformations in Public-Sector Organisations,2019,article,Päivikki Kuoppakangas,NISPAcee Journal of Public Administration and Policy,Kitchin 2014:forward,screened,Exclude,deepseek/deepseek-v4-flash,Exclude
https://openalex.org/W2906891708,https://doi.org/10.5210/fm.v24i1.9554,Playing with data and its consequences,2019,article,Miren Gutiérrez,First Monday,Kitchin 2014:forward,screened,Exclude,deepseek/deepseek-v4-flash,Exclude
https://openalex.org/W2803382601,https://doi.org/10.1111/gec3.12374,Challenges to representing the population from new forms of consumer data,2018,article,Guy Lansley,Geography Compass,Kitchin 2014:forward,screened,Exclude,deepseek/deepseek-v4-flash,Exclude
https://openalex.org/W2990052513,https://doi.org/10.1080/2573234x.2019.1693912,The origins of business analytics and implications for the information systems field,2019,article,Nik Rushdi Hassan,Journal of Business Analytics,Kitchin 2014:forward,screened,Exclude,deepseek/deepseek-v4-flash,Exclude
https://openalex.org/W2886972825,https://doi.org/10.4018/978-1-5225-5519-3.ch008,Adaptive Online Learning Technology,2018,book-chapter,Miftachul Huda,Advances in educational technologies and instructional design book series,Kitchin 2014:forward,screened,Exclude,deepseek/deepseek-v4-flash,Exclude
https://openalex.org/W2901200606,https://doi.org/10.17645/pag.v6i4.1586,Realising the Benefits of Integrated Data for Local Policymaking: Rhetoric versus Reality,2018,article,Hannah Durrant,Politics and Governance,Kitchin 2014:forward,screened,Exclude,deepseek/deepseek-v4-flash,Exclude
https://openalex.org/W3038901005,https://doi.org/10.17645/up.v5i2.3385,Territories in Time: Mapping Palimpsest Horizons,2020,article,Chiara Cavalieri,Urban Planning,Kitchin 2014:forward,screened,Exclude,deepseek/deepseek-v4-flash,Exclude
https://openalex.org/W2552962718,https://doi.org/10.7717/peerj-cs.97,Ship space to database: emerging infrastructures for studies of the deep subseafloor biosphere,2016,article,Peter T. Darch,PeerJ Computer Science,Kitchin 2014:forward,screened,Exclude,deepseek/deepseek-v4-flash,Exclude
https://openalex.org/W2793641078,https://doi.org/10.1080/12460125.2018.1437654,What do we know about the big data researches? A systematic review from 2011 to 2017,2017,review,Saeed Rouhani,Journal of Decision System,Kitchin 2014:forward,screened,Exclude,deepseek/deepseek-v4-flash,Exclude
https://openalex.org/W3047775749,https://doi.org/10.1007/s10109-020-00334-2,Opening practice: supporting reproducibility and critical spatial data science,2020,article,Chris Brunsdon,Journal of Geographical Systems,Kitchin 2014:forward,screened,Exclude,deepseek/deepseek-v4-flash,Exclude
https://openalex.org/W2806843342,https://doi.org/10.1177/2053951718779407,"Constructing global data: Automated techniques in ecological monitoring, precaution and reification of risk",2018,article,Naveen Thayyil,Big Data & Society,Kitchin 2014:forward,screened,Exclude,deepseek/deepseek-v4-flash,Exclude
https://openalex.org/W3156671431,https://doi.org/10.3390/atmos12050539,Basic Statistical Estimation Outperforms Machine Learning in Monthly Prediction of Seasonal Climatic Parameters,2021,article,Eslam A. Hussein,Atmosphere,Kitchin 2014:forward,screened,Exclude,deepseek/deepseek-v4-flash,Exclude
https://openalex.org/W4214712736,https://doi.org/10.1111/cars.12376,Administrative data linkage in Canada: Implications for sociological research,2022,article,Yoko Yoshida,Canadian Review of Sociology/Revue canadienne de sociologie,Kitchin 2014:forward,screened,Exclude,deepseek/deepseek-v4-flash,Exclude
https://openalex.org/W2799958410,https://doi.org/10.1016/j.procir.2017.12.270,Disruptive data visualization towards zero-defects diagnostics,2018,article,Luís Ferreira,Procedia CIRP,Kitchin 2014:forward,screened,Exclude,deepseek/deepseek-v4-flash,Exclude
https://openalex.org/W2892921820,https://doi.org/10.1177/2053951718802316,"At close quarters: Combatting Facebook design, features and temporalities in social research",2018,article,Justine Gangneux,Big Data & Society,Kitchin 2014:forward,screened,Exclude,deepseek/deepseek-v4-flash,Exclude
https://openalex.org/W2995928349,https://doi.org/10.1080/08956308.2020.1686297,Mobile Market Research Applications as a New Voice of Customer Method,2019,article,William Green,Research-Technology Management,Kitchin 2014:forward,screened,Exclude,deepseek/deepseek-v4-flash,Exclude
https://openalex.org/W3022565025,https://doi.org/10.37173/cirr.26.86.3,The Concept of Human Security as a Basis for the Application of Big Data Concept in Establishment of Early Warning System for Crisis Management in the Republic of Croatia,2020,article,Ivana Cesarec,Croatian International Relations Review,Kitchin 2014:forward,screened,Exclude,deepseek/deepseek-v4-flash,Exclude
https://openalex.org/W2976414988,https://doi.org/10.1108/k-06-2019-0403,Bubble to panopticon: dark undercurrents of the big data torrent,2019,article,Mathew Maavak,Kybernetes,Kitchin 2014:forward,screened,Exclude,deepseek/deepseek-v4-flash,Exclude
https://openalex.org/W4237693875,https://doi.org/10.35940/ijrte.b1320.0982s1119,"Challenges, Open Research Issues and Tools in Bigdata Analytics",2019,article,,International Journal of Recent Technology and Engineering (IJRTE),Kitchin 2014:forward,screened,Exclude,deepseek/deepseek-v4-flash,Exclude
https://openalex.org/W2900825635,https://doi.org/10.1111/jnu.12446,Symptom Science Research in the Era of Big Data: Leveraging Interdisciplinary Resources and Partners to Make It Happen,2018,article,Elizabeth J. Corwin,Journal of Nursing Scholarship,Kitchin 2014:forward,screened,Exclude,deepseek/deepseek-v4-flash,Exclude
https://openalex.org/W2944493208,https://doi.org/10.1080/19331681.2019.1613280,Signs of convergence in party policies on digital technologies. A comparative analysis of party policy stances in Ireland and Germany,2019,article,Pascal D. König,Journal of Information Technology & Politics,Kitchin 2014:forward,screened,Exclude,deepseek/deepseek-v4-flash,Exclude
https://openalex.org/W2911928656,https://doi.org/10.1093/oso/9780190880668.003.0007,Theory in Social Work Science,2019,book-chapter,Susan P. Kemp,,Kitchin 2014:forward,screened,Exclude,deepseek/deepseek-v4-flash,Exclude
https://openalex.org/W2950514390,https://doi.org/10.1111/pere.12280,"Trace of pace, place, and space in personal relationships: The chronogeometrics of studying relationships at scale",2019,article,Brian H. Spitzberg,Personal Relationships,Kitchin 2014:forward,screened,Exclude,deepseek/deepseek-v4-flash,Exclude
https://openalex.org/W2951483909,https://doi.org/10.4102/sajbm.v50i1.217,Rothwell’s augmented generations of innovation theory: Novel theoretical insights and a proposed research agenda,2019,article,Chris William Callaghan,South African Journal of Business Management,Kitchin 2014:forward,screened,Exclude,deepseek/deepseek-v4-flash,Exclude
https://openalex.org/W2947496312,https://doi.org/10.1080/09620214.2019.1624593,‘Becoming European’? Respatialising the European Schools System through PISA for Schools,2019,article,Steven Lewis,International Studies in Sociology of Education,Kitchin 2014:forward,screened,Exclude,deepseek/deepseek-v4-flash,Exclude
https://openalex.org/W3137389323,https://doi.org/10.3390/ijgi10030188,Pyramidal Framework: Guidance for the Next Generation of GIS Spatial-Temporal Models,2021,article,Cyril Carré,ISPRS International Journal of Geo-Information,Kitchin 2014:forward,screened,Exclude,deepseek/deepseek-v4-flash,Exclude
https://openalex.org/W3127086292,https://doi.org/10.1108/aam-09-2020-0041,"1-2-3-4! Measuring the values of live music: methods, models and motivations",2021,article,Arno van der Hoeven,Arts and the Market,Kitchin 2014:forward,screened,Exclude,deepseek/deepseek-v4-flash,Exclude
https://openalex.org/W3035658036,https://doi.org/10.22363/2313-2272-2020-20-2-239-251,Media mythology of the social in the contemporary society,2020,article,Natalia V. Plotichkina,RUDN Journal of Sociology,Kitchin 2014:forward,screened,Exclude,deepseek/deepseek-v4-flash,Exclude
https://openalex.org/W4317745801,https://doi.org/10.7238/artnodes.v0i31.405249,A critical approach to Machine Learning forecast capabilities: creating a predictive biography in the age of the Internet of Behaviour (IoB),2023,article,Diego Díaz,Artnodes,Kitchin 2014:forward,screened,Include,deepseek/deepseek-v4-flash,Include
https://openalex.org/W4283791049,https://doi.org/10.1108/978-1-80262-637-720221012,The Impact of Big Data Technology on the Advancement of the Insurance Industry,2022,book-chapter,Teena Pareek,,Kitchin 2014:forward,screened,Exclude,deepseek/deepseek-v4-flash,Exclude
https://openalex.org/W2237468038,https://doi.org/10.1145/2874239.2874270,Machine learning in decisional process,2016,article,Teresa Scantamburlo,ACM SIGCAS Computers and Society,Kitchin 2014:forward,screened,Exclude,deepseek/deepseek-v4-flash,Exclude
https://openalex.org/W3139184437,https://doi.org/10.12759/hsr.45.2020.3.270-287,Source Criticism of Data Platform Logics on the Internet,2020,article,Gertraud Koch,Social Science Open Access Repository (GESIS – Leibniz Institute for the Social Sciences),Kitchin 2014:forward,screened,Exclude,deepseek/deepseek-v4-flash,Exclude
https://openalex.org/W3112414154,https://doi.org/10.1111/aeq.12359,"An Ethnography of Vulnerability: A New Materialist Approach to the Apparatus of Measurement, the Algorithm",2020,article,Valentina Riberi,Anthropology & Education Quarterly,Kitchin 2014:forward,screened,Exclude,deepseek/deepseek-v4-flash,Exclude
https://openalex.org/W2911678700,https://doi.org/10.1002/pra2.2018.14505501074,Transdisciplinary approaches to critical data studies,2018,article,Ryan Burns,Proceedings of the Association for Information Science and Technology,Kitchin 2014:forward,screened,Exclude,deepseek/deepseek-v4-flash,Exclude
https://openalex.org/W3186782692,https://doi.org/10.1002/wat2.1548,Visualizing water‐energy nexus landscapes,2021,article,Douglas Robb,Wiley Interdisciplinary Reviews Water,Kitchin 2014:forward,screened,Exclude,deepseek/deepseek-v4-flash,Exclude
https://openalex.org/W3204390954,https://doi.org/10.5121/ijcsea.2021.11502,Dealing Crisis Management using AI,2021,article,Yew Kee Wong,International Journal of Computer Science Engineering and Applications,Kitchin 2014:forward,screened,Exclude,deepseek/deepseek-v4-flash,Exclude
https://openalex.org/W4206737810,https://doi.org/10.1111/sjp.12451,Online Misinformation and “Phantom Patterns”: Epistemic Exploitation in the Era of Big Data,2021,article,Megan Fritts,The Southern Journal of Philosophy,Kitchin 2014:forward,screened,Exclude,deepseek/deepseek-v4-flash,Exclude
https://openalex.org/W3148619482,https://doi.org/10.2478/jos-2021-0001,"Building a Sample Frame of SMEs Using Patent, Search Engine, and Website Data",2021,article,Sanjay Arora,Journal of Official Statistics,Kitchin 2014:forward,screened,Exclude,deepseek/deepseek-v4-flash,Exclude
https://openalex.org/W3003739017,https://doi.org/10.22323/2.19010202,Datafictions: or how measurements and predictive analytics rule imagined future worlds,2020,article,Gernot Rieder,Journal of Science Communication,Kitchin 2014:forward,screened,Include,deepseek/deepseek-v4-flash,Include
https://openalex.org/W4389072998,https://doi.org/10.1080/03075079.2023.2284813,Tracing topic evolution in higher education: a text mining study on Italian universities,2023,article,Irene Spada,Studies in Higher Education,Kitchin 2014:forward,screened,Exclude,deepseek/deepseek-v4-flash,Exclude
https://openalex.org/W3194771566,https://doi.org/10.1108/acmm-06-2020-2334,Pitting corrosion prediction from cathodic data: application of machine learning,2021,article,Mohamed Nadir Boucherit,Anti-Corrosion Methods and Materials,Kitchin 2014:forward,screened,Exclude,deepseek/deepseek-v4-flash,Exclude
https://openalex.org/W3011893455,https://doi.org/10.4102/jamba.v12i1.795,Antibiotic resistance and R&amp;D failure: The need for near real-time disaster research,2020,article,Chris William Callaghan,Jàmbá Journal of Disaster Risk Studies,Kitchin 2014:forward,screened,Exclude,deepseek/deepseek-v4-flash,Exclude
https://openalex.org/W4365512275,https://doi.org/10.17645/up.v8i2.6351,What Role for Citizens? Evolving Engagement in Quadruple Helix Smart District Initiatives,2023,article,Hannah Devine‐Wright,Urban Planning,Kitchin 2014:forward,screened,Exclude,deepseek/deepseek-v4-flash,Exclude
https://openalex.org/W4388772991,https://doi.org/10.1007/s44212-023-00030-8,"Data-driven service planning in the Petabyte Age: the case of Arlington, Texas",2023,article,Jianling Li,Urban Informatics,Kitchin 2014:forward,screened,Exclude,deepseek/deepseek-v4-flash,Exclude
https://openalex.org/W2594707209,,What Communication Can Contribute to Data Studies: Three Lenses on Communication and Data,2017,article,Andrew Schrock,DOAJ (DOAJ: Directory of Open Access Journals),Kitchin 2014:forward,screened,Exclude,deepseek/deepseek-v4-flash,Exclude
https://openalex.org/W3092290804,https://doi.org/10.1007/s11573-021-01040-1,The digital leader: what one needs to master today’s organisational challenges,2021,article,Milan Frederik Klus,Journal of Business Economics,Kitchin 2014:forward,screened,Exclude,deepseek/deepseek-v4-flash,Exclude
https://openalex.org/W2986109595,https://doi.org/10.1145/3371041.3371045,Quality Assessment of Peer-Produced Content in Knowledge Repositories Using Big Data and Social Networks,2019,article,Srikar Velichety,ACM SIGMIS Database the DATABASE for Advances in Information Systems,Kitchin 2014:forward,screened,Exclude,deepseek/deepseek-v4-flash,Exclude
https://openalex.org/W3200691825,https://doi.org/10.1515/tw-2021-0013,The Big Data Illusion,2021,article,Dirk Schmücker,Zeitschrift für Tourismuswissenschaft,Kitchin 2014:forward,screened,Exclude,deepseek/deepseek-v4-flash,Exclude
https://openalex.org/W2264659705,https://doi.org/10.48336/ijbioj2019,"My Entire Life is Online: Informed Consent, Big Data, and Decolonial Knowledge",2015,article,Anne Joseph O’Connell,The Journal of Macrodynamic Analysis (Memorial University of Newfoundland),Kitchin 2014:forward,screened,Exclude,deepseek/deepseek-v4-flash,Exclude.
https://openalex.org/W4213144252,https://doi.org/10.4018/978-1-7998-9016-4.ch016,Big Data Analytics and the Discovery of the Hidden Data Treasure From Savings Banks in Germany,2022,book-chapter,Carsten Giebe,Advances in business information systems and analytics book series,Kitchin 2014:forward,screened,Exclude,deepseek/deepseek-v4-flash,Exclude
https://openalex.org/W4300862187,https://doi.org/10.4018/978-1-6684-7540-9.ch014,From Adaptive Learning Support to Fading Out Support for Effective Self-Regulated Online Learning,2022,book-chapter,Yoshiko Goda,IGI Global eBooks,Kitchin 2014:forward,screened,Exclude,deepseek/deepseek-v4-flash,Exclude
https://openalex.org/W4285087602,https://doi.org/10.1007/s13194-022-00477-7,"A pragmatic approach to scientific change: transfer, alignment, influence",2022,article,Stefano Canali,European Journal for Philosophy of Science,Kitchin 2014:forward,screened,Exclude,deepseek/deepseek-v4-flash,Exclude
https://openalex.org/W4226119574,https://doi.org/10.1353/ppp.2022.0005,"Datafied Brains and Digital Twins: Lessons From Industry, Caution For Psychiatry",2022,article,Stephen Rainey,"Philosophy, psychiatry & psychology",Kitchin 2014:forward,screened,Exclude,deepseek/deepseek-v4-flash,Exclude
https://openalex.org/W4389608835,https://doi.org/10.1007/s10676-023-09734-6,Can machine learning make naturalism about health truly naturalistic? A reflection on a data-driven concept of health,2023,article,Ariel Guersenzvaig,Ethics and Information Technology,Kitchin 2014:forward,screened,Exclude,deepseek/deepseek-v4-flash,Exclude
https://openalex.org/W4365804902,https://doi.org/10.3233/ip-220048,Is altruism dead? A critical case study on the paradigm shift in Open Government Data,2023,article,Tobias Mettler,Information Polity,Kitchin 2014:forward,screened,Exclude,deepseek/deepseek-v4-flash,Exclude
https://openalex.org/W4383481663,https://doi.org/10.1177/03063127231184443,Academic data science: Transdisciplinary and extradisciplinary visions,2023,article,Anissa Tanweer,Social Studies of Science,Kitchin 2014:forward,screened,Exclude,deepseek/deepseek-v4-flash,Exclude
https://openalex.org/W4390539571,https://doi.org/10.4324/9781003388418-6,Grassroots Data Activism and Polycentric Governance,2024,book-chapter,Daivi Rodima‐Taylor,,Kitchin 2014:forward,screened,Exclude,deepseek/deepseek-v4-flash,Exclude
https://openalex.org/W4362705552,https://doi.org/10.13189/eer.2023.110208,Instrumenting GIS as Smart City Tools to Identify the Impact of Tidal Flood Threat in the Coastal Zone of Pekalongan City,2023,article,Yasser Wahyuddin,Environment and Ecology Research,Kitchin 2014:forward,screened,Exclude,deepseek/deepseek-v4-flash,Exclude
https://openalex.org/W4396861650,https://doi.org/10.5334/dsj-2024-029,Unrestricted Versus Regulated Open Data Governance: A Bibliometric Comparison of SARS-CoV-2 Nucleotide Sequence Databases,2024,article,Nathanael Sheehan,Data Science Journal,Kitchin 2014:forward,screened,Exclude,deepseek/deepseek-v4-flash,Exclude
https://openalex.org/W4402759456,https://doi.org/10.1177/14648849241285721,The managerial and future-oriented role of audience data in data-informed news organisations,2024,article,Laura Ahva,Journalism,Kitchin 2014:forward,screened,Exclude,deepseek/deepseek-v4-flash,Exclude
https://openalex.org/W4396230911,https://doi.org/10.1145/3637317,Data Work Between the Local and the Global: An Ethnography of a Healthcare Business Intelligence Unit,2024,article,Asbjørn Malte Pedersen,Proceedings of the ACM on Human-Computer Interaction,Kitchin 2014:forward,screened,Exclude,deepseek/deepseek-v4-flash,Exclude
https://openalex.org/W4411988390,https://doi.org/10.35912/ajh.v1i1.1383,"Prevention of personal data privacy leakage in e-government, as the government’s responsibility",2023,article,Yayang Nuraini Zulfiani,Annals of Justice and Humanity,Kitchin 2014:forward,screened,Exclude,deepseek/deepseek-v4-flash,Exclude
https://openalex.org/W4387404169,https://doi.org/10.1016/j.futures.2023.103263,"Techno-legal expertise and the datafication of the state: Big data, accountability and the value of a social license with institutional roots",2023,article,Catherine Parsons Smith,Futures,Kitchin 2014:forward,screened,Exclude,deepseek/deepseek-v4-flash,Exclude
https://openalex.org/W4214496826,https://doi.org/10.1186/s40537-022-00574-7,Tensor extrapolation: an adaptation to data sets with missing entries,2022,article,Josef Schosser,Journal Of Big Data,Kitchin 2014:forward,screened,Exclude,deepseek/deepseek-v4-flash,Exclude
https://openalex.org/W4397020495,https://doi.org/10.1016/j.jjimei.2024.100249,From self-descriptions (SD) to self-recommendations (SR): Evolving Gaia-X for the future European economy,2024,article,Vincent Geilenberg,International Journal of Information Management Data Insights,Kitchin 2014:forward,screened,Exclude,deepseek/deepseek-v4-flash,Exclude
https://openalex.org/W4388944277,https://doi.org/10.1515/9783839467664-013,Media and the transformative potential of AI in the scientific field,2023,book-chapter,Andreas Sudmann,transcript Verlag eBooks,Kitchin 2014:forward,screened,Exclude,deepseek/deepseek-v4-flash,Exclude
https://openalex.org/W4400904701,https://doi.org/10.3390/admsci14080159,"Internationalization of Small and Medium-Sized Enterprises: Best Practices and the Emerging Concept of Foreign Champion, an Empirical Investigation",2024,article,Nuno Calheiros-Lobo,Administrative Sciences,Kitchin 2014:forward,screened,Exclude,deepseek/deepseek-v4-flash,Exclude
https://openalex.org/W4399207741,https://doi.org/10.1016/j.jenvp.2024.102339,Comparing thematic and search term-based coding in understanding sense of place in survey research,2024,article,Isabel Cotton,Journal of Environmental Psychology,Kitchin 2014:forward,screened,Exclude,deepseek/deepseek-v4-flash,Exclude
https://openalex.org/W4404154378,https://doi.org/10.1017/dap.2024.57,Augmentation or replication? Assessing big data’s role in migration studies,2024,article,Tuba Bircan,Data & Policy,Kitchin 2014:forward,screened,Exclude,deepseek/deepseek-v4-flash,Exclude
https://openalex.org/W4399756098,https://doi.org/10.24908/ss.v22i2.16300,The Canadian Clearview AI Investigation as a Call for Digital Policy Literacy,2024,article,Tamara Shepherd,Surveillance & Society,Kitchin 2014:forward,screened,Include,deepseek/deepseek-v4-flash,Include
https://openalex.org/W4412040269,https://doi.org/10.1080/15487733.2025.2521181,Sustainability powered by digitalization? (Re-)politicizing the debate,2025,article,Florian Steig,Sustainability Science Practice and Policy,Kitchin 2014:forward,screened,Include,deepseek/deepseek-v4-flash,Include
https://openalex.org/W2993064835,https://doi.org/10.1007/s13347-019-00379-2,Middleware’s Message: the Financial Technics of Codata,2019,article,Michael Castelle,Philosophy & Technology,Kitchin 2014:forward,screened,Exclude,deepseek/deepseek-v4-flash,Exclude
https://openalex.org/W4297633672,https://doi.org/10.1093/oxfordhb/9780198861126.013.16,Big Data and the Study of Political Participation,2022,book-chapter,Elena Pavan,Oxford University Press eBooks,Kitchin 2014:forward,screened,Exclude,deepseek/deepseek-v4-flash,Exclude
https://openalex.org/W3210235897,https://doi.org/10.1080/23340460.2021.1995461,The new EU counter-terrorism Agenda: preemptive security through the anticipation of terrorist events,2021,article,Christopher Baker‐Beall,Global Affairs,Kitchin 2014:forward,screened,Include,deepseek/deepseek-v4-flash,Include
https://openalex.org/W4388464929,https://doi.org/10.1162/qss_a_00271,New methodologies for the digital age? How methods (re-)organize research using social media data,2023,article,Yangliu Fan,Quantitative Science Studies,Kitchin 2014:forward,screened,Exclude,deepseek/deepseek-v4-flash,Exclude
https://openalex.org/W4403005248,https://doi.org/10.1080/02691728.2024.2400080,Infrastructures of Surveillance and Control in the Invisible City of Waste,2024,article,Kevin Pijpers,Social Epistemology,Kitchin 2014:forward,screened,Include,deepseek/deepseek-v4-flash,Include
https://openalex.org/W4410383495,https://doi.org/10.1016/j.geoforum.2025.104320,From headlines to hashtags: How media platforms shape smart city acceptance,2025,article,Reza Shaker,Geoforum,Kitchin 2014:forward,screened,Exclude,deepseek/deepseek-v4-flash,Exclude
https://openalex.org/W4408826137,https://doi.org/10.1177/20539517251325228,Inclusive yet marginalising: Symbolic empowerment through open big data in citizen science for transport planning,2025,article,Ho‐Yin Chan,Big Data & Society,Kitchin 2014:forward,screened,Exclude,deepseek/deepseek-v4-flash,Exclude
https://openalex.org/W4414965305,https://doi.org/10.1080/25729861.2025.2513198,Latin-American cyborg methods: hacking digital methodologies in and for the scientific south,2025,article,Henry Chávez,Tapuya Latin American Science Technology and Society,Kitchin 2014:forward,screened,Exclude,deepseek/deepseek-v4-flash,Exclude
https://openalex.org/W2904471185,https://doi.org/10.4018/978-1-5225-7065-3.ch004,Big Data and Doctoral Research,2018,book-chapter,Richard C. Berry,Advances in library and information science (ALIS) book series,Kitchin 2014:forward,screened,Exclude,deepseek/deepseek-v4-flash,Exclude
https://openalex.org/W4386509639,https://doi.org/10.32609/0042-8736-2023-9-103-120,The use of self-reports in economics: Methodological barriers and their overcoming,2023,article,Murat Bakeev,Voprosy Ekonomiki,Kitchin 2014:forward,screened,Exclude,deepseek/deepseek-v4-flash,Exclude
https://openalex.org/W3012261732,https://doi.org/10.7203/metode.11.15258,On Big Data: How should we make sense of them?,2020,article,Fulvio Mazzocchi,Mètode Revista de difusió de la investigació,Kitchin 2014:forward,screened,Exclude,deepseek/deepseek-v4-flash,Exclude
https://openalex.org/W4391218987,https://doi.org/10.37725/mgmt.2024.8864,Questioning ‘Feminine Managerial Behavior’ – A European Study Considering Gender Ideology,2024,article,Clotilde Coron,M n gement,Kitchin 2014:forward,screened,Exclude,deepseek/deepseek-v4-flash,Exclude
https://openalex.org/W4389939786,https://doi.org/10.1515/9783111317779-013,Scale and Narrative: Conceiving a Long-form Digital Argument for Data-driven Microhistory,2023,book-chapter,Stephen Robertson,,Kitchin 2014:forward,screened,Exclude,deepseek/deepseek-v4-flash,Exclude
https://openalex.org/W4406900752,https://doi.org/10.3167/saas.2024.320402,"Algorithmic Governance, Public Participation and Trust",2024,article,Maja Højer Bruun,Social Anthropology,Kitchin 2014:forward,screened,Include,deepseek/deepseek-v4-flash,Include
https://openalex.org/W4407885170,https://doi.org/10.1080/0735648x.2025.2468435,"Zombie criminology and disciplinary maintenance: How living-dead explanations that eat your brain, preserve the criminological status quo, and shape the criminological paradigm",2025,article,Michael J. Lynch,Journal of Crime and Justice,Kitchin 2014:forward,screened,Exclude,deepseek/deepseek-v4-flash,Exclude
https://openalex.org/W4405594852,https://doi.org/10.54337/ojs.perspektiv.v23i44.8383,Teaching spatial data science,2024,article,Ane Rahbek Vierø,Geoforum Perspektiv,Kitchin 2014:forward,screened,Exclude,deepseek/deepseek-v4-flash,Exclude
https://openalex.org/W4406642565,https://doi.org/10.54097/rhkc6j37,Application of Big Data in Bank Loan Risk Early Warning and Prediction,2025,article,Jinqing Li,Frontiers in Business Economics and Management,Kitchin 2014:forward,screened,Exclude,deepseek/deepseek-v4-flash,Exclude
https://openalex.org/W4409589769,https://doi.org/10.2478/nor-2025-0004,Datafying citizens: Third-party trackers and data-as-payment in government infrastructure,2025,article,Helle Sjøvaag,Nordicom review/NORDICOM review,Kitchin 2014:forward,screened,Include,deepseek/deepseek-v4-flash,Include
https://openalex.org/W4410512647,https://doi.org/10.1145/3710955,Data Practices and Double-Binds of Toronto's Climate Governance,2025,article,Cassandra Chanen,Proceedings of the ACM on Human-Computer Interaction,Kitchin 2014:forward,screened,Exclude,deepseek/deepseek-v4-flash,Exclude
https://openalex.org/W4414082756,https://doi.org/10.1111/cobi.70145,Prospects and perils in the geospatial turn of conservation,2025,article,Jocelyne S. Sze,Conservation Biology,Kitchin 2014:forward,screened,Exclude,deepseek/deepseek-v4-flash,Exclude
https://openalex.org/W4408013933,https://doi.org/10.1007/978-3-031-75674-0_11,Relationality and Data Justice for Trustworthy AI Practices in Africa,2025,book-chapter,Emma Ruttkamp,,Kitchin 2014:forward,screened,Exclude,deepseek/deepseek-v4-flash,Exclude
https://openalex.org/W4320148512,https://doi.org/10.18384/2310-7227-2022-4-81-91,BIG DATA AND THE ORGANIZATION OF SOCIAL CONTROL IN THE DIGITAL SOCIETY,2022,article,Светлана Ипатовна Платонова,Vestnik Moskovskogo gosudarstvennogo oblastnogo universiteta. Seriâ Filosofskie nauki/Vestnik Moskovskogo gosudarstvennogo oblastnogo universiteta. Seriâ: Filosofskie nauki,Kitchin 2014:forward,screened,Maybe,deepseek/deepseek-v4-flash,Maybe
https://openalex.org/W4414735322,https://doi.org/10.63973/1998-6785/2025-3/52-62,Generative Neural Networks in Empirical Sociological Research: Opportunities and Limitations,2025,article,V. A. Smirnov,Ойкумена Регионоведческие исследования,Kitchin 2014:forward,screened,Exclude,deepseek/deepseek-v4-flash,Exclude
https://openalex.org/W4415113711,https://doi.org/10.35295/osls.iisl.2311,From minds to law,2025,article,Nicola Lettieri,Oñati Socio-legal Series,Kitchin 2014:forward,screened,Exclude,deepseek/deepseek-v4-flash,Exclude
https://openalex.org/W2343323670,https://doi.org/10.1080/22041451.2016.1155337,"Things, tags, topics: Thingiverse’s object-centred network",2016,article,Robbie Fordyce,Communication Research and Practice,Kitchin 2014:forward,screened,Exclude,deepseek/deepseek-v4-flash,Exclude
https://openalex.org/W2467806395,https://doi.org/10.5194/isprs-annals-iii-4-111-2016,"A NEW INITIATIVE FOR TILING, STITCHING AND PROCESSING GEOSPATIAL BIG DATA IN DISTRIBUTED COMPUTING ENVIRONMENTS",2016,article,Angéla Olasz,"ISPRS annals of the photogrammetry, remote sensing and spatial information sciences",Kitchin 2014:forward,screened,Exclude,deepseek/deepseek-v4-flash,Exclude
https://openalex.org/W2400347903,https://doi.org/10.1027/1016-9040/a000257,Towards Computational and Behavioral Social Science,2016,article,Rosaria Conte,European Psychologist,Kitchin 2014:forward,screened,Exclude,deepseek/deepseek-v4-flash,Exclude
https://openalex.org/W2609838450,https://doi.org/10.1177/1478929917693643,The Data Science of Politics,2017,article,Helen Margetts,Political Studies Review,Kitchin 2014:forward,screened,Exclude,deepseek/deepseek-v4-flash,Exclude
https://openalex.org/W2943192611,https://doi.org/10.1109/mts.2019.2930273,Caveat Emptor: The Risks of Using Big Data for Human Development,2019,article,Siddique Latif,IEEE Technology and Society Magazine,Kitchin 2014:forward,screened,Exclude,deepseek/deepseek-v4-flash,Exclude
https://openalex.org/W1839795708,https://doi.org/10.1080/10106049.2015.1073364,Interactive visual cluster detection in large geospatial datasets based on dynamic density volume visualization,2015,article,Fei Du,Geocarto International,Kitchin 2014:forward,screened,Exclude,deepseek/deepseek-v4-flash,Exclude
https://openalex.org/W2997340660,https://doi.org/10.1017/jlg.2019.10,"Lörres, Möppes, and the Swiss. (Re)Discovering regional patterns in anonymous social media data",2019,article,Christoph Purschke,Journal of Linguistic Geography,Kitchin 2014:forward,screened,Exclude,deepseek/deepseek-v4-flash,Exclude
https://openalex.org/W2953785317,https://doi.org/10.2478/nor-2019-0015,Exploring the Meaning Problem of Big and Small Data Through Digital Method Triangulation,2019,article,Sara Leckner,Nordicom review/NORDICOM review,Kitchin 2014:forward,screened,Exclude,deepseek/deepseek-v4-flash,Exclude
https://openalex.org/W2301741619,https://doi.org/10.1080/00207659.2016.1130409,Political Behavior and Big Data,2016,article,J. Craig Jenkins,International Journal of Sociology,Kitchin 2014:forward,screened,Exclude,deepseek/deepseek-v4-flash,Exclude
https://openalex.org/W3030538938,https://doi.org/10.1142/s1793431120400035,A Comprehensive Review of the Worldwide Existing Tsunami Databases,2020,article,Sixue Cheng,Journal of Earthquake and Tsunami,Kitchin 2014:forward,screened,Exclude,deepseek/deepseek-v4-flash,Exclude
https://openalex.org/W3133275738,https://doi.org/10.12759/hsr.45.2020.4.7-44,Negotiating the Aftermath of Forced Migration: A View from the Intersection of War and Migration Studies in the Digital Age,2020,article,Christoph Raß,Social Science Open Access Repository (GESIS – Leibniz Institute for the Social Sciences),Kitchin 2014:forward,screened,Exclude,deepseek/deepseek-v4-flash,Exclude
https://openalex.org/W2754956102,https://doi.org/10.1080/23299460.2017.1360718,Big data and technology assessment: research topic or competitor?,2017,article,Gernot Rieder,Journal of Responsible Innovation,Kitchin 2014:forward,screened,Exclude,deepseek/deepseek-v4-flash,Exclude
https://openalex.org/W2965023199,https://doi.org/10.1177/2053951719867359,Data ratcheting and data-driven organisational change in transport,2019,article,Liam Heaphy,Big Data & Society,Kitchin 2014:forward,screened,Exclude,deepseek/deepseek-v4-flash,Exclude
https://openalex.org/W2989619091,https://doi.org/10.20849/ajsss.v4i4.671,Urban Metabolism and the UM-US-SC Nexus,2019,article,Tong Zou,Asian Journal of Social Science Studies,Kitchin 2014:forward,screened,Exclude,deepseek/deepseek-v4-flash,Exclude
https://openalex.org/W2625713191,https://doi.org/10.2196/jmir.6676,"MyGeneFriends: A Social Network Linking Genes, Genetic Diseases, and Researchers",2017,article,Alexis Allot,Journal of Medical Internet Research,Kitchin 2014:forward,screened,Exclude,deepseek/deepseek-v4-flash,Exclude
https://openalex.org/W2972739608,https://doi.org/10.3390/a12090190,Parallelism Strategies for Big Data Delayed Transfer Entropy Evaluation,2019,article,Jonas Rossi Dourado,Algorithms,Kitchin 2014:forward,screened,Exclude,deepseek/deepseek-v4-flash,Exclude
https://openalex.org/W3037178469,https://doi.org/10.3390/su12125219,A Social Network Analysis of the Spanish Network of Smart Cities,2020,article,Ivan Serrano,Sustainability,Kitchin 2014:forward,screened,Exclude,deepseek/deepseek-v4-flash,Exclude
https://openalex.org/W3017066490,https://doi.org/10.30853/manuscript.2020.4.24,Big Data: Challenges and Opportunities in Social Sciences,2020,article,Светлана Ипатовна Платонова,Manuscript,Kitchin 2014:forward,screened,Exclude,deepseek/deepseek-v4-flash,Exclude
https://openalex.org/W3033986317,https://doi.org/10.1108/s1479-367920200000039014,Exploring Comparative and International Education as a Meta-Assemblage: The (Re)Configuration of an Interdisciplinary Field in the Age of Big Data,2020,book-chapter,Florin D. Salajan,International perspectives on education and society,Kitchin 2014:forward,screened,Exclude,deepseek/deepseek-v4-flash,Exclude
https://openalex.org/W3210650969,,Quantitative intersectional data (QUINTA): a #metoo case study,2021,article,Alicia E. Boyd,The Institutional Repository at DePaul University (DePaul University),Kitchin 2014:forward,screened,Exclude,deepseek/deepseek-v4-flash,Exclude
https://openalex.org/W4213431133,https://doi.org/10.7560/ic57105,Datafying Museum Visitors: A Research Agenda,2022,article,Pille Pruulmann-Vengerfeldt,Information & Culture,Kitchin 2014:forward,screened,Exclude,deepseek/deepseek-v4-flash,Exclude
https://openalex.org/W3133840400,https://doi.org/10.1007/978-3-030-63693-7_1,The Data Shake: An Opportunity for Experiment-Driven Policy Making,2021,book-chapter,Grazia Concilio,SpringerBriefs in applied sciences and technology,Kitchin 2014:forward,screened,Exclude,deepseek/deepseek-v4-flash,Exclude
https://openalex.org/W3169227689,https://doi.org/10.13136/isr.v11i4s.428,Studying the Digital Society: Digital Methods between Tradition and Innovation in Social Research,2021,article,Felice Addeo,Università degli Studi di Verona,Kitchin 2014:forward,screened,Exclude,deepseek/deepseek-v4-flash,Exclude
https://openalex.org/W4308722091,https://doi.org/10.35295/osls.iisl/0000-0000-0000-1360,Policing the poor through space,2022,article,Carlo Gatti,Oñati Socio-legal Series,Kitchin 2014:forward,screened,Include,deepseek/deepseek-v4-flash,Include
https://openalex.org/W3115929950,https://doi.org/10.55612/s-5002-045-008,Developing a Design Inquiry Method for Data Exploration,2020,article,Péter Kun,Interaction design & architecture(s)/ID&A Interaction design & architecture(s),Kitchin 2014:forward,screened,Exclude,deepseek/deepseek-v4-flash,Exclude
https://openalex.org/W2556575456,,THE USE OF BIG DATA IN THE FIELD OF DIGITAL FORENSICS INVESTIGATIONS (COMPARATIVE STUDY BETWEEN DIGITAL FORENSICS IN UK AND NIGERIA),2015,article,Uma Mohan Saminu Salisu,,Kitchin 2014:forward,screened,Exclude,deepseek/deepseek-v4-flash,Exclude
https://openalex.org/W4386322992,https://doi.org/10.1016/j.emospa.2023.100965,Introducing a more-than-quantitative approach to explore emerging structures of feeling in the everyday,2023,article,Katy Bennett,"Emotion, space and society",Kitchin 2014:forward,screened,Exclude,deepseek/deepseek-v4-flash,Exclude
https://openalex.org/W2757212869,https://doi.org/10.4018/ijskd.2017040104,The Probabilistic Innovation Field of Scientific Enquiry,2017,article,Chris William Callaghan,International Journal of Sociotechnology and Knowledge Development,Kitchin 2014:forward,screened,Exclude,deepseek/deepseek-v4-flash,Exclude
https://openalex.org/W2915160461,https://doi.org/10.1001/jamaophthalmol.2018.7055,Data Analytics and Machine Learning for Disease Identification in Electronic Health Records,2019,article,Kurt K. Benke,JAMA Ophthalmology,Kitchin 2014:forward,screened,Exclude,deepseek/deepseek-v4-flash,Exclude
https://openalex.org/W2595949425,https://doi.org/10.5334/ai.1909,Exploring Ancient Identities in Modern Britain,2016,article,Chiara Bonacchi,Archaeology International,Kitchin 2014:forward,screened,Exclude,deepseek/deepseek-v4-flash,Exclude
https://openalex.org/W3119902808,https://doi.org/10.14246/irspsd.9.1_1,Planning the 21st Century City – Four Snapshots for a New Science,2021,article,Michael Batty,International Review for Spatial Planning and Sustainable Development,Kitchin 2014:forward,screened,Exclude,deepseek/deepseek-v4-flash,Exclude
https://openalex.org/W3135050918,https://doi.org/10.1080/13645579.2021.1892379,Participative epistemology in social data science: combining ethnography with computational and statistical approaches,2021,article,Gian Marco Campagnolo,International Journal of Social Research Methodology,Kitchin 2014:forward,screened,Exclude,deepseek/deepseek-v4-flash,Exclude
https://openalex.org/W3180557267,https://doi.org/10.1108/s1479-367920210000040010,A Comparative Examination of Regulated and Unregulated Big Data Analytics as (Re)Makers of Complex Educational Assemblages in the European Union and the Caribbean Community,2021,book-chapter,Florin D. Salajan,,Kitchin 2014:forward,screened,Exclude,deepseek/deepseek-v4-flash,Exclude
https://openalex.org/W3205785744,https://doi.org/10.1080/09537325.2021.1990876,Unpacking data analytics: rhetorical analysis,2021,article,Lauri Lepistö,Technology Analysis and Strategic Management,Kitchin 2014:forward,screened,Exclude,deepseek/deepseek-v4-flash,Exclude
https://openalex.org/W3195032612,https://doi.org/10.1108/jices-11-2020-0117,Towards a political theory of data justice: a public good perspective,2021,article,Chi Kwok,Journal of Information Communication and Ethics in Society,Kitchin 2014:forward,screened,Exclude,deepseek/deepseek-v4-flash,Exclude
https://openalex.org/W3149777023,https://doi.org/10.1080/09502386.2021.1895256,Data(-)based ambivalence regarding NYC 311 data infrastructure,2021,article,Lindsay Poirier,Cultural Studies,Kitchin 2014:forward,screened,Exclude,deepseek/deepseek-v4-flash,Exclude
https://openalex.org/W3208911324,https://doi.org/10.12759/hsr.46.2021.1.230-260,The Plurality of Daily Digital Health. The Emergence of a New Form of Health Coordination,2021,article,Valeska Cappel,Open MIND,Kitchin 2014:forward,screened,Exclude,deepseek/deepseek-v4-flash,Exclude
https://openalex.org/W3213646452,https://doi.org/10.3389/fpsyg.2021.677713,"Digital Narratives During the Pandemic: TV Series, Social Media, and Conversations on the Internet",2021,article,Rut Martínez Borda,Frontiers in Psychology,Kitchin 2014:forward,screened,Exclude,deepseek/deepseek-v4-flash,Exclude
https://openalex.org/W3210385284,https://doi.org/10.4135/9781529793536.n1,Introducing Digital Geographies,2019,book-chapter,James Ash,,Kitchin 2014:forward,screened,Exclude,deepseek/deepseek-v4-flash,Exclude
https://openalex.org/W4292723274,https://doi.org/10.1080/0735648x.2022.2114099,Expanding the methodological toolkit of criminology and criminal justice with the Total Error Framework,2022,article,Thom Snaphaan,Journal of Crime and Justice,Kitchin 2014:forward,screened,Exclude,deepseek/deepseek-v4-flash,Exclude
https://openalex.org/W4362677403,https://doi.org/10.21608/zvjz.2023.178561.1195,Predicting the Monthly Average Price (LE/KG) For Egyptian Broiler Farms (2019–2022) Using Auto regressive Integrated-Moving-Average (ARIMA) Model,2023,article,Sara E. Shahin,Zagazig Veterinary Journal/Zagazig Veterinary Journal (Online),Kitchin 2014:forward,screened,Exclude,deepseek/deepseek-v4-flash,Exclude
https://openalex.org/W4313203886,https://doi.org/10.37467/revtechno.v11.4391,"Héroes, ídolos y Jóvenes influencers",2022,article,Pilar Lacasa,TECHNO REVIEW International Technology Science and Society Review /Revista Internacional de Tecnología Ciencia y Sociedad,Kitchin 2014:forward,screened,Exclude,deepseek/deepseek-v4-flash,Exclude
https://openalex.org/W2514323978,https://doi.org/10.4018/ijksr.2016040102,"The Good, the Ugly and the Bad Situation Awareness in the Big Data",2016,article,Ernesto D’Avanzo,International Journal of Knowledge Society Research,Kitchin 2014:forward,screened,Exclude,deepseek/deepseek-v4-flash,Exclude
https://openalex.org/W4366281359,https://doi.org/10.1007/s10612-023-09683-y,Making Crime Visible in the Digital Age: The Ethnomethods of Data Policing,2023,article,André Buscariolli,Critical Criminology,Kitchin 2014:forward,screened,Include,deepseek/deepseek-v4-flash,Include
https://openalex.org/W2515586512,https://doi.org/10.4135/9781473983953.n46,Big Data and EducationalResearch,2017,book-chapter,Roser Beneito-Montagut,,Kitchin 2014:forward,screened,Exclude,deepseek/deepseek-v4-flash,Exclude
https://openalex.org/W3215401123,https://doi.org/10.1007/978-3-030-81226-3_3,Contrapuntal Connectedness: Analysing Relations Between Social Media Data and Ethnography in Digital Migration Studies,2021,book-chapter,Marie Sandberg,,Kitchin 2014:forward,screened,Exclude,deepseek/deepseek-v4-flash,Exclude
https://openalex.org/W2582293554,https://doi.org/10.1093/esr/jcw060,An Investigation of the Consistency of Parental Occupational Information in UK Birth Records and a National Social Survey,2016,article,Roxanne Connelly,European Sociological Review,Kitchin 2014:forward,screened,Exclude,deepseek/deepseek-v4-flash,Exclude
https://openalex.org/W2998073418,https://doi.org/10.1089/cmb.2019.0333,Toward a Dynamic Threshold for Quality Score Distortion in Reference-Based Alignment,2019,article,Ana A. Hernandez-Lopez,Journal of Computational Biology,Kitchin 2014:forward,screened,Exclude,deepseek/deepseek-v4-flash,Exclude
https://openalex.org/W3183687828,https://doi.org/10.1080/10429247.2021.1952022,Employee Fluctuation in Quality Management Profession: Exploiting Social Professional Network Data,2021,article,Jelena Ruso,Engineering Management Journal,Kitchin 2014:forward,screened,Exclude,deepseek/deepseek-v4-flash,Exclude
https://openalex.org/W2811281665,https://doi.org/10.17231/comsoc.33(2018).2912,"Epistemology, methods and theories of communication in the Big Data Era: a critical panorama of social media research",2018,article,Ana Thereza Nogueira Soares,Comunicação e Sociedade,Kitchin 2014:forward,screened,Exclude,deepseek/deepseek-v4-flash,Exclude.
https://openalex.org/W4376118828,https://doi.org/10.5772/intechopen.111473,A Quantitative Analysis of Big Data Analytics Capabilities and Supply Chain Management,2023,book-chapter,Janine Zitianellis,Artificial intelligence,Kitchin 2014:forward,screened,Exclude,deepseek/deepseek-v4-flash,Exclude
https://openalex.org/W4376149305,https://doi.org/10.1177/07311214231167170,The Intersections between Sociology and STS: A Big Data Approach,2023,article,Maria Amuchastegui,Sociological Perspectives,Kitchin 2014:forward,screened,Exclude,deepseek/deepseek-v4-flash,Exclude
https://openalex.org/W3196694557,https://doi.org/10.33110/cimexus160101,The influence of Airbnb on hotel occupancy in Mexico: a Big Data Analysis (2007-2018),2021,article,Mario Gómez,Revista Cimexus,Kitchin 2014:forward,screened,Exclude,deepseek/deepseek-v4-flash,Exclude
https://openalex.org/W4213050418,https://doi.org/10.4018/ijssmet.298672,Pre-Crime Prediction,2022,article,David H. McElreath,International Journal of Service Science Management Engineering and Technology,Kitchin 2014:forward,screened,Maybe,deepseek/deepseek-v4-flash,Maybe</s>
https://openalex.org/W4378448847,https://doi.org/10.21825/sociologos.86879,ANT en de performatieve productie van sociale kennis,2015,article,Gert Meyers,Sociologos,Kitchin 2014:forward,screened,Exclude,deepseek/deepseek-v4-flash,Exclude
https://openalex.org/W4381185866,https://doi.org/10.1093/jamia/ocad106,"Using Omaha System data to explore relationships between client outcomes, phenotypes, and targeted home intervention approaches: an exemplar examining practice effectiveness for older women with circulation problems",2023,article,Cathy I. Schwartz,Journal of the American Medical Informatics Association,Kitchin 2014:forward,screened,Exclude,deepseek/deepseek-v4-flash,Exclude
https://openalex.org/W4385808104,https://doi.org/10.1177/17488958231192767,Big Data technologies in criminal investigations: The frames of the members of Judiciary Police in Portugal,2023,article,Laura Neiva,Criminology & Criminal Justice,Kitchin 2014:forward,screened,Include,deepseek/deepseek-v4-flash,Include
https://openalex.org/W4389300604,https://doi.org/10.33621/jdsr.v5i4.180,Utopian and Dystopian Sociotechnical Imaginaries of Big Data,2023,article,Hana Marčetić,Journal of Digital Social Research,Kitchin 2014:forward,screened,Exclude,deepseek/deepseek-v4-flash,Exclude
https://openalex.org/W4389672026,https://doi.org/10.1080/21670811.2023.2288245,“We Need to Think about Their Real Needs”: Examining the Auxiliary Work of Audience-Oriented Intralopers in News Organizations,2023,article,Julie Vulpius,Digital Journalism,Kitchin 2014:forward,screened,Exclude,deepseek/deepseek-v4-flash,Exclude
https://openalex.org/W4377011522,https://doi.org/10.1038/s41598-023-35067-x,A critical assessment of a protected area conflict analysis based on secondary data in the age of datafication,2023,article,Marcin Rechciński,Scientific Reports,Kitchin 2014:forward,screened,Exclude,deepseek/deepseek-v4-flash,Exclude
https://openalex.org/W4380081178,https://doi.org/10.1080/09505431.2023.2221278,The official record of victims as a bordering technology: knowledge and (in)visibilities in post-conflict Colombia,2023,article,Fredy Mora-Gámez,Science as Culture,Kitchin 2014:forward,screened,Exclude,deepseek/deepseek-v4-flash,Exclude
https://openalex.org/W2463555184,https://doi.org/10.3280/sr2016-109005,Big data o data that are getting bigger?,2016,article,Biagio Aragona,SOCIOLOGIA E RICERCA SOCIALE,Kitchin 2014:forward,screened,Exclude,deepseek/deepseek-v4-flash,Exclude
https://openalex.org/W4390972917,https://doi.org/10.35295/osls.iisl.1859,Risk and danger in the introduction of algorithms to courts: A comparative framework between EU and Brazil,2024,article,Luisa Hedler,Oñati Socio-legal Series,Kitchin 2014:forward,screened,Exclude,deepseek/deepseek-v4-flash,Exclude.
https://openalex.org/W2941222576,https://doi.org/10.1080/17449626.2019.1582555,"Fashions, framing and expertise: ethical hazards for economists",2019,article,Reetika Khera,Journal of Global Ethics,Kitchin 2014:forward,screened,Exclude,deepseek/deepseek-v4-flash,Exclude
https://openalex.org/W2606428380,https://doi.org/10.4135/9781473983847.n39,"A Retrospective on State of the Art Social Media Research Methods: Ethical Decisions, Big-small Data Rivalries and the Spectre of the 6Vs",2016,book-chapter,Luke Sloan,,Kitchin 2014:forward,screened,Exclude,deepseek/deepseek-v4-flash,Exclude
https://openalex.org/W2999431147,https://doi.org/10.2298/soc1904521k,From active audience to passive data: Dominant conceptualizations of internet users,2019,article,Jelena Kleut,Sociologija,Kitchin 2014:forward,screened,Exclude,deepseek/deepseek-v4-flash,Exclude
https://openalex.org/W3113288918,https://doi.org/10.3389/fdata.2020.509954,Perspective: Acknowledging Data Work in the Social Media Research Lifecycle,2020,article,Katharina Kinder‐Kurlanda,Frontiers in Big Data,Kitchin 2014:forward,screened,Exclude,deepseek/deepseek-v4-flash,Exclude
https://openalex.org/W3036196802,,Capturing Citizens’ Opinions Through a Combination of Survey and Online Social Data,2020,article,Manuela Farinosi,DOAJ (DOAJ: Directory of Open Access Journals),Kitchin 2014:forward,screened,Exclude,deepseek/deepseek-v4-flash,Exclude
https://openalex.org/W3201475373,https://doi.org/10.1017/s1049096521001074,Coproduction as Pedagogy: Harnessing Community Data Partnerships for the Classroom,2021,article,Jason M. Pudlo,PS Political Science & Politics,Kitchin 2014:forward,screened,Exclude,deepseek/deepseek-v4-flash,Exclude
https://openalex.org/W4296306923,https://doi.org/10.22161/ijaers.99.21,Data-Driven Decision Making in the Public Sector: A Systematic Review,2022,review,Rodrigo Speckhahn Soares da Silva,International Journal of Advanced Engineering Research and Science,Kitchin 2014:forward,screened,Exclude,deepseek/deepseek-v4-flash,Exclude
https://openalex.org/W4317772666,https://doi.org/10.1007/978-3-031-16624-2_2,Computational Social Science for the Public Good: Towards a Taxonomy of Governance and Policy Challenges,2023,book-chapter,Stefaan Verhulst,,Kitchin 2014:forward,screened,Exclude,deepseek/deepseek-v4-flash,Exclude
https://openalex.org/W4239195958,https://doi.org/10.1017/9781108637657.008,From Photographic Image to Computer Vision,2019,book-chapter,Jake Goldenfein,Cambridge University Press eBooks,Kitchin 2014:forward,screened,Exclude,deepseek/deepseek-v4-flash,Exclude
https://openalex.org/W4396916739,https://doi.org/10.24857/rgsa.v18n2-119,The Effect of Big Data Analytics on Predictive Policing: The Mediation Role of Crisis Management,2024,article,Ibrahim Abdulla Mohammad Aldallal Alkhazraji,Revista de Gestão Social e Ambiental,Kitchin 2014:forward,screened,Include,deepseek/deepseek-v4-flash,Include
https://openalex.org/W4317823587,https://doi.org/10.1007/978-3-031-16624-2_5,Modelling Complexity with Unconventional Data: Foundational Issues in Computational Social Science,2022,book-chapter,Magda Fontana,,Kitchin 2014:forward,screened,Exclude,deepseek/deepseek-v4-flash,Exclude
https://openalex.org/W4379259867,https://doi.org/10.3934/math.2023955,Stability of scientific big data sharing mechanism based on two-way principal-agent,2023,article,Wang Zhang,AIMS Mathematics,Kitchin 2014:forward,screened,Exclude,deepseek/deepseek-v4-flash,Exclude
https://openalex.org/W4389207753,https://doi.org/10.30965/25890581-09703117,Allgemeine Erziehungswissenschaft und die Problematisierung pädagogischen Wissens – in Zeiten von KI,2023,article,Christiane Thompson,VIERTELJAHRSSCHRIFT FÜR WISSENSCHAFTLICHE PÄDAGOGIK,Kitchin 2014:forward,screened,Exclude,deepseek/deepseek-v4-flash,Exclude
https://openalex.org/W4387222542,https://doi.org/10.1007/s11135-023-01751-3,New ethnographic perspective on relational ethics in the field of Artificial intelligence,2023,article,Pavle Pavlović,Quality & Quantity,Kitchin 2014:forward,screened,Exclude,deepseek/deepseek-v4-flash,Exclude
https://openalex.org/W4392952550,https://doi.org/10.1080/23737484.2024.2329171,Beyond point forecasts: Uncertainty quantification in tensor extrapolation for relational time series data,2024,article,Josef Schosser,Communications in Statistics Case Studies Data Analysis and Applications,Kitchin 2014:forward,screened,Exclude,deepseek/deepseek-v4-flash,Exclude
https://openalex.org/W4402510343,https://doi.org/10.4018/979-8-3693-6537-3.ch007,Transforming Data Visualization With AI and ML,2024,book-chapter,G. Kothai,Advances in business information systems and analytics book series,Kitchin 2014:forward,screened,Exclude,deepseek/deepseek-v4-flash,Exclude
https://openalex.org/W4406118699,https://doi.org/10.1007/s42438-024-00529-6,The Affordances of Pragmatism for a Postdigital Citizen Social Science,2025,article,Stuart Connor,Postdigital Science and Education,Kitchin 2014:forward,screened,Exclude,deepseek/deepseek-v4-flash,Exclude
https://openalex.org/W4388041979,https://doi.org/10.2478/sjs-2023-0024,Claiming Universal Epistemic Authority – Relational Boundary Work and the Academic Institutionalization of Data Science,2023,article,Bianca Prietl,Swiss Journal of Sociology,Kitchin 2014:forward,screened,Exclude,deepseek/deepseek-v4-flash,Exclude
https://openalex.org/W4404653628,https://doi.org/10.2196/56369,Refining Established Practices for Research Question Definition to Foster Interdisciplinary Research Skills in a Digital Age: Consensus Study With Nominal Group Technique,2024,article,Jana Sedláková,JMIR Medical Education,Kitchin 2014:forward,screened,Exclude,deepseek/deepseek-v4-flash,Exclude
https://openalex.org/W4410033990,https://doi.org/10.1111/sum.70075,The Opportunities and Challenges Associated With Establishing a National Soil Data Repository From Public and Private Actors,2025,article,Alison Ollerenshaw,Soil Use and Management,Kitchin 2014:forward,screened,Exclude,deepseek/deepseek-v4-flash,Exclude
https://openalex.org/W2569641474,https://doi.org/10.1080/03080188.2016.1257196,Exploratory Models in a time of Big Data,2016,article,Maja Mazur,Interdisciplinary Science Reviews,Kitchin 2014:forward,screened,Exclude,deepseek/deepseek-v4-flash,Exclude
https://openalex.org/W4404463145,https://doi.org/10.3390/app142210647,Towards a System Dynamics Framework for Human–Machine Learning Decisions: A Case Study of New York Citi Bike,2024,article,Ganesh Sankaran,Applied Sciences,Kitchin 2014:forward,screened,Exclude,deepseek/deepseek-v4-flash,Exclude
https://openalex.org/W2994928246,https://doi.org/10.1128/jmbe.v20i3.1863,An Introductory Module and Experiments To Improve the Graphing Skills of Non-Science Majors,2019,article,Christy R. Violin,Journal of Microbiology and Biology Education,Kitchin 2014:forward,screened,Exclude,deepseek/deepseek-v4-flash,Exclude
https://openalex.org/W2779855273,https://doi.org/10.1080/1475939x.2017.1408490,Measuring the promise of Big Data syllabi,2017,article,Alon Friedman,Technology Pedagogy and Education,Kitchin 2014:forward,screened,Exclude,deepseek/deepseek-v4-flash,Exclude
https://openalex.org/W2466749874,https://doi.org/10.1057/9781137385451_3,The Work of Theory in Ed-Tech Research,2015,book-chapter,Nicola F. Johnson,Palgrave Macmillan US eBooks,Kitchin 2014:forward,screened,Exclude,deepseek/deepseek-v4-flash,Exclude
https://openalex.org/W2969786259,https://doi.org/10.4018/978-1-7998-0010-1.ch005,Data Mining in Global Higher Education,2019,book-chapter,Evan G. Mense,Advances in educational technologies and instructional design book series,Kitchin 2014:forward,screened,Exclude,deepseek/deepseek-v4-flash,Exclude.
https://openalex.org/W1901302212,https://doi.org/10.1057/9781137415356_5,Programming Power: Policy Networks and the Pedagogies of ‘Learning to Code’,2015,book-chapter,Ben Williamson,Power and Education,Kitchin 2014:forward,screened,Exclude,deepseek/deepseek-v4-flash,Exclude
https://openalex.org/W3025251175,https://doi.org/10.11590/abhps.2020.1.02,‘End of Theory’ in the Era of Big Data: Methodological Practices and Challenges in Social Media Studies,2020,article,Anu Masso,Acta Baltica Historiae et Philosophiae Scientiarum,Kitchin 2014:forward,screened,Exclude,deepseek/deepseek-v4-flash,Exclude
https://openalex.org/W4312444176,https://doi.org/10.4018/ijoris.312231,A Practitioner's Perspective of Marketing Theory Evolution,2022,article,Pranav Kumar,International Journal of Operations Research and Information Systems,Kitchin 2014:forward,screened,Exclude,deepseek/deepseek-v4-flash,Exclude
https://openalex.org/W4409377316,https://doi.org/10.1111/tesg.70005,Thinking Through the Materiality of Big Data: An Outward‐Looking Approach to Data Infrastructure,2025,article,Mengzhu Zhang,Tijdschrift voor Economische en Sociale Geografie,Kitchin 2014:forward,screened,Exclude,deepseek/deepseek-v4-flash,Exclude
https://openalex.org/W3169068576,https://doi.org/10.1002/asi.24537,Whether or when: The question on the use of theories in data science,2021,article,Fred Fonseca,Journal of the Association for Information Science and Technology,Kitchin 2014:forward,screened,Exclude,deepseek/deepseek-v4-flash,Exclude
https://openalex.org/W3197196845,https://doi.org/10.32604/cmc.2022.017284,A Netnographic-Based Semantic Analysis of Tweet Contents for Stress Management,2021,article,Jari Jussila,"Computers, materials & continua/Computers, materials & continua (Print)",Kitchin 2014:forward,screened,Exclude,deepseek/deepseek-v4-flash,Exclude
https://openalex.org/W4206320401,https://doi.org/10.1080/0023656x.2021.2023119,"Migration as class struggle: refugee youth, work rights, and solidarity",2021,article,Genevieve Ritchie,Labor History,Kitchin 2014:forward,screened,Exclude,deepseek/deepseek-v4-flash,Exclude
https://openalex.org/W4283326553,https://doi.org/10.1093/oso/9780192859624.003.0001,Introduction,2022,book-chapter,Claudia Aradau,,Kitchin 2014:forward,screened,Maybe,deepseek/deepseek-v4-flash,Maybe
https://openalex.org/W4210741914,https://doi.org/10.4324/9781003173427-3,From Big to Democratic Data,2022,book-chapter,Mercedes Bunz,,Kitchin 2014:forward,screened,Exclude,deepseek/deepseek-v4-flash,Exclude
https://openalex.org/W4284881581,https://doi.org/10.1080/23801883.2022.2093768,Lost in Time: Periodization and Temporality in Abnormal Times,2022,article,Allegra Fryxell,Global Intellectual History,Kitchin 2014:forward,screened,Exclude,deepseek/deepseek-v4-flash,Exclude
https://openalex.org/W2950807198,https://doi.org/10.15664/jtr.1467,On the life and lives of digital data: The US – EU safe harbor framework and beyond,2019,article,Katarina Rebello,Contemporary Voices St Andrews Journal of International Relations,Kitchin 2014:forward,screened,Exclude,deepseek/deepseek-v4-flash,Exclude
https://openalex.org/W4308913627,https://doi.org/10.15170/mg.2022.17.04.04,A big data szerepe a városi mobilitás kutatásában és fejlesztésében,2022,article,Sándor Váczi,Modern Geográfia,Kitchin 2014:forward,screened,Exclude,deepseek/deepseek-v4-flash,Exclude
https://openalex.org/W4313405403,https://doi.org/10.1080/0735648x.2022.2157862,Can streetblock 311 physical incivility call count shifts predict later changing on-site conditions? Gauging ecological construct validity of 311 litter calls,2023,article,Ralph B. Taylor,Journal of Crime and Justice,Kitchin 2014:forward,screened,Exclude,deepseek/deepseek-v4-flash,Exclude
https://openalex.org/W4311694741,https://doi.org/10.1002/asi.24729,"Veni, vidi, vici? On the rise of scrape‐and‐report scholarship in online reviews research",2022,article,Philip Fei Wu,Journal of the Association for Information Science and Technology,Kitchin 2014:forward,screened,Exclude,deepseek/deepseek-v4-flash,Exclude
https://openalex.org/W4390269289,https://doi.org/10.54103/2612-6672/22174,L’ordine giuridico dell’algoritmo: la funzione regolatrice del diritto e la funzione ordinatrice dell’algoritmo,2023,article,Alessandro Sterpa,Nuovi Autoritarismi e Democrazie Diritto Istituzioni Società (NAD-DIS),Kitchin 2014:forward,screened,Exclude,deepseek/deepseek-v4-flash,Exclude
https://openalex.org/W4385459363,https://doi.org/10.1111/jfr3.12938,Using social media feeds for mapping and assessing areas affected by flooding due to tropical cyclones,2023,article,Patrick Ken Kalonde,Journal of Flood Risk Management,Kitchin 2014:forward,screened,Exclude,deepseek/deepseek-v4-flash,Exclude
https://openalex.org/W4391006525,https://doi.org/10.23987/sts.125741,Developing AI for Weather Prediction,2024,article,Przemyslaw Matt Lukacz,Science & Technology Studies,Kitchin 2014:forward,screened,Exclude,deepseek/deepseek-v4-flash,Exclude
https://openalex.org/W4391098729,https://doi.org/10.3390/math12020355,"Cooperative Game-Based Digital Twin Drives Decision Making: Overall Framework, Basic Formalization and Application Case",2024,article,Fuwen Hu,Mathematics,Kitchin 2014:forward,screened,Exclude,deepseek/deepseek-v4-flash,Exclude
https://openalex.org/W4391534568,https://doi.org/10.1590/0101-3173.2024.v47.n4.e0240050,Exploring the data turn of philosophy of language in the era of big data,2024,article,Shasha Xu,Trans/Form/Ação,Kitchin 2014:forward,screened,Exclude,deepseek/deepseek-v4-flash,Exclude
https://openalex.org/W4391594717,https://doi.org/10.1371/journal.pone.0298131,Enhancing our understanding of short-term rental activity: A daily scrape-based approach for Airbnb listings,2024,article,Yang Wang,PLoS ONE,Kitchin 2014:forward,screened,Exclude,deepseek/deepseek-v4-flash,Exclude
https://openalex.org/W4401553180,https://doi.org/10.1177/20539517241270656,Enacting data context: Fixing meaning in transparency data initiatives,2024,article,Lindsay Poirier,Big Data & Society,Kitchin 2014:forward,screened,Exclude,deepseek/deepseek-v4-flash,Exclude
https://openalex.org/W4403727009,https://doi.org/10.4018/979-8-3693-6854-1.ch013,The Revolution of Territorial Management Through the Adoption of Emerging Innovations,2024,book-chapter,Hanae Amrani,"Advances in electronic government, digital divide, and regional development book series",Kitchin 2014:forward,screened,Exclude,deepseek/deepseek-v4-flash,Exclude
https://openalex.org/W4404439039,https://doi.org/10.24290/1029-3736-2024-30-4-145-163,The “digitalization” of sociology: new opportunities and key contradictions,2024,article,В. А. Смирнов,Moscow State University Bulletin Series 18 Sociology and Political Science,Kitchin 2014:forward,screened,Exclude,deepseek/deepseek-v4-flash,Exclude
https://openalex.org/W4404557930,https://doi.org/10.1080/2373566x.2024.2418832,Sonics of Rupture: A Methodology for Sounding Anthropogenic Earthquakes and Tuning into Ecological Trauma,2024,article,Marleen Boschen,GeoHumanities,Kitchin 2014:forward,screened,Exclude,deepseek/deepseek-v4-flash,Exclude
https://openalex.org/W4399898008,https://doi.org/10.1093/ips/olae023,Individual Vulnerability and Collective Resistance Under Surveillance: Claiming the Right to Existence against Discriminatory Suspicion,2024,article,Simon Hogue,International Political Sociology,Kitchin 2014:forward,screened,Exclude,deepseek/deepseek-v4-flash,Exclude
https://openalex.org/W4404738237,https://doi.org/10.4018/979-8-3693-3884-1.ch006,Business Analytics on Business Models,2024,book-chapter,Satya Shree,"Advances in systems analysis, software engineering, and high performance computing book series",Kitchin 2014:forward,screened,Exclude,deepseek/deepseek-v4-flash,Exclude
https://openalex.org/W4406127373,https://doi.org/10.1177/20413866241308999,When epistemologies collide: Data science epistemology and organizational theory and research,2025,article,Mark John Somers,Organizational Psychology Review,Kitchin 2014:forward,screened,Exclude,deepseek/deepseek-v4-flash,Exclude
https://openalex.org/W3093686523,https://doi.org/10.1093/oso/9780190684099.003.0003,Dragnet Surveillance,2020,book-chapter,Sarah Brayne,,Kitchin 2014:forward,screened,Maybe,deepseek/deepseek-v4-flash,Maybe
https://openalex.org/W4407190466,https://doi.org/10.3390/educsci15020191,The Challenges of Using Large Language Models: Balancing Traditional Learning Methods with New Technologies in the Pedagogy of Sociology,2025,article,Živa Kos,Education Sciences,Kitchin 2014:forward,screened,Exclude,deepseek/deepseek-v4-flash,Exclude
https://openalex.org/W4406665790,https://doi.org/10.1103/physrevb.111.024208,Variational encoder-decoder architecture for charge and energy transport in disordered materials,2025,article,Fatemehsadat Mousavi,Physical review. B./Physical review. B,Kitchin 2014:forward,screened,Exclude,deepseek/deepseek-v4-flash,Exclude
https://openalex.org/W4414988182,https://doi.org/10.1111/sjtg.70023,"Place, politics and disease ecology: A commentary on Emch and Goel",2025,article,Sara McLafferty,Singapore Journal of Tropical Geography,Kitchin 2014:forward,screened,Exclude,deepseek/deepseek-v4-flash,Exclude
https://openalex.org/W4410481683,https://doi.org/10.25236/ajee.2025.070204,Exploring the synergistic effect of ESG-driven environmental policies and the cross-regional linkage mechanism,2025,article,<p>Peng Xiaohui</p>,Academic Journal of Environment & Earth Science,Kitchin 2014:forward,screened,Exclude,deepseek/deepseek-v4-flash,Exclude
https://openalex.org/W4408681530,https://doi.org/10.1108/joepp-01-2024-0004,Understanding collective forms of leadership through text mining-based review of literature,2025,article,Jong Gyu Park,Journal of Organizational Effectiveness People and Performance,Kitchin 2014:forward,screened,Exclude,deepseek/deepseek-v4-flash,Exclude
https://openalex.org/W2962396039,https://doi.org/10.1080/20421338.2019.1634899,"The ‘death of innovation’ paradox, R&amp;D and the scientific potential of crowdsourcing",2019,article,Chris William Callaghan,African Journal of Science Technology Innovation and Development,Kitchin 2014:forward,screened,Exclude,deepseek/deepseek-v4-flash,Exclude
https://openalex.org/W2971947976,https://doi.org/10.1515/sem-2018-0110,"Raw data or hypersymbols? Meaning-making with digital data, between discursive processes and machinic procedures",2019,article,Lucile Crémier,Semiotica,Kitchin 2014:forward,screened,Exclude,deepseek/deepseek-v4-flash,Exclude
https://openalex.org/W2791200346,https://doi.org/10.1109/tcc.2019.2896225,On Bayesian Epistemology of Myerson Auction,2019,article,Xiaotie Deng,IEEE Transactions on Cloud Computing,Kitchin 2014:forward,screened,Exclude,deepseek/deepseek-v4-flash,Exclude
https://openalex.org/W3115907112,https://doi.org/10.36702/zin.726,Theoretical Bases of Critical Data Studies,2020,article,Łukasz Iwasiński,Zagadnienia Informacji Naukowej - Studia Informacyjne,Kitchin 2014:forward,screened,Exclude,deepseek/deepseek-v4-flash,Exclude
https://openalex.org/W4285325902,https://doi.org/10.1386/jem_00063_1,Data and the new oil: Cloud computing’s lubrication of the petrotechnical,2021,article,Luke Munn,Journal of Environmental Media,Kitchin 2014:forward,screened,Exclude,deepseek/deepseek-v4-flash,Exclude
https://openalex.org/W2615450243,https://doi.org/10.15344/2394-4978/2017/220,Advances in Nursing Research Methodology: Big Data Analytics the Future,2017,article,Phyllis Shanley Hansell,International Journal of Nursing & Clinical Practices,Kitchin 2014:forward,screened,Exclude,deepseek/deepseek-v4-flash,Exclude
https://openalex.org/W2792448188,https://doi.org/10.56726/irjmets31783,A REVIEW PAPER ON BIG DATA ANALYTICS,2022,article,,International Research Journal of Modernization in Engineering Technology and Science,Kitchin 2014:forward,screened,Exclude,deepseek/deepseek-v4-flash,Exclude
https://openalex.org/W2808939056,https://doi.org/10.1177/2053951718783438,Data associations in global law and policy,2018,article,Lyria Bennett Moses,Big Data & Society,Kitchin 2014:forward,screened,Exclude,deepseek/deepseek-v4-flash,Exclude
https://openalex.org/W3004801541,https://doi.org/10.1177/1089268019893974,General Psychology as Common Ground and Point of View: Enduring and Evolving Features,2020,article,Lisa M. Osbeck,Review of General Psychology,Kitchin 2014:forward,screened,Exclude,deepseek/deepseek-v4-flash,Exclude
https://openalex.org/W2963529974,https://doi.org/10.1017/s1062798719000048,Big Data and Us: Human–Data Interactions,2019,article,Barry C. Smith,European Review,Kitchin 2014:forward,screened,Exclude,deepseek/deepseek-v4-flash,Exclude
https://openalex.org/W3006970608,https://doi.org/10.22230/cjc.2020v45n1a3471,Framing Policy Visions of Big Data in Emerging States,2020,article,Laura C. Mahrenbach,Canadian Journal of Communication,Kitchin 2014:forward,screened,Maybe,deepseek/deepseek-v4-flash,Maybe
https://openalex.org/W4389473871,https://doi.org/10.1590/1809-58442023115en,The Future of the Platform Society in Brazil,2023,article,André Lemos,Intercom Revista Brasileira de Ciências da Comunicação,Kitchin 2014:forward,screened,Include,deepseek/deepseek-v4-flash,Include
https://openalex.org/W3042179586,https://doi.org/10.52041/serj.v19i1.133,A FOUNDATION FOR INDUCTIVE REASONING IN HARNESSING THE POTENTIAL OF BIG DATA,2020,article,Rossi A. Hassad,Statistics Education Research Journal,Kitchin 2014:forward,screened,Exclude,deepseek/deepseek-v4-flash,Exclude
https://openalex.org/W2900960244,https://doi.org/10.14738/assrj.511.5438,Business Intelligence Technology and Marketing Strategy in the Retail Sector,2018,article,Ezekiel Ochieng Owuor .,Advances in Social Sciences Research Journal,Kitchin 2014:forward,screened,Exclude,deepseek/deepseek-v4-flash,Exclude
https://openalex.org/W2906699879,,Targeted population surveys on drug use in recreational settings across Europe,2018,book-chapter,Karenza Moore,University of Salford Institutional Repository (University of Salford),Kitchin 2014:forward,screened,Exclude,deepseek/deepseek-v4-flash,Exclude
https://openalex.org/W2993235412,https://doi.org/10.5194/isprs-archives-xlii-5-w3-43-2019,SCIDB BASED FRAMEWORK FOR STORAGE AND ANALYSIS OF REMOTE SENSING BIG DATA,2019,article,Abhasha Joshi,"The international archives of the photogrammetry, remote sensing and spatial information sciences/International archives of the photogrammetry, remote sensing and spatial information sciences",Kitchin 2014:forward,screened,Exclude,deepseek/deepseek-v4-flash,Exclude
https://openalex.org/W4200616837,https://doi.org/10.1080/15614263.2021.2017933,Crime and place: differences in spatial relationship between calls for service and recorded incidents for municipal and campus law enforcement,2021,article,Cynthia Barnett‐Ryan,Police Practice and Research,Kitchin 2014:forward,screened,Exclude,deepseek/deepseek-v4-flash,Exclude
https://openalex.org/W2997032868,https://doi.org/10.1016/j.ifacol.2019.11.449,Complementing Decision Support and Forecasting Risk in Supply Chain with Unstructured Data,2019,article,Samaneh Beheshti-Kashi,IFAC-PapersOnLine,Kitchin 2014:forward,screened,Exclude,deepseek/deepseek-v4-flash,Exclude.
https://openalex.org/W3037277544,https://doi.org/10.4018/978-1-7998-5074-8.ch011,From Adaptive Learning Support to Fading Out Support for Effective Self-Regulated Online Learning,2020,book-chapter,Yoshiko Goda,Advances in educational technologies and instructional design book series,Kitchin 2014:forward,screened,Exclude,deepseek/deepseek-v4-flash,Exclude
https://openalex.org/W3124413510,https://doi.org/10.1080/10714421.2021.1876485,"A network of yarns, a network of networks: exploring the evolution of the urban knitting movement",2021,article,Manuela Farinosi,The Communication Review,Kitchin 2014:forward,screened,Exclude,deepseek/deepseek-v4-flash,Exclude
https://openalex.org/W3194562928,https://doi.org/10.4018/978-1-7998-8473-6.ch003,Going Digital,2021,book-chapter,Felice Addeo,"Advances in knowledge acquisition, transfer, and management book series/Advances in knowledge acquisition, transfer and management book series",Kitchin 2014:forward,screened,Exclude,deepseek/deepseek-v4-flash,Exclude
https://openalex.org/W4286452856,https://doi.org/10.4301/s1807-177520221901,Social Sciences and Humanities on Big Data: a Bibliometric Analysis,2022,article,Gastón Becerra,Journal of Information Systems and Technology Management,Kitchin 2014:forward,screened,Exclude,deepseek/deepseek-v4-flash,Exclude
https://openalex.org/W4293242979,https://doi.org/10.15847/obsobs16220221952,Transparency in Portuguese media: from the buzzword to the unsolved regulatory challenge,2022,article,Carla Baptista,Observatorio (OBS*),Kitchin 2014:forward,screened,Exclude,deepseek/deepseek-v4-flash,Exclude
https://openalex.org/W4210611788,https://doi.org/10.3389/fcomm.2021.797485,Doing the Organization’s Work—Transcription for All Practical Governmental Purposes,2022,article,Alex Holder,Frontiers in Communication,Kitchin 2014:forward,screened,Exclude,deepseek/deepseek-v4-flash,Exclude
https://openalex.org/W2419369590,https://doi.org/10.4018/978-1-5225-0270-8.ch012,Catalogue Æsthetics,2016,book-chapter,Marinos Koutsomichalis,Advances in multimedia and interactive technologies book series,Kitchin 2014:forward,screened,Exclude,deepseek/deepseek-v4-flash,Exclude
https://openalex.org/W4323530373,https://doi.org/10.4025/actascihumansoc.v44i1.62246,Zemblanity and Big Data: the ugly truths the algorithms remind us of,2022,article,Ricardo Peraça Cavassane,Achta Scientiarum Human Social Science,Kitchin 2014:forward,screened,Maybe,deepseek/deepseek-v4-flash,Maybe
https://openalex.org/W2608496612,https://doi.org/10.3233/jifs-169302,Algorithms that extract knowledge from fuzzy big data: Conserving traditional science,2017,article,Allen D. Allen,Journal of Intelligent & Fuzzy Systems,Kitchin 2014:forward,screened,Exclude,deepseek/deepseek-v4-flash,Exclude
https://openalex.org/W2614070459,https://doi.org/10.1080/03080188.2017.1296265,What are patterns in the humanities?,2017,article,Chiel van den Akker,Interdisciplinary Science Reviews,Kitchin 2014:forward,screened,Exclude,deepseek/deepseek-v4-flash,Exclude
https://openalex.org/W3215070341,https://doi.org/10.7275/rnm7-6e65,"Data in Crisis: anticipating risk, vulnerability, and resilience through communication infrastructures",2021,article,Katrina Petersen,DOAJ (DOAJ: Directory of Open Access Journals),Kitchin 2014:forward,screened,Exclude,deepseek/deepseek-v4-flash,Exclude
https://openalex.org/W2799716068,https://doi.org/10.4018/978-1-5225-5969-6.ch005,Cultural Probes as a People-Oriented Method,2018,book-chapter,Connor Graham,Advances in computer and electrical engineering book series,Kitchin 2014:forward,screened,Exclude,deepseek/deepseek-v4-flash,Exclude
https://openalex.org/W2892265760,https://doi.org/10.13060/1214438x.2018.1.16.416,Big Data as an Alternative to Surveys in Quantitative Social Research,2018,article,Johana Chylíková,Naše společnost,Kitchin 2014:forward,screened,Exclude,deepseek/deepseek-v4-flash,Exclude
https://openalex.org/W2895443485,https://doi.org/10.1080/08832323.2018.1504736,Strategic business communications for graduate accounting students: A fully integrated learning experience,2018,article,Kerry E. Rourke,Journal of Education for Business,Kitchin 2014:forward,screened,Exclude,deepseek/deepseek-v4-flash,Exclude
https://openalex.org/W2944810801,https://doi.org/10.31142/ijtsrd15617,Big Data Analytics: A Brief Survey,2018,article,Praveen Kumar,International Journal of Trend in Scientific Research and Development,Kitchin 2014:forward,screened,Exclude,deepseek/deepseek-v4-flash,Exclude
https://openalex.org/W2984016177,https://doi.org/10.1108/s1479-367920190000038004,The Perceptron: A Partial History of Models and Minds in Data-Driven Educational Systems,2019,book-chapter,Ryan Ziols,International perspectives on education and society,Kitchin 2014:forward,screened,Exclude,deepseek/deepseek-v4-flash,Exclude
https://openalex.org/W2948745732,https://doi.org/10.4018/ijskd.2019040101,Open Source Process Insights From ‘Microbial Learning',2019,article,Chris William Callaghan,International Journal of Sociotechnology and Knowledge Development,Kitchin 2014:forward,screened,Exclude,deepseek/deepseek-v4-flash,Exclude
https://openalex.org/W3036730978,https://doi.org/10.24908/ss.v18i2.13266,The Pursuit of Full Spectrum Dominance: The Archives of the NSA,2020,article,Johan Lau Munkholm,Surveillance & Society,Kitchin 2014:forward,screened,Exclude,deepseek/deepseek-v4-flash,Exclude
https://openalex.org/W3121696241,https://doi.org/10.1177/2053951716652161,Locative media and data-driven computing experiments,2016,article,Sung-Yueh Perng,Big Data & Society,Kitchin 2014:forward,screened,Include,deepseek/deepseek-v4-flash,Include
https://openalex.org/W3041916251,https://doi.org/10.46860/cgcijctr.2020.06.26.101,Smart Healthcare Approach using Big Data: Big Opportunities and Challenges,2020,article,Jagjit Kaur,CGC International Journal of Contemporary Technology and Research,Kitchin 2014:forward,screened,Exclude,deepseek/deepseek-v4-flash,Exclude
https://openalex.org/W3045998288,https://doi.org/10.4018/978-1-7998-4960-5.ch010,AI and AR,2020,book-chapter,Anita Cassard,Advances in higher education and professional development book series,Kitchin 2014:forward,screened,Exclude,deepseek/deepseek-v4-flash,Exclude
https://openalex.org/W2969288223,https://doi.org/10.1080/19386389.2019.1652967,In Search of Zora/When Metadata Isn’t Enough: Rescuing the Experiences of Black Women Through Statistical Modeling,2019,article,Nicole M. Brown,Journal of Library Metadata,Kitchin 2014:forward,screened,Exclude,deepseek/deepseek-v4-flash,Exclude
https://openalex.org/W2999913155,https://doi.org/10.37293/sapientiae52.03,The Onto-epistemology of Big Data,2020,article,Roy Alfaro Vargas,Sapientiae,Kitchin 2014:forward,screened,Exclude,deepseek/deepseek-v4-flash,Exclude
https://openalex.org/W3047199177,https://doi.org/10.1525/001c.13389,01100110 01101111 01110010 01100101 01110011 01110100 [forest],2020,article,Danielle Christianson,Media+Environment,Kitchin 2014:forward,screened,Exclude,deepseek/deepseek-v4-flash,Exclude
https://openalex.org/W3093987593,https://doi.org/10.1093/oso/9780190684099.003.0004,Directed Surveillance,2020,book-chapter,Sarah Brayne,,Kitchin 2014:forward,screened,Include,deepseek/deepseek-v4-flash,Include
https://openalex.org/W3048520240,https://doi.org/10.5311/josis.2020.21.625,Big issues for big data: challenges for critical spatial data analytics,2020,article,Chris Brunsdon,Journal of Spatial Information Science,Kitchin 2014:forward,screened,Exclude,deepseek/deepseek-v4-flash,Exclude
https://openalex.org/W3096449076,https://doi.org/10.5485/tmcs.2020.0504,Many paths lead to statistical inference,2020,article,Manfred Borovcnik,Teaching Mathematics and Computer Science,Kitchin 2014:forward,screened,Exclude,deepseek/deepseek-v4-flash,Exclude
https://openalex.org/W3117801677,https://doi.org/10.36702/zin.644,What Is an Information Agent? Looking for a New Approach to the Subject of Information Processes,2020,article,Remigiusz Sapa,Zagadnienia Informacji Naukowej - Studia Informacyjne,Kitchin 2014:forward,screened,Exclude,deepseek/deepseek-v4-flash,Exclude
https://openalex.org/W3110924654,https://doi.org/10.1017/9781108891325.003,The Pixelated Person: Humanity in the Grip of Algorithmic Personalisation,2021,book-chapter,Uta Kohl,Cambridge University Press eBooks,Kitchin 2014:forward,screened,Exclude,deepseek/deepseek-v4-flash,Exclude
https://openalex.org/W3135169395,https://doi.org/10.1111/nbu.12493,MRC Hot Topic workshop report: Reshaping the food environment – applying interdisciplinary perspectives in appetite research,2021,article,Alexandra M. Johnstone,Nutrition Bulletin,Kitchin 2014:forward,screened,Exclude,deepseek/deepseek-v4-flash,Exclude
https://openalex.org/W3195174770,https://doi.org/10.4018/978-1-7998-8473-6.ch006,Doing Research With Online Platforms,2021,book-chapter,Francesco Marrazzo,"Advances in knowledge acquisition, transfer, and management book series/Advances in knowledge acquisition, transfer and management book series",Kitchin 2014:forward,screened,Exclude,deepseek/deepseek-v4-flash,Exclude
https://openalex.org/W4205756552,https://doi.org/10.53631/athena.2021.16.1,Big Data as “Practical Ontology”: The Ontotheology Underlying the Interpretation of Reality as Data,2021,article,Guilherme Silva,Athena filosofijos studijos,Kitchin 2014:forward,screened,Exclude,deepseek/deepseek-v4-flash,Exclude
https://openalex.org/W3121994922,,"Big Data: Philosophy, emergence, crowdledge, and science education",2016,article,Renato P. dos Santos,,Kitchin 2014:forward,screened,Exclude,deepseek/deepseek-v4-flash,Exclude
https://openalex.org/W3209609104,https://doi.org/10.18680/hss.2021.0007,"All models are wrong, but some are useful: mathematical models at the time of Covid-19",2021,article,Roberta Buiani,Punctum International Journal of Semiotics,Kitchin 2014:forward,screened,Exclude,deepseek/deepseek-v4-flash,Exclude
https://openalex.org/W4225136222,https://doi.org/10.22214/ijraset.2022.41820,"Challenges, Open Research issues and Tools in Big Data Analytics Covid-19",2022,article,Reycil Pereira,International Journal for Research in Applied Science and Engineering Technology,Kitchin 2014:forward,screened,Exclude,deepseek/deepseek-v4-flash,Exclude
https://openalex.org/W4232382633,https://doi.org/10.4018/978-1-7998-8960-1.ch018,Big Data to Improve Public Health in Low- and Middle-Income Countries,2021,book-chapter,Songül Çınaroğlu,IGI Global eBooks,Kitchin 2014:forward,screened,Exclude,deepseek/deepseek-v4-flash,Exclude
https://openalex.org/W4283447510,https://doi.org/10.1016/j.urbmob.2022.100027,Simulating micro-level attributes of railway passengers using big data,2022,article,Eusebio Odiari,Journal of Urban Mobility,Kitchin 2014:forward,screened,Exclude,deepseek/deepseek-v4-flash,Exclude
https://openalex.org/W3213781308,https://doi.org/10.23978/inf.107986,Bridging the gap between critical algorithm studies and the social sciences,2021,article,Paul Jonker‐Hoffrén,Informaatiotutkimus,Kitchin 2014:forward,screened,Exclude,deepseek/deepseek-v4-flash,Exclude
https://openalex.org/W4248982363,https://doi.org/10.1007/978-3-476-04901-8_59,Big Data,2021,book-chapter,Gernot Rieder,J.B. Metzler eBooks,Kitchin 2014:forward,screened,Exclude,deepseek/deepseek-v4-flash,Exclude
https://openalex.org/W4311911447,https://doi.org/10.1093/oxfordhb/9780197579329.013.48,Smart City Technologies,2022,book-chapter,Beatriz Botero Arcila,Oxford University Press eBooks,Kitchin 2014:forward,screened,Include,deepseek/deepseek-v4-flash,Include
https://openalex.org/W4285292293,https://doi.org/10.18097/bmcrm00162,The Filtration of 2D Electrophoresis Data during Creation of a Learning Set for Prediction of the Value of the Isoelectric Point of Proteins,2022,article,V.S. Skvortsov,Biomedical Chemistry Research and Methods,Kitchin 2014:forward,screened,Exclude,deepseek/deepseek-v4-flash,Exclude
https://openalex.org/W4366174387,https://doi.org/10.1177/14614448231158648,Digital exhaust and mobile communication scholarship: Pursuing the Ling connection,2023,article,Johannes Bjelland,New Media & Society,Kitchin 2014:forward,screened,Exclude,deepseek/deepseek-v4-flash,Exclude
https://openalex.org/W4295954845,https://doi.org/10.4018/978-1-6684-4854-0.ch008,Augmented Co-Design Methods for Climate Smart Environments,2022,book-chapter,Pia Fricker,Advances in human and social aspects of technology book series,Kitchin 2014:forward,screened,Exclude,deepseek/deepseek-v4-flash,Exclude
https://openalex.org/W4283645610,https://doi.org/10.14746/cis.2022.53.14,Big data a problem reprezentacji poznawczej,2022,article,Łukasz Iwasiński,Człowiek i Społeczeństwo,Kitchin 2014:forward,screened,Exclude,deepseek/deepseek-v4-flash,Exclude
https://openalex.org/W4383737073,https://doi.org/10.5934/kjhe.2023.32.3.325,Youth Housing Issues and Semantic Network Analysis Using Social Big Data: Based on Naver News Articles Since an Outbreak of COVID-19,2023,article,Yoon-seo Hwang,Korean Journal of Human Ecology,Kitchin 2014:forward,screened,Exclude,deepseek/deepseek-v4-flash,Exclude
https://openalex.org/W4386073629,https://doi.org/10.1080/21622671.2023.2244983,Data-driven public health in times of pandemic: towards deep spatialisation,2023,article,Dušan Ristić,Territory Politics Governance,Kitchin 2014:forward,screened,Exclude,deepseek/deepseek-v4-flash,Exclude
https://openalex.org/W4382401299,https://doi.org/10.17645/mac.v11i2.6510,“I Think Quality is More Important Than a Lot of Data” in Cities Datafication,2023,article,Carl Chineme Okafor,Media and Communication,Kitchin 2014:forward,screened,Exclude,deepseek/deepseek-v4-flash,Exclude
https://openalex.org/W4386032221,https://doi.org/10.3390/su151612630,Governance Democratic and Big Data: A Systematic Mapping Review,2023,article,Jorge Hochstetter,Sustainability,Kitchin 2014:forward,screened,Exclude,deepseek/deepseek-v4-flash,Exclude
https://openalex.org/W4389622755,https://doi.org/10.1017/rdc.2023.111,"RADIOCARBON, BIG DATA AND INTERNATIONAL HERITAGE",2023,article,Seren Griffiths,Radiocarbon,Kitchin 2014:forward,screened,Exclude,deepseek/deepseek-v4-flash,Exclude
https://openalex.org/W4391146577,https://doi.org/10.4236/jss.2024.121012,"Big Data, Demography, and Causality",2024,article,Guillaume Wunsch,Open Journal of Social Sciences,Kitchin 2014:forward,screened,Exclude,deepseek/deepseek-v4-flash,Exclude
https://openalex.org/W4391135979,https://doi.org/10.48175/ijarsct-15223,"Big Data in Social Media: Introduction, Methodology, Applications.",2024,article,Akash K Salian,International Journal of Advanced Research in Science Communication and Technology,Kitchin 2014:forward,screened,Exclude,deepseek/deepseek-v4-flash,Exclude
https://openalex.org/W4386459673,https://doi.org/10.1108/aam-08-2021-0038,Creating the baseline: data relations and frictions of UK City of Culture evaluation,2023,article,Daniel Ashton,Arts and the Market,Kitchin 2014:forward,screened,Exclude,deepseek/deepseek-v4-flash,Exclude
https://openalex.org/W4393291762,https://doi.org/10.1515/9789048556908-015,15. Making Algorithms Fair : Ethnographic Insights from Machine Learning Interventions,2024,book-chapter,Katharina Kinder‐Kurlanda,Amsterdam University Press eBooks,Kitchin 2014:forward,screened,Exclude,deepseek/deepseek-v4-flash,Exclude
https://openalex.org/W4393271944,https://doi.org/10.1515/9789048556908-012,12. The Politics of Data Science : Institutionalizing Algorithmic Regimes of Knowledge Production,2024,book-chapter,Bianca Prietl,Amsterdam University Press eBooks,Kitchin 2014:forward,screened,Exclude,deepseek/deepseek-v4-flash,Exclude
https://openalex.org/W4400410641,https://doi.org/10.1086/730621,Checking Facts by a Bot,2024,article,Mei-Chun Lee,Current Anthropology,Kitchin 2014:forward,screened,Exclude,deepseek/deepseek-v4-flash,Exclude
https://openalex.org/W4399308602,https://doi.org/10.38035/ijam.v2i4.461,Catalyzing Change: Unleashing the Power of Artificial Intelligence in Indonesian Business,2024,article,Robertus Suraji,International Journal of Advanced Multidisciplinary,Kitchin 2014:forward,screened,Exclude,deepseek/deepseek-v4-flash,Exclude
https://openalex.org/W4392432209,https://doi.org/10.4018/979-8-3693-2964-1.ch014,Narrating Spatial Data With Responsibility,2024,book-chapter,Munir Ahmad,Advances in computational intelligence and robotics book series,Kitchin 2014:forward,screened,Exclude,deepseek/deepseek-v4-flash,Exclude
https://openalex.org/W4401818918,https://doi.org/10.1386/jptv_00125_1,"‘It’s the hope that kills you’: Challenging cisheteropatriarchal possibilities of romance, friendship and care in Ted Lasso",2024,article,Samantha Thompson,The Journal of Popular Television,Kitchin 2014:forward,screened,Exclude,deepseek/deepseek-v4-flash,Exclude
https://openalex.org/W4397002752,https://doi.org/10.4018/979-8-3693-5593-0.ch019,A Study on Advanced Applications of Mathematics and AI in Library Science,2024,book-chapter,S. Durga Devi,Advances in library and information science (ALIS) book series,Kitchin 2014:forward,screened,Exclude,deepseek/deepseek-v4-flash,Exclude
https://openalex.org/W4404082459,https://doi.org/10.1177/20539517241290218,Engaging citizens in experiments with computational analysis of patient stories: From unwarranted reductions to meaningful insights,2024,article,Nada Akrouh,Big Data & Society,Kitchin 2014:forward,screened,Exclude,deepseek/deepseek-v4-flash,Exclude
https://openalex.org/W2996179167,https://doi.org/10.4037/aacnacc2019579,Data Science: What Would Nightingale Do?,2019,article,Linda Harrington,AACN Advanced Critical Care,Kitchin 2014:forward,screened,Exclude,deepseek/deepseek-v4-flash,Exclude
https://openalex.org/W4405840001,https://doi.org/10.21014/actaimeko.v13i4.1880,Big-Data handling as a metrological challenge beyond digitalisation: some reflections,2024,article,Franco Pavese,ACTA IMEKO,Kitchin 2014:forward,screened,Exclude,deepseek/deepseek-v4-flash,Exclude
https://openalex.org/W2288463097,https://doi.org/10.7146/mediekultur.v31i59.20237,Data aesthetics - between clouds of information and subjective experience,2016,article,Thomas Bjoernsten,MedieKultur Journal of media and communication research,Kitchin 2014:forward,screened,Exclude,deepseek/deepseek-v4-flash,Exclude
https://openalex.org/W4242090810,https://doi.org/10.21428/6863b2ed.ad96805b,Commoning the Smart City: A Case for a Public Internet Provision,2019,article,Paolo Cardullo,,Kitchin 2014:forward,screened,Maybe,deepseek/deepseek-v4-flash,Maybe
https://openalex.org/W2734499106,https://doi.org/10.4018/978-1-5225-2823-4.ch011,An Introduction to Computational Social Science for Organizational Communication,2017,book-chapter,Andrew Pilny,Advances in business strategy and competitive advantage book series,Kitchin 2014:forward,screened,Exclude,deepseek/deepseek-v4-flash,Exclude
https://openalex.org/W2611390673,,Contextual Information: Lenses for Observing the Data Universe,2015,article,Krzysztof Janowicz,,Kitchin 2014:forward,screened,Exclude,deepseek/deepseek-v4-flash,Exclude
https://openalex.org/W2502354050,https://doi.org/10.5040/9781501356216.ch-001,"‘Find love in Canada’: Distributed selves, abstraction, and the problem of privacy and autonomy",2020,book-chapter,Vincent Miller,Bloomsbury Academic eBooks,Kitchin 2014:forward,screened,Exclude,deepseek/deepseek-v4-flash,Exclude
https://openalex.org/W2591727692,https://doi.org/10.15291/libellarium.v9i2.253,Statistical analyses of digital collections,2017,article,Tove Faber Frandsen,Libellarium journal for research in the field of information and related sciences,Kitchin 2014:forward,screened,Exclude,deepseek/deepseek-v4-flash,Exclude
https://openalex.org/W2885747698,https://doi.org/10.57709/12036232,Implementation of Technology in the Primary Grades: Transformational Leadership and Teacher Motivation,2022,article,Kristi Ryczek,Digital Archive @ GSU,Kitchin 2014:forward,screened,Exclude,deepseek/deepseek-v4-flash,Exclude
https://openalex.org/W2811070711,https://doi.org/10.1553/giscience2018_01_s3,Multi-Dimensionality of Uncertainty in big Geospatial Sensor Data,2018,article,Francis Olool,GI_Forum,Kitchin 2014:forward,screened,Exclude,deepseek/deepseek-v4-flash,Exclude
https://openalex.org/W2886700090,https://doi.org/10.4018/978-1-5225-3731-1.ch012,Social Media Data Into Performance Measurement Systems,2018,book-chapter,Deborah Agostino,"Advances in electronic government, digital divide, and regional development book series",Kitchin 2014:forward,screened,Exclude,deepseek/deepseek-v4-flash,Exclude
https://openalex.org/W3008194867,https://doi.org/10.33564/ijeast.2019.v04i08.066,AN EFFICIENT SCHEME TO ENSURE DATA AVAILABILITY USING BIG REPLICATE,2019,article,T Cowsalya,International Journal of Engineering Applied Sciences and Technology,Kitchin 2014:forward,screened,Exclude,deepseek/deepseek-v4-flash,Exclude
https://openalex.org/W2950502965,https://doi.org/10.1093/oso/9780190916602.003.0020,Hopes and Challenges Moving Forward,2019,book-chapter,M. Daniele Fallin,,Kitchin 2014:forward,screened,Exclude,deepseek/deepseek-v4-flash,Exclude
https://openalex.org/W2986686367,https://doi.org/10.1108/s1479-367920190000038012,Policy Development for an Educational Intelligent Economy in the European Union: An Illusory Prospect?,2019,book-chapter,Florin D. Salajan,International perspectives on education and society,Kitchin 2014:forward,screened,Exclude,deepseek/deepseek-v4-flash,Exclude
https://openalex.org/W3008230784,https://doi.org/10.18372/2412-2157.29.14013,INFORMATION AND COMMUNICATION TECHNOLOGIES IN MODERN SCIENCE (PHILOSOPHICAL ASPECTS),2019,article,Л. В. Броннікова,Proceedings of the National Aviation University Series Philosophy Cultural,Kitchin 2014:forward,screened,Exclude,deepseek/deepseek-v4-flash,Exclude
https://openalex.org/W3093482744,https://doi.org/10.1093/oso/9780190684099.003.0007,Algorithmic Suspicion and Big Data Searches,2020,book-chapter,Sarah Brayne,,Kitchin 2014:forward,screened,Include,deepseek/deepseek-v4-flash,Include
https://openalex.org/W3043725338,https://doi.org/10.2208/jscejam.76.1_22,DATA-DRIVEN ANALYSIS OF NONLINEAR DYNAMICS BASED ON KOOPMAN OPERATOR THEORY AND ITS APPLICATION TO SHORT-TERM PRECIPITATION FORECAST,2020,article,Takashi Miyamoto,Journal of Japan Society of Civil Engineers Ser A2 (Applied Mechanics (AM)),Kitchin 2014:forward,screened,Exclude,deepseek/deepseek-v4-flash,Exclude
https://openalex.org/W3039045498,https://doi.org/10.29173/irie117,Reclaiming the Ambient Commons: Strategies of Depletion Design in the Subjective Economy,2014,article,Soenke Zehle,The International Review of Information Ethics,Kitchin 2014:forward,screened,Exclude,deepseek/deepseek-v4-flash,Exclude
https://openalex.org/W3093926333,https://doi.org/10.1093/oso/9780190684099.003.0006,Coding Inequality,2020,book-chapter,Sarah Brayne,,Kitchin 2014:forward,screened,Include,deepseek/deepseek-v4-flash,Include.
https://openalex.org/W3094137648,https://doi.org/10.1093/oso/9780190684099.003.0002,Policing by Numbers,2020,book-chapter,Sarah Brayne,,Kitchin 2014:forward,screened,Include,deepseek/deepseek-v4-flash,Include
https://openalex.org/W3094225859,https://doi.org/10.1093/oso/9780190684099.003.0005,Police Pushback,2020,book-chapter,Sarah Brayne,,Kitchin 2014:forward,screened,Include,deepseek/deepseek-v4-flash,Include
https://openalex.org/W3096008733,https://doi.org/10.33965/ijcsis_2020150103,EGOVERNMENT DIGITAL ADOPTION: CAN CHANNEL CHOICE OF INDIVIDUALS BE PREDICTED?,2020,article,Samantha Papavasiliou,IADIS INTERNATIONAL JOURNAL ON COMPUTER SCIENCE AND INFORMATION SYSTEMS,Kitchin 2014:forward,screened,Exclude,deepseek/deepseek-v4-flash,Exclude
https://openalex.org/W3094168498,https://doi.org/10.1093/oso/9780190684099.003.0001,Introduction,2020,book-chapter,Sarah Brayne,,Kitchin 2014:forward,screened,Include,deepseek/deepseek-v4-flash,Include
https://openalex.org/W3133682549,https://doi.org/10.21608/jes.2020.150451,BIG DATA ANALYTICS AND IMPORTANCE OF THIER APPLICATION IN COMMERCIAL AND INDUSTRIAL FOUNDATIONS,2020,article,Ashraf El-Kamash,Journal of Environmental Science,Kitchin 2014:forward,screened,Exclude,deepseek/deepseek-v4-flash,Exclude
https://openalex.org/W3169200466,https://doi.org/10.16993/bbk.b,"Not a Mirror, but an Engine: Digital Methods for Contextual Analysis of “Social Big Data”",2021,book-chapter,Jonas Andersson Schwarz,,Kitchin 2014:forward,screened,Exclude,deepseek/deepseek-v4-flash,Exclude
https://openalex.org/W3112318154,https://doi.org/10.17645/up.v5i4.3426,The ‘Analogue City’: Mapping and Acting in Antwerp’s Digital Geographies,2020,article,Chiara Cavalieri,Urban Planning,Kitchin 2014:forward,screened,Maybe,deepseek/deepseek-v4-flash,Maybe
https://openalex.org/W3183190018,https://doi.org/10.1177/05390184211025848,When two science disciplines meet: Evaluating dynamics of conjunction. The encounter between astrophysics and artificial intelligence,2021,article,Anne Marcovich,Social Science Information,Kitchin 2014:forward,screened,Exclude,deepseek/deepseek-v4-flash,Exclude
https://openalex.org/W3196262473,https://doi.org/10.4018/978-1-7998-8473-6.ch012,Learning Algorithms of Sentiment Analysis,2021,book-chapter,Suania Acampa,"Advances in knowledge acquisition, transfer, and management book series/Advances in knowledge acquisition, transfer and management book series",Kitchin 2014:forward,screened,Exclude,deepseek/deepseek-v4-flash,Exclude
https://openalex.org/W3198360663,https://doi.org/10.30853/mns210275,Epistemological Transformations of Science in Digital Age,2021,article,Светлана Ипатовна Платонова,Manuscript,Kitchin 2014:forward,screened,Exclude,deepseek/deepseek-v4-flash,Exclude
https://openalex.org/W3191556027,https://doi.org/10.63201/lndq6692,"Big data, education, and social responsibility",2018,article,Yaroslav Ovdiyenko,International Forum Journal,Kitchin 2014:forward,screened,Exclude,deepseek/deepseek-v4-flash,Exclude
https://openalex.org/W3204647433,,A Qualitative and Quantitative Inquiry into the Translation of English Fiction Titles into Persian,2021,article,Ameneh Yari,Translation Studies Quarterly,Kitchin 2014:forward,screened,Exclude,deepseek/deepseek-v4-flash,Exclude
https://openalex.org/W3213382156,https://doi.org/10.12688/f1000research.73876.1,An active human role is essential in big data-led decisions and data-intensive science,2021,article,Mohamed L. Seghier,F1000Research,Kitchin 2014:forward,screened,Exclude,deepseek/deepseek-v4-flash,Exclude
https://openalex.org/W3193516314,https://doi.org/10.4018/978-1-7998-8473-6.ch001,Epistemology of the Digital,2021,book-chapter,Enrica Amaturo,"Advances in knowledge acquisition, transfer, and management book series/Advances in knowledge acquisition, transfer and management book series",Kitchin 2014:forward,screened,Exclude,deepseek/deepseek-v4-flash,Exclude
https://openalex.org/W3209490800,https://doi.org/10.3233/sji-210882,"Big Data adoption in official statistics in Kenya: Challenges, opportunities and determinants",2021,article,Christopher Moturi,Statistical Journal of the IAOS,Kitchin 2014:forward,screened,Exclude,deepseek/deepseek-v4-flash,Exclude
https://openalex.org/W3207688839,https://doi.org/10.1002/pra2.445,Analysis of Mapping Knowledge Domains for Privacy Issues in Data Ethics Research,2021,article,Yuan Gao,Proceedings of the Association for Information Science and Technology,Kitchin 2014:forward,screened,Exclude,deepseek/deepseek-v4-flash,Exclude
https://openalex.org/W4213308005,https://doi.org/10.1215/9781478022725-001,“Where Would I Go? There Was No Place with No Water”,2022,book-chapter,,,Kitchin 2014:forward,screened,Exclude,deepseek/deepseek-v4-flash,Exclude
https://openalex.org/W4210904732,https://doi.org/10.1515/9783110714692-004,Chapter 4 “At Least He Was Cautioned”: Digitally Researching the Gestapo’s Ruling Practices,2022,book-chapter,Sebastian F. Bondzio,,Kitchin 2014:forward,screened,Exclude,deepseek/deepseek-v4-flash,Exclude
https://openalex.org/W4224239573,https://doi.org/10.1111/spsr.12515,Voting with Their Feet by Staying? The Political Drivers of Noncitizens' (Im‐)mobility,2022,article,Salomon Bennour,Swiss Political Science Review,Kitchin 2014:forward,screened,Exclude,deepseek/deepseek-v4-flash,Exclude
https://openalex.org/W4226309056,https://doi.org/10.5553/tvv/.000033,Handvatten voor een kwaliteitsbeoordeling van big data: de introductie van het Total Error raamwerk,2021,article,Thom Snaphaan,Tijdschrift voor Veiligheid,Kitchin 2014:forward,screened,Exclude,deepseek/deepseek-v4-flash,Exclude
https://openalex.org/W4246046572,https://doi.org/10.29173/irie126,Reclaiming the Ambient Commons: Strategies of Depletion Design in the Subjective Economy,2014,article,Soenke Zehle,The International Review of Information Ethics,Kitchin 2014:forward,screened,Exclude,deepseek/deepseek-v4-flash,Exclude
https://openalex.org/W4239530315,https://doi.org/10.4018/978-1-7998-8047-9.ch032,Adaptive Online Learning Technology,2021,book-chapter,Miftachul Huda,IGI Global eBooks,Kitchin 2014:forward,screened,Exclude,deepseek/deepseek-v4-flash,Exclude
https://openalex.org/W4237951214,https://doi.org/10.4135/9781473910287.n4,"‘FIND LOVE IN CANADA’: DISTRIBUTEDSELVES, ABSTRACTION AND THE PROBLEM OF PRIVACY AND AUTONOMY",2015,book-chapter,,,Kitchin 2014:forward,screened,Exclude,deepseek/deepseek-v4-flash,Exclude
https://openalex.org/W4247349049,https://doi.org/10.4018/978-1-5225-8362-2.ch083,The Probabilistic Innovation Field of Scientific Enquiry,2019,book-chapter,Chris William Callaghan,IGI Global eBooks,Kitchin 2014:forward,screened,Exclude,deepseek/deepseek-v4-flash,Exclude
https://openalex.org/W4250765811,https://doi.org/10.1515/9783839447192-007,"Plural, Situated Subjects in the Critique of Artificial Intelligence",2019,book-chapter,Tobias Matzner,transcript Verlag eBooks,Kitchin 2014:forward,screened,Exclude,deepseek/deepseek-v4-flash,Exclude.
https://openalex.org/W3214711318,https://doi.org/10.15688/ek.jvolsu.2021.3.2,National Information Risks of Big Data,2021,article,Vasily A. Yakhtin,Vestnik Volgogradskogo gosudarstvennogo universiteta Ekonomika,Kitchin 2014:forward,screened,Exclude,deepseek/deepseek-v4-flash,Exclude
https://openalex.org/W4283257727,https://doi.org/10.1093/oso/9780192859624.003.0006,Value,2022,book-chapter,Claudia Aradau,,Kitchin 2014:forward,screened,Exclude,deepseek/deepseek-v4-flash,Exclude
https://openalex.org/W4249547006,https://doi.org/10.1093/oxfordhb/9780190904418.013.31,Statebuilding,2021,book-chapter,David Chandler,Oxford University Press eBooks,Kitchin 2014:forward,screened,Exclude,deepseek/deepseek-v4-flash,Exclude
https://openalex.org/W4256323978,https://doi.org/10.4018/978-1-7998-9020-1.ch011,Social Media Data Into Performance Measurement Systems,2021,book-chapter,Deborah Agostino,IGI Global eBooks,Kitchin 2014:forward,screened,Exclude,deepseek/deepseek-v4-flash,Exclude
https://openalex.org/W4283313814,https://doi.org/10.1093/oso/9780192859624.003.0009,International,2022,book-chapter,Claudia Aradau,,Kitchin 2014:forward,screened,Exclude,deepseek/deepseek-v4-flash,Exclude
https://openalex.org/W4283272889,https://doi.org/10.1093/oso/9780192859624.003.0007,Ethics,2022,book-chapter,Claudia Aradau,,Kitchin 2014:forward,screened,Maybe,deepseek/deepseek-v4-flash,Maybe
https://openalex.org/W4282054037,https://doi.org/10.4324/9781003291374-7,The new EU counter-terrorism Agenda: preemptive security through the anticipation of terrorist events,2022,book-chapter,Christopher Baker‐Beall,,Kitchin 2014:forward,screened,Exclude,deepseek/deepseek-v4-flash,Exclude
https://openalex.org/W4283333272,https://doi.org/10.1093/oso/9780192859624.003.0003,Decision,2022,book-chapter,Claudia Aradau,,Kitchin 2014:forward,screened,Include,deepseek/deepseek-v4-flash,Include
https://openalex.org/W4283314139,https://doi.org/10.1093/oso/9780192859624.003.0005,Platforms,2022,book-chapter,Claudia Aradau,,Kitchin 2014:forward,screened,Exclude,deepseek/deepseek-v4-flash,Exclude
https://openalex.org/W4283837313,https://doi.org/10.24856/mem.v37i2.2818,Data Driven Perspective on Stock Price - Macroeconomic Variables: Indonesia Economy 2016-2020,2022,article,Agung Nusantara,Media Ekonomi dan Manajemen,Kitchin 2014:forward,screened,Exclude,deepseek/deepseek-v4-flash,Exclude
https://openalex.org/W4286593263,https://doi.org/10.4018/978-1-6684-6303-1.ch040,Learning Algorithms of Sentiment Analysis,2022,book-chapter,Suania Acampa,IGI Global eBooks,Kitchin 2014:forward,screened,Exclude,deepseek/deepseek-v4-flash,Exclude
https://openalex.org/W4285061130,https://doi.org/10.1007/978-3-031-01319-5_11,Conclusion: Migration Research in Times of Ubiquitous Digitization,2022,book-chapter,Sebastián Rinken,IMISCOE research series,Kitchin 2014:forward,screened,Exclude,deepseek/deepseek-v4-flash,Exclude
https://openalex.org/W4283331119,https://doi.org/10.1093/oso/9780192859624.003.0002,Knowledge,2022,book-chapter,Claudia Aradau,,Kitchin 2014:forward,screened,Exclude,deepseek/deepseek-v4-flash,Exclude
https://openalex.org/W4301606461,https://doi.org/10.1177/10778004221126701,<i>Naturing With</i> Big Data: How Writing Creation Myths Can Matter,2022,article,Mihye An,Qualitative Inquiry,Kitchin 2014:forward,screened,Exclude,deepseek/deepseek-v4-flash,Exclude
https://openalex.org/W4291149689,https://doi.org/10.15575/jassr.v4i1.59,Alternative Imaginations: Confronting and Challenging the Persistent Centrism in Social Media-Society Research,2022,article,Merlyna Lim,Journal of Asian Social Science Research,Kitchin 2014:forward,screened,Exclude,deepseek/deepseek-v4-flash,Exclude
https://openalex.org/W4312971065,https://doi.org/10.1007/978-3-031-11756-5_19,“Personal Influence” and Influencer Logic: A Theoretical and Methodological Comparison,2022,book-chapter,Barbara Sonzogni,Frontiers in sociology and social research,Kitchin 2014:forward,screened,Exclude,deepseek/deepseek-v4-flash,Exclude
https://openalex.org/W4316505593,https://doi.org/10.21146/2072-0726-2022-15-4-98-107,Does consciousness cognize itself in cognitive sciences?,2022,article,Igor F. Mikhailov,Philosophy Journal,Kitchin 2014:forward,screened,Exclude,deepseek/deepseek-v4-flash,Exclude
https://openalex.org/W4312611467,https://doi.org/10.32782/2663-5941/2022.5/09,DIGITAL DATA GENERATION PROCESSES AND THEIR APPLICATION,2022,article,V.M. Gorbachuk,Scientific notes of Taurida National V I Vernadsky University Series Technical Sciences,Kitchin 2014:forward,screened,Exclude,deepseek/deepseek-v4-flash,Exclude
https://openalex.org/W4320724974,https://doi.org/10.3233/ip-239002,"Tkacz, Nathaniel (2022) Being with data: The dashboarding of everyday life, Polity Press",2023,article,Shirley Kempeneer,Information Polity,Kitchin 2014:forward,screened,Maybe,deepseek/deepseek-v4-flash,Maybe
https://openalex.org/W4308108346,https://doi.org/10.4324/9781003195658-5,Questioning the business–humanities divide in media studies: A reformulation of the administrative–critical distinction in stakeholder collaboration,2022,book-chapter,David Mathieu,,Kitchin 2014:forward,screened,Exclude,deepseek/deepseek-v4-flash,Exclude
https://openalex.org/W4323358955,https://doi.org/10.1515/9789048555444-011,8. Caged by Data: Exposing the Politics of Facial Recognition Through Zach Blas’s Face Cages,2023,book-chapter,Rosa Wevers,Amsterdam University Press eBooks,Kitchin 2014:forward,screened,Include,deepseek/deepseek-v4-flash,Include
https://openalex.org/W4381283901,https://doi.org/10.33920/med-03-2305-05,Tools for statistical analysis of sociological data,2023,article,T. A. Nasyrov,Glavvrač (Chief Medical Officer),Kitchin 2014:forward,screened,Exclude,deepseek/deepseek-v4-flash,Exclude
https://openalex.org/W4385070242,https://doi.org/10.22389/0016-7126-2023-996-6-19-29,Big spatial data modeling using data cube based on discrete global grid system,2023,article,Герман Титов,Geodesy and Cartography,Kitchin 2014:forward,screened,Exclude,deepseek/deepseek-v4-flash,Exclude
https://openalex.org/W4319600763,https://doi.org/10.7146/stse.v11i1.135278,Making space with data,2020,article,Rasmus Birk,STS Encounters,Kitchin 2014:forward,screened,Maybe,deepseek/deepseek-v4-flash,Maybe
https://openalex.org/W4385253501,https://doi.org/10.2991/978-94-6463-200-2_149,Research on the Impact of the Knowledge Graph on Public Service Quality,2023,book-chapter,Yingjing Wang,Atlantis Highlights in Intelligent Systems/Atlantis highlights in intelligent systems,Kitchin 2014:forward,screened,Exclude,deepseek/deepseek-v4-flash,Exclude
https://openalex.org/W4389676268,https://doi.org/10.1515/9781805390336-008,Chapter 6. The Cryptopolitics of Digital Mutuality,2023,book-chapter,Daivi Rodima‐Taylor,Berghahn Books,Kitchin 2014:forward,screened,Exclude,deepseek/deepseek-v4-flash,Exclude
https://openalex.org/W4389253019,https://doi.org/10.1007/978-981-99-6604-2_3,New and Emerging Pathways for Transport Geography,2023,book-chapter,Frédéric Dobruszkes,Advances in geographical and environmental sciences,Kitchin 2014:forward,screened,Exclude,deepseek/deepseek-v4-flash,Exclude
https://openalex.org/W4391736371,https://doi.org/10.12731/2576-9782-2023-4-62-74,DIGITALIZATION AS A MODERN CONDITION OF SOCIAL INTERACTION IN CULTURE,2023,article,Lyudmila S. Gasparyan,Russian Studies in Culture and Society,Kitchin 2014:forward,screened,Exclude,deepseek/deepseek-v4-flash,Exclude
https://openalex.org/W4392346164,https://doi.org/10.6007/ijarped/v13-i1/20889,Hindrances of Scientific Research Cultures: A Study of University Faculty Members at Al- Madinah International University (MEDIU),2024,article,Ayman Aied Mohammed,International Journal of Academic Research in Progressive Education and Development,Kitchin 2014:forward,screened,Exclude,deepseek/deepseek-v4-flash,Exclude.
https://openalex.org/W4392772482,https://doi.org/10.62345/jads.2024.13.1.10,Unveiling the Obstacles: Understanding Data Collection Challenges for Researchers in Pakistani Universities,2024,article,Ayesha Afzal,Journal of Asian Development Studies,Kitchin 2014:forward,screened,Exclude,deepseek/deepseek-v4-flash,Exclude
https://openalex.org/W4399045850,https://doi.org/10.36253/cambio-13370,La campagna per il Referendum Costituzionale 2020 e la comunicazione antipopulista su Facebook: un’applicazione di Content Analysis dagli esordi accademici del primo Crowdtangle,2023,article,Gabriella Punziano,Cambio Rivista sulle Trasformazioni Sociali,Kitchin 2014:forward,screened,Exclude,deepseek/deepseek-v4-flash,Exclude
https://openalex.org/W4392938684,https://doi.org/10.1093/oxfordhb/9780197653609.013.32,Predictive Analytics,2024,book-chapter,Simon Egbert,Oxford University Press eBooks,Kitchin 2014:forward,screened,Exclude,deepseek/deepseek-v4-flash,Exclude
https://openalex.org/W4394790902,https://doi.org/10.1177/07591063241236071,Big data analytics. A demographer’s perspective,2024,article,Guillaume Wunsch,Bulletin of Sociological Methodology/Bulletin de Méthodologie Sociologique,Kitchin 2014:forward,screened,Exclude,deepseek/deepseek-v4-flash,Exclude
https://openalex.org/W4400541322,https://doi.org/10.21093/mj.v23i1.5917,Legal Reform of Zakat Management Based on Personal Data Protection Law in Indonesia,2024,article,Indra Rahmatullah,MAZAHIB,Kitchin 2014:forward,screened,Exclude,deepseek/deepseek-v4-flash,Exclude
https://openalex.org/W4399046228,https://doi.org/10.36253/cambio-14800,Cancel culture: strategie della memoria e politiche identitarie,2023,article,Fabio Dei,Cambio Rivista sulle Trasformazioni Sociali,Kitchin 2014:forward,screened,Exclude,deepseek/deepseek-v4-flash,Exclude
https://openalex.org/W4400796895,https://doi.org/10.1093/oso/9780198899457.003.0006,Physics or Archaeology?,2024,book-chapter,Matthew Jones,,Kitchin 2014:forward,screened,Exclude,deepseek/deepseek-v4-flash,Exclude
https://openalex.org/W4401798876,https://doi.org/10.1093/oxfordhb/9780197653609.013.35,How Machine Learning Is Reviving Sociological Theorization,2024,book-chapter,Jessica J. Santana,Oxford University Press eBooks,Kitchin 2014:forward,screened,Exclude,deepseek/deepseek-v4-flash,Exclude
https://openalex.org/W4401177797,https://doi.org/10.3233/faia240255,Requirements Elicitation from Two Preliminary Design-Thinking-Computational Thinking Surveys,2024,book-chapter,Chien‐Sing Lee,Frontiers in artificial intelligence and applications,Kitchin 2014:forward,screened,Exclude,deepseek/deepseek-v4-flash,Exclude
https://openalex.org/W4401912900,https://doi.org/10.4324/9781003205647-21,Epistemology and pragmatism,2024,book-chapter,Johannes Lenhard,,Kitchin 2014:forward,screened,Exclude,deepseek/deepseek-v4-flash,Exclude
https://openalex.org/W4403047376,https://doi.org/10.25077/jcp.v3i2.34,The Resurgence of New Malay Nationalism on social media post-GE14,2024,article,Shahnon Mohamed Salleh,Jurnal Ceteris Paribus,Kitchin 2014:forward,screened,Exclude,deepseek/deepseek-v4-flash,Exclude
https://openalex.org/W4402445675,https://doi.org/10.17853/1994-5639-2024-7-116-141,Science Studies as an educational discipline: experience of reconstruction,2024,article,Elena N. Yarkova,The Education and science journal,Kitchin 2014:forward,screened,Exclude,deepseek/deepseek-v4-flash,Exclude
https://openalex.org/W4402942311,https://doi.org/10.48175/ijarsct-2269k,AI Ethics and Big Data Governance in FinTech Applications,2021,article,Geetesh Sanodia,International Journal of Advanced Research in Science Communication and Technology,Kitchin 2014:forward,screened,Exclude,deepseek/deepseek-v4-flash,Exclude
https://openalex.org/W4403690970,https://doi.org/10.1108/978-1-80455-944-420241002,Reframing Data Excess,2024,book-chapter,Rowan Wilken,,Kitchin 2014:forward,screened,Exclude,deepseek/deepseek-v4-flash,Exclude
https://openalex.org/W4404923262,https://doi.org/10.18778/1733-8069.20.4.09,Are They Doing Artificial Intelligence? (Re)Constructing the Primary Activity in Data Science,2024,article,Remigiusz Żulicki,Przegląd Socjologii Jakościowej,Kitchin 2014:forward,screened,Exclude,deepseek/deepseek-v4-flash,Exclude
https://openalex.org/W4403741175,https://doi.org/10.1177/20539517241285378,"Local government cultural economy data practices and futures: Capacity, decision-making and partnerships",2024,article,Daniel Ashton,Big Data & Society,Kitchin 2014:forward,screened,Exclude,deepseek/deepseek-v4-flash,Exclude
https://openalex.org/W4406106137,https://doi.org/10.4000/130pn,"Knowledge, Data, and the Governance of ‘Boring Things’: Gardening with Lisa Herzog",2024,article,Gijs van Maanen,OEconomia,Kitchin 2014:forward,screened,Exclude,deepseek/deepseek-v4-flash,Exclude
https://openalex.org/W4407114228,https://doi.org/10.24857/rgsa.v19n1-153,The Impact of Smart Cities On Sustainability: A Bibliometric Analysis,2025,article,Mücella Ateş,Revista de Gestão Social e Ambiental,Kitchin 2014:forward,screened,Exclude,deepseek/deepseek-v4-flash,Exclude
https://openalex.org/W4406026694,https://doi.org/10.56279/jicts.v2i2.118,"A Systematic Review of Big Data Techniques, Opportunities, and Challenges for Developing Countries: The Case of Social Media Networks Mining and Analytics",2025,review,Matendo Didas,Journal of ICT Systems,Kitchin 2014:forward,screened,Exclude,deepseek/deepseek-v4-flash,Exclude.
https://openalex.org/W4283263175,https://doi.org/10.1093/oso/9780192859624.003.0008,Accountability,2022,book-chapter,Claudia Aradau,,Kitchin 2014:forward,screened,Maybe,deepseek/deepseek-v4-flash,Maybe
https://openalex.org/W4407028583,https://doi.org/10.1007/978-3-031-75887-4_5,Smart Environments: Implications forEnvironmental Governance,2025,book-chapter,Karen Bakker,,Kitchin 2014:forward,screened,Exclude,deepseek/deepseek-v4-flash,Exclude
https://openalex.org/W4409363854,https://doi.org/10.4018/979-8-3693-9795-4.ch015,Artificial Intelligence and Academic Scholarship,2025,book-chapter,Saptarshi Kumar Sarkar,Advances in computational intelligence and robotics book series,Kitchin 2014:forward,screened,Exclude,deepseek/deepseek-v4-flash,Exclude
https://openalex.org/W4409739049,https://doi.org/10.4018/979-8-3373-0340-6.ch013,Epistemological Frontiers,2025,book-chapter,Nimisha Maheshwari,Advances in computational intelligence and robotics book series,Kitchin 2014:forward,screened,Exclude,deepseek/deepseek-v4-flash,Exclude
https://openalex.org/W4409320062,https://doi.org/10.17150/2500-4255.2024.18(6).579-590,The Synergetic Potential of Criminology During the Transition to the Sixth Technological Paradigm,2024,article,Tatiana Sudakova,Russian Journal of Criminology,Kitchin 2014:forward,screened,Exclude,deepseek/deepseek-v4-flash,Exclude
https://openalex.org/W4409966643,https://doi.org/10.1680/978-1-83662-234-520251005,Navigating the Landscape,2025,book-chapter,Ramy Elsehrawy,,Kitchin 2014:forward,screened,Exclude,deepseek/deepseek-v4-flash,Exclude
https://openalex.org/W4410340462,https://doi.org/10.4018/979-8-3693-9425-0.ch008,Leveraging Quantitative Methods for Educational Leadership and Management,2025,book-chapter,Murat Şengöz,IGI Global eBooks,Kitchin 2014:forward,screened,Exclude,deepseek/deepseek-v4-flash,Exclude
https://openalex.org/W4409966665,https://doi.org/10.1680/978-1-83662-234-520251006,Designed Amalgam of Twinning for Urban Management (DATUM): The Way Forward,2025,book-chapter,Ramy Elsehrawy,,Kitchin 2014:forward,screened,Exclude,deepseek/deepseek-v4-flash,Exclude
https://openalex.org/W4410607747,https://doi.org/10.1093/oso/9780198879145.003.0012,Sources of Big Data in Global Development,2025,book-chapter,Eduardo López,,Kitchin 2014:forward,screened,Exclude,deepseek/deepseek-v4-flash,Exclude
https://openalex.org/W4410155453,https://doi.org/10.1080/07352166.2025.2492698,Framing southern data-driven urban governance into data justice,2025,article,Lalita Kraus,Journal of Urban Affairs,Kitchin 2014:forward,screened,Include,deepseek/deepseek-v4-flash,Include
https://openalex.org/W4410867452,https://doi.org/10.2478/nor-2025-0009,Datafied news work: A scoping literature review,2025,article,Aske Kammer,Nordicom review/NORDICOM review,Kitchin 2014:forward,screened,Exclude,deepseek/deepseek-v4-flash,Exclude
https://openalex.org/W4410501182,https://doi.org/10.1111/1468-4446.13223,(Dis)trust in Digital Insurance: How Datafied Practices Shift Uncertainties and Reconfigure Trust Relations,2025,article,Maiju Tanninen,British Journal of Sociology,Kitchin 2014:forward,screened,Exclude,deepseek/deepseek-v4-flash,Exclude
https://openalex.org/W4410736485,https://doi.org/10.26466/opusjsr.1684496,"From Hearing to Doing: Tracing the Gaps in Familiarity, Competency, and Use of Big Data Among Türkiye’s Social Scientists",2025,article,Yaser Koyuncu,OPUS Toplum Araştırmaları Dergisi,Kitchin 2014:forward,screened,Exclude,deepseek/deepseek-v4-flash,Exclude
https://openalex.org/W4410607774,https://doi.org/10.1093/oso/9780198879145.003.0013,Methods for the Analysis of Big Data in Development,2025,book-chapter,Eduardo López,,Kitchin 2014:forward,screened,Exclude,deepseek/deepseek-v4-flash,Exclude
https://openalex.org/W4411190379,https://doi.org/10.15804/tner.2024.si.5.07,Subject Based Teaching and Learning during a Pandemic in Light of Big Data Analysis,2024,article,Zbigniew Wieczorek,The New Educational Review,Kitchin 2014:forward,screened,Exclude,deepseek/deepseek-v4-flash,Exclude
https://openalex.org/W4411326620,https://doi.org/10.64030/3065-8802.01.01.01,Three-Body Logging for Data Management,2023,article,"Universal Life Church, Headquarters 601 3rd St, Modesto, CA 95351, USA.",Journal of Theoretical Physics & Mathematics Research,Kitchin 2014:forward,screened,Exclude,deepseek/deepseek-v4-flash,Exclude
https://openalex.org/W4411472000,https://doi.org/10.1109/access.2025.3581901,A Novel Shape Classification Approach Based on Branch Length Similarity Entropy,2025,article,Sang-Hee Lee,IEEE Access,Kitchin 2014:forward,screened,Exclude,deepseek/deepseek-v4-flash,Exclude
https://openalex.org/W4411244205,https://doi.org/10.37062/sf.62.27832,Looking beyond the Glitch,2025,article,Magdalena Kania Lundholm,Sociologisk Forskning,Kitchin 2014:forward,screened,Exclude,deepseek/deepseek-v4-flash,Exclude
https://openalex.org/W4411795933,https://doi.org/10.23991/ef.146712,Algorithmic Landscapes of Finnish Nature,2025,article,Juhana Venäläinen,Ethnologia Fennica,Kitchin 2014:forward,screened,Exclude,deepseek/deepseek-v4-flash,Exclude
https://openalex.org/W4411918453,https://doi.org/10.2174/9789815274134125010007,A Comprehensive Study on Data-driven Decision Support System and its Application in Healthcare,2025,book-chapter,Abhishek Liju Liju,BENTHAM SCIENCE PUBLISHERS eBooks,Kitchin 2014:forward,screened,Exclude,deepseek/deepseek-v4-flash,Exclude
https://openalex.org/W4411984473,https://doi.org/10.31926/but.ssl.2025.18.67.1.9,The Temporal Dimension of Smart Urbanity and Teenagers’ Perception of Similarities with Past Historical Eras,2025,article,Roxana Tulea Ionita,Bulletin of the Transilvania University of Braşov Series VII Social Sciences • Law,Kitchin 2014:forward,screened,Exclude,deepseek/deepseek-v4-flash,Exclude
https://openalex.org/W4412829332,https://doi.org/10.36253/cambio-15714,La salute digitale e le sue ecologie connettive. Quali narrazioni per riflettere sull’antropocene?,2024,article,Silvia Surrenti,Cambio Rivista sulle Trasformazioni Sociali,Kitchin 2014:forward,screened,Exclude,deepseek/deepseek-v4-flash,Exclude
https://openalex.org/W4412383745,https://doi.org/10.71238/snnst.v2i01.67,Bibliometric Study on the Role of Big Data in the Science Revolution,2025,article,Loso Judijanto,Sciences du Nord Nature Science and Technology,Kitchin 2014:forward,screened,Exclude,deepseek/deepseek-v4-flash,Exclude
https://openalex.org/W4412775933,https://doi.org/10.4103/jehp.jehp_1660_24,The economy of health and meaning: A case study of implementing BEHI as a biosemiotic and salutogenic model of care,2025,article,Mahboubeh Farzanegan,Journal of Education and Health Promotion,Kitchin 2014:forward,screened,Exclude,deepseek/deepseek-v4-flash,Exclude
https://openalex.org/W4413023643,https://doi.org/10.1108/imds-01-2024-0019,Beyond adoption: data-driven insights into how EMR implementation sequences shape hospital outcomes,2025,article,Jin Sik Kim,Industrial Management & Data Systems,Kitchin 2014:forward,screened,Exclude,deepseek/deepseek-v4-flash,Exclude
https://openalex.org/W4414449291,https://doi.org/10.1080/2331186x.2025.2562342,Becoming data in education: the enactment of the homo oeconomicus through measuring,2025,article,Valentina Riberi,Cogent Education,Kitchin 2014:forward,screened,Exclude,deepseek/deepseek-v4-flash,Exclude
https://openalex.org/W4413202210,https://doi.org/10.1177/15701255251351563,“Lagging Behind”? Metagovernance Strategies Regulating Digital Backbone Infrastructure,2025,article,Ann Karin T. Holmen,Information Polity,Kitchin 2014:forward,screened,Exclude,deepseek/deepseek-v4-flash,Exclude
https://openalex.org/W4415321550,https://doi.org/10.1057/s41292-025-00366-1,Data roles: youth mental health outcome measures and the young people who defy them,2025,article,Rosalie Jones McVey,BioSocieties,Kitchin 2014:forward,screened,Exclude,deepseek/deepseek-v4-flash,Exclude
https://openalex.org/W4410963740,https://doi.org/10.5772/intechopen.1010631,Decision Support Geospatial Analysis: Multi-Criteria Evaluation Suitability Assessments for Agrifood Systems Interventions,2025,book-chapter,Nelson Rosas Ribeiro Filho,Agricultural sciences.,Kitchin 2014:forward,screened,Exclude,deepseek/deepseek-v4-flash,Exclude
https://openalex.org/W4413295109,https://doi.org/10.1177/10780874251363217,How Do Crises Impact Policy Debates? The shifting national landscape of discourse on rental housing in the USA,2025,article,Kenton Card,Urban Affairs Review,Kitchin 2014:forward,screened,Exclude,deepseek/deepseek-v4-flash,Exclude}
https://openalex.org/W4414909983,https://doi.org/10.1177/15701255251382078,Finding the E-factor in Learning: A Scoping Review of Digital Public Governance Education and Transdisciplinarity,2025,article,Alex Ingrams,Information Polity,Kitchin 2014:forward,screened,Exclude,deepseek/deepseek-v4-flash,Exclude
https://openalex.org/W4415506098,https://doi.org/10.1145/3773037,From Good Intentions to Meaningful Impact: A Design Justice Approach for News Recommendation,2025,article,Laura Laugwitz,ACM Transactions on Recommender Systems,Kitchin 2014:forward,screened,Exclude,deepseek/deepseek-v4-flash,Exclude
https://openalex.org/W4415748442,https://doi.org/10.1177/14687941251390761,Navigating the scepticism towards qualitative research – Reflections of a human geographer,2025,article,Anna Lena Bercht,Qualitative Research,Kitchin 2014:forward,screened,Exclude,deepseek/deepseek-v4-flash,Exclude
https://openalex.org/W4416412425,https://doi.org/10.1016/j.dsim.2025.11.003,Beyond productivity gaps: Temporal patterns of gender differences in scientific knowledge creation,2025,article,Bili Zheng,Data Science and Informetrics,Kitchin 2014:forward,screened,Exclude,deepseek/deepseek-v4-flash,Exclude
https://openalex.org/W4416748471,https://doi.org/10.1111/1745-9125.70020,Bridging the gap between PETs in books and PETs in action: privacy‐enhancing techniques for criminological research,2025,article,Celien De Stercke,Criminology,Kitchin 2014:forward,screened,Exclude,deepseek/deepseek-v4-flash,Exclude
https://openalex.org/W1840767353,https://doi.org/10.1111/amet.12083,Ontological anthropology and the deferral of critique,2014,article,Lucas Bessire,American Ethnologist,Weizman 2007:forward,screened,Exclude,deepseek/deepseek-v4-flash,Exclude
https://openalex.org/W7114808191,https://doi.org/10.4000/15bwj,La datafication des médias,2025,article,Cassandre Burnier,Communication,Kitchin 2014:forward,screened,Exclude,deepseek/deepseek-v4-flash,Exclude
https://openalex.org/W7114769748,https://doi.org/10.46697/001c.147895,"Globalization in Modern Capitalism: Digital Innovation, MNEs, and Market Entry Strategies",2025,article,Yulun Ma,AIB Insights,Kitchin 2014:forward,screened,Exclude,deepseek/deepseek-v4-flash,Exclude
https://openalex.org/W2171642151,https://doi.org/10.1111/j.1548-1360.2010.01073.x,ECOLOGIES OF EMPIRE: On the New Uses of the Honeybee,2010,article,Jake Kosek,Cultural Anthropology,Weizman 2007:forward,screened,Exclude,deepseek/deepseek-v4-flash,Exclude
https://openalex.org/W2071661868,https://doi.org/10.1068/d1509,The International Organization for Migration and the International Government of Borders,2010,article,Rutvica Andrijasevic,Environment and Planning D Society and Space,Weizman 2007:forward,screened,Exclude,deepseek/deepseek-v4-flash,Exclude
https://openalex.org/W2161798584,https://doi.org/10.1177/0263276412443569,Between Inclusion and Exclusion: On the Topology of Global Space and Borders,2012,article,Sandro Mezzadra,Theory Culture & Society,Weizman 2007:forward,screened,Exclude,deepseek/deepseek-v4-flash,Exclude
https://openalex.org/W2147858229,https://doi.org/10.1111/j.1749-5687.2009.00081.x,"Henri Lefebvre on State, Space, Territory",2009,article,Neil Brenner,International Political Sociology,Weizman 2007:forward,screened,Exclude,deepseek/deepseek-v4-flash,Exclude
https://openalex.org/W2039141277,https://doi.org/10.1177/1362480610396650,Surveillance and violence from afar: The politics of drones and liminal security-scapes,2011,article,Tyler Wall,Theoretical Criminology,Weizman 2007:forward,screened,Include,deepseek/deepseek-v4-flash,Include
https://openalex.org/W1974127125,https://doi.org/10.1177/0309132512443147,Getting off the ground,2012,article,Stephen Graham,Progress in Human Geography,Weizman 2007:forward,screened,Maybe,deepseek/deepseek-v4-flash,Maybe.
https://openalex.org/W2340560998,https://doi.org/10.1177/0309132515608694,The geographies of urban density,2015,article,Colin McFarlane,Progress in Human Geography,Weizman 2007:forward,screened,Exclude,deepseek/deepseek-v4-flash,Exclude
https://openalex.org/W2108584834,https://doi.org/10.1177/0309132513493219,Military landscapes,2013,article,Rachel Woodward,Progress in Human Geography,Weizman 2007:forward,screened,Exclude,deepseek/deepseek-v4-flash,Exclude
https://openalex.org/W2078222474,https://doi.org/10.1177/0309132514554323,Vertical urbanisms,2014,article,Andrew Harris,Progress in Human Geography,Weizman 2007:forward,screened,Exclude,deepseek/deepseek-v4-flash,Exclude
https://openalex.org/W2119763401,https://doi.org/10.1111/anti.12143,Capitalist Formations of Enclosure: Space and the Extinction of the Commons,2015,article,Álvaro Sevilla-Buitrago,Antipode,Weizman 2007:forward,screened,Exclude,deepseek/deepseek-v4-flash,Exclude
https://openalex.org/W1553656720,https://doi.org/10.1111/anti.12100,"Pinkwashing, Homonationalism, and Israel–Palestine: The Conceits of Queer Theory and the Politics of the Ordinary",2014,article,Jason Ritchie,Antipode,Weizman 2007:forward,screened,Exclude,deepseek/deepseek-v4-flash,Exclude
https://openalex.org/W2084976627,https://doi.org/10.1080/14678802.2013.770259,The myth of liberal peace-building,2013,article,Jan Selby,Conflict Security and Development,Weizman 2007:forward,screened,Exclude,deepseek/deepseek-v4-flash,Exclude
https://openalex.org/W2155039844,https://doi.org/10.1177/0309132512472094,Chronopolitics,2013,article,Ian Klinke,Progress in Human Geography,Weizman 2007:forward,screened,Exclude,deepseek/deepseek-v4-flash,Exclude
https://openalex.org/W2883095420,https://doi.org/10.1177/1354066118781955,Scopic regimes and the visual turn in International Relations: Seeing world politics through the drone,2018,article,Kyle Grayson,European Journal of International Relations,Weizman 2007:forward,screened,Exclude,deepseek/deepseek-v4-flash,Exclude
https://openalex.org/W2026986305,https://doi.org/10.1177/0309132509358474,Cartographic calculations of territory,2010,article,Jeremy W. Crampton,Progress in Human Geography,Weizman 2007:forward,screened,Exclude,deepseek/deepseek-v4-flash,Exclude
https://openalex.org/W4417264650,https://doi.org/10.1111/cag.70043,"A humble proposal for GeoAI: Epistemology, methodology, and relevance in curb ramp classification",2025,article,Shiloh Deitz,Canadian Geographies / Géographies canadiennes,Kitchin 2014:forward,screened,Exclude,deepseek/deepseek-v4-flash,Exclude
https://openalex.org/W2588492032,https://doi.org/10.1177/1354066117692031,"Resilience, resistance, infrapolitics and enmeshment",2017,article,Philippe Bourbeau,European Journal of International Relations,Weizman 2007:forward,screened,Exclude,deepseek/deepseek-v4-flash,Exclude
https://openalex.org/W2126496809,https://doi.org/10.1177/0011392112456505,"Explaining spacio-cide in the Palestinian territory: Colonization, separation, and state of exception",2012,article,Sārī Ḥanafī,Current Sociology,Weizman 2007:forward,screened,Exclude,deepseek/deepseek-v4-flash,Exclude
https://openalex.org/W2162186953,https://doi.org/10.1177/1206331210389260,Qalandia Checkpoint as Space and Nonplace,2011,article,Helga Tawil‐Souri,Space and Culture,Weizman 2007:forward,screened,Maybe,deepseek/deepseek-v4-flash,Maybe
https://openalex.org/W2155039585,https://doi.org/10.1177/0263276410380943,Vertical Security in the Megacity,2010,article,Peter Adey,Theory Culture & Society,Weizman 2007:forward,screened,Include,deepseek/deepseek-v4-flash,Include
https://openalex.org/W2224718824,https://doi.org/10.1177/0263775815611423,"The rugged border: Surveillance, policing and the dynamic materiality of the US/Mexico frontier",2015,article,Geoffrey Alan Boyce,Environment and Planning D Society and Space,Weizman 2007:forward,screened,Exclude,deepseek/deepseek-v4-flash,Exclude
https://openalex.org/W2023657720,https://doi.org/10.1017/s0020743810000425,THE LOCATION OF PALESTINE IN GLOBAL COUNTERINSURGENCIES,2010,article,Laleh Khalili,International Journal Middle East Studies,Weizman 2007:forward,screened,Exclude,deepseek/deepseek-v4-flash,Exclude
https://openalex.org/W2137739355,https://doi.org/10.18740/s4f591,Unmanning the Police Manhunt: Vertical Security as Pacification,2013,article,Tyler Wall,Socialist studies,Weizman 2007:forward,screened,Include,deepseek/deepseek-v4-flash,Include
https://openalex.org/W2040675432,https://doi.org/10.1080/13562576.2013.780713,"‘All the Beautiful Things’: Trauma, Aesthetics and the Politics of Palestinian Childhood",2013,article,David Marshall,Space and Polity,Weizman 2007:forward,screened,Exclude,deepseek/deepseek-v4-flash,Exclude
https://openalex.org/W1874759506,https://doi.org/10.1111/amet.12114,Driving while Palestinian in Israel and the West Bank: The politics of disorientation and the routes of a subaltern knowledge,2015,article,Amahl Bishara,American Ethnologist,Weizman 2007:forward,screened,Exclude,deepseek/deepseek-v4-flash,Exclude
https://openalex.org/W2791664636,https://doi.org/10.1111/tran.12232,Drone methodologies: Taking flight in human and physical geography,2018,article,Bradley Garrett,Transactions of the Institute of British Geographers,Weizman 2007:forward,screened,Include,deepseek/deepseek-v4-flash,Include
https://openalex.org/W2898537557,https://doi.org/10.1080/21624887.2018.1522174,Towards a Beirut School of critical security studies,2018,article,Samer Abboud,Critical Studies on Security,Weizman 2007:forward,screened,Exclude,deepseek/deepseek-v4-flash,Exclude
https://openalex.org/W2191139688,https://doi.org/10.1016/j.polgeo.2015.05.001,Securing the heights: The vertical dimension of the Siachen conflict between India and Pakistan in the Eastern Karakoram,2015,article,Ravi Baghel,Political Geography,Weizman 2007:forward,screened,Exclude,deepseek/deepseek-v4-flash,Exclude
https://openalex.org/W2120556836,https://doi.org/10.1111/tran.12045,Gated/gating community: the settlement complex in the West Bank,2013,article,Ariel Handel,Transactions of the Institute of British Geographers,Weizman 2007:forward,screened,Exclude,deepseek/deepseek-v4-flash,Exclude
https://openalex.org/W2170031368,https://doi.org/10.1111/j.1548-744x.2012.01073.x,Contesting Beirut's Frontiers,2012,article,Hiba Bou Akar,City & Society,Weizman 2007:forward,screened,Exclude,deepseek/deepseek-v4-flash,Exclude
https://openalex.org/W1582824953,https://doi.org/10.1111/1468-2427.12094,The Only Way Is Up? Ordinary Topologies of<scp>R</scp>amallah,2013,article,Christopher Harker,International Journal of Urban and Regional Research,Weizman 2007:forward,screened,Exclude,deepseek/deepseek-v4-flash,Exclude
https://openalex.org/W605947310,https://doi.org/10.1017/cbo9781139025713,"Iraq in Wartime: Soldiering, Martyrdom, and Remembrance",2013,article,Dina Rizk Khoury,,Weizman 2007:forward,screened,Exclude,deepseek/deepseek-v4-flash,Exclude
https://openalex.org/W2508974676,https://doi.org/10.1093/bjc/azw066,The Occupation of the Senses: The Prosthetic and Aesthetic of State Terror,2016,article,Nadera Shalhoub‐Kevorkian,The British Journal of Criminology,Weizman 2007:forward,screened,Exclude,deepseek/deepseek-v4-flash,Exclude
https://openalex.org/W2898615110,https://doi.org/10.1086/699906,Destabilizing Mastery and the Machine,2018,article,Rema Hammami,Current Anthropology,Weizman 2007:forward,screened,Include,deepseek/deepseek-v4-flash,Include
https://openalex.org/W2904826167,https://doi.org/10.1016/j.polgeo.2018.11.010,"Three-dimensional security: Layers, spheres, volumes, milieus",2018,article,Elaine Campbell,Political Geography,Weizman 2007:forward,screened,Exclude,deepseek/deepseek-v4-flash,Exclude.
https://openalex.org/W2979764790,,The Urbanism of Exception: The Dynamics of Global City Building in the Twenty-First Century,2017,article,Martin J. Murray,,Weizman 2007:forward,screened,Exclude,deepseek/deepseek-v4-flash,Exclude
https://openalex.org/W3047692644,https://doi.org/10.1177/2043820620951353,"Terrain, politics, history",2020,article,Stuart Elden,Dialogues in Human Geography,Weizman 2007:forward,screened,Exclude,deepseek/deepseek-v4-flash,Exclude
https://openalex.org/W2045464236,https://doi.org/10.1080/13623699.2013.813109,"Political violence, collective functioning and health: A review of the literature",2013,article,Cindy Sousa,Medicine Conflict & Survival,Weizman 2007:forward,screened,Exclude,deepseek/deepseek-v4-flash,Exclude
https://openalex.org/W2290892264,https://doi.org/10.1080/14678802.2015.1100013,The symbiosis between Palestinian ‘Fayyadism’ and Israeli ‘economic peace’: the political economy of capitalist peace in the context of colonisation,2015,article,Tariq Dana,Conflict Security and Development,Weizman 2007:forward,screened,Exclude,deepseek/deepseek-v4-flash,Exclude
https://openalex.org/W1980765697,https://doi.org/10.1080/1600910x.2012.724432,Global territories: zones of economic and legal dis/connectivity,2012,article,Sven Opitz,Distinktion Journal of Social Theory,Weizman 2007:forward,screened,Exclude,deepseek/deepseek-v4-flash,Exclude
https://openalex.org/W2167904349,https://doi.org/10.1080/01426397.2011.570974,Researching Militarized Landscapes: A Literature Review on War and the Militarization of the Environment,2011,article,Chris Pearson,Landscape Research,Weizman 2007:forward,screened,Exclude,deepseek/deepseek-v4-flash,Exclude
https://openalex.org/W1526138009,https://doi.org/10.1080/17530350.2010.494376,PERFORMING BORDER IN THE AEGEAN,2010,article,Sarah Green,Journal of Cultural Economy,Weizman 2007:forward,screened,Exclude,deepseek/deepseek-v4-flash,Exclude
https://openalex.org/W2414756256,https://doi.org/10.1093/jrs/fev014,Camps and Enclaves: Palestine in the Time of Closure,2015,article,Julie Peteet,Journal of Refugee Studies,Weizman 2007:forward,screened,Include,deepseek/deepseek-v4-flash,Include
https://openalex.org/W1961137027,https://doi.org/10.1111/j.1931-0846.2015.12132.x,Ethno‐Territoriality and Ethnic Conflict,2015,article,Adam Moore,Geographical Review,Weizman 2007:forward,screened,Exclude,deepseek/deepseek-v4-flash,Exclude
https://openalex.org/W2045263279,https://doi.org/10.1179/147757011x13045212814529,"Empire's Verticality: The Af/Pak Frontier, Visual Culture, and Racialization from Above",2011,article,Keith Feldman,Comparative American Studies An International Journal,Weizman 2007:forward,screened,Exclude,deepseek/deepseek-v4-flash,Exclude.
https://openalex.org/W2756233842,https://doi.org/10.1080/13629395.2017.1371900,Neo-settler colonialism and the re-formation of territory: Privatization and nationalization in Israel,2017,article,Haim Yacobi,Mediterranean Politics,Weizman 2007:forward,screened,Exclude,deepseek/deepseek-v4-flash,Exclude
https://openalex.org/W2004352536,https://doi.org/10.1177/2050303213506473,The Joshua Generation: Conquest and the Promised Land,2013,article,Rachel Havrelock,Critical Research on Religion,Weizman 2007:forward,screened,Exclude,deepseek/deepseek-v4-flash,Exclude
https://openalex.org/W2302331886,https://doi.org/10.1017/s0020743815000495,"DEVELOPMENT, COUNTERINSURGENCY, AND THE DESTRUCTION OF THE IRAQI MARSHES",2015,article,Ariel I. Ahram,International Journal Middle East Studies,Weizman 2007:forward,screened,Exclude,deepseek/deepseek-v4-flash,Exclude</s>
https://openalex.org/W2786674797,https://doi.org/10.1353/anq.2019.0003,"Living on the Frontline: Indeterminacy, Value, and Military Waste in Postwar Bosnia-Herzegovina",2019,article,David Henig,Anthropological Quarterly,Weizman 2007:forward,screened,Exclude,deepseek/deepseek-v4-flash,Exclude
https://openalex.org/W2794087641,https://doi.org/10.1017/s0260210517000638,"The politics of walls: Barriers, flows, and the sublime",2018,article,William A. Callahan,Review of International Studies,Weizman 2007:forward,screened,Exclude,deepseek/deepseek-v4-flash,Exclude
https://openalex.org/W2915256838,https://doi.org/10.1080/14650045.2019.1577826,Atmospheric Border Politics: The Morphology of Migration and Solidarity Practices in Europe,2019,article,Huub Dijstelbloem,Geopolitics,Weizman 2007:forward,screened,Exclude,deepseek/deepseek-v4-flash,Exclude
https://openalex.org/W3133507080,https://doi.org/10.1590/01031813836151620201114,WHEN THE CHECKPOINT BECOMES A COUNTERPOINT: STASIS AS QUEER DISSENT,2020,article,Tommaso M. Milani,Trabalhos em Linguística Aplicada,Weizman 2007:forward,screened,Exclude,deepseek/deepseek-v4-flash,Exclude
https://openalex.org/W2287350388,https://doi.org/10.1111/amet.12268,"Palestine, my love: The ethico‐politics of love and mourning in Jewish Israeli solidarity activism",2016,article,Fiona Wright,American Ethnologist,Weizman 2007:forward,screened,Exclude,deepseek/deepseek-v4-flash,Exclude
https://openalex.org/W2461376517,https://doi.org/10.1080/13604813.2016.1142220,Reimagining resilience,2016,article,Arpan Roy,City,Weizman 2007:forward,screened,Exclude,deepseek/deepseek-v4-flash,Exclude
https://openalex.org/W2022876660,https://doi.org/10.1080/14797585.2012.647749,"Impossible Witness: Israeli Visuality, Palestinian Testimony and the Gaza War",2012,article,Rebecca L. Stein,Journal for Cultural Research,Weizman 2007:forward,screened,Exclude,deepseek/deepseek-v4-flash,Exclude
https://openalex.org/W2026159779,https://doi.org/10.1080/13531042.2013.768041,Soft power: The meaning of home for Gush Emunim settlers,2013,article,Michael Feige,The Journal of Israeli History,Weizman 2007:forward,screened,Exclude,deepseek/deepseek-v4-flash,Exclude
https://openalex.org/W2278694128,https://doi.org/10.1080/0966369x.2015.1136807,Border collapse and boundary maintenance: militarisation and the micro-geographies of violence in Israel–Palestine,2016,article,Katherine Natanel,Gender Place & Culture,Weizman 2007:forward,screened,Exclude,deepseek/deepseek-v4-flash,Exclude
https://openalex.org/W2578286549,https://doi.org/10.1086/688869,GoPro Occupation,2017,article,Rebecca L. Stein,Current Anthropology,Weizman 2007:forward,screened,Include,deepseek/deepseek-v4-flash,Include
https://openalex.org/W2623791407,https://doi.org/10.1353/ach.2017.0000,Introduction to “Cartographic Anxieties”,2017,article,Franck Billé,Cross-currents,Weizman 2007:forward,screened,Exclude,deepseek/deepseek-v4-flash,Exclude
https://openalex.org/W2948300770,,Conflict Networks: Collapsing the Global into the Local,2010,article,Nick Srnicek,,Weizman 2007:forward,screened,Exclude,deepseek/deepseek-v4-flash,Exclude
https://openalex.org/W3133513529,https://doi.org/10.1080/17450101.2021.1885843,"Turbulences in the encampment archipelago: conflicting mobilities between migration, labour and logistics in Italian agri-food enclaves",2021,article,Irene Peano,Mobilities,Weizman 2007:forward,screened,Exclude,deepseek/deepseek-v4-flash,Exclude
https://openalex.org/W2270564212,https://doi.org/10.1177/1354066115581180,Geographical knowledge at work: Human rights litigation and transnational territoriality,2015,article,Philip Liste,European Journal of International Relations,Weizman 2007:forward,screened,Exclude,deepseek/deepseek-v4-flash,Exclude
https://openalex.org/W2909417265,https://doi.org/10.1093/fpa/ory019,States Recognition in Foreign Policy: The Case of Sweden's Recognition of Palestine,2019,article,Emile Badarin,Foreign Policy Analysis,Weizman 2007:forward,screened,Exclude,deepseek/deepseek-v4-flash,Exclude
https://openalex.org/W2245398489,https://doi.org/10.1177/0308518x15594917,"Wine-washing: colonization, normalization, and the geopolitics of <i>terroir</i> in the West Bank's settlements",2015,article,Ariel Handel,Environment and Planning A Economy and Space,Weizman 2007:forward,screened,Exclude,deepseek/deepseek-v4-flash,Exclude
https://openalex.org/W2075001618,https://doi.org/10.1017/s0020743808081531,SOUVENIRS OF CONQUEST: ISRAELI OCCUPATIONS AS TOURIST EVENTS,2008,article,Rebecca L. Stein,International Journal Middle East Studies,Weizman 2007:forward,screened,Exclude,deepseek/deepseek-v4-flash,Exclude
https://openalex.org/W2103942703,https://doi.org/10.1177/0306396809354164,Slouching towards dystopia: the new military futurism,2010,article,Matt Carr,Race & Class,Weizman 2007:forward,screened,Exclude,deepseek/deepseek-v4-flash,Exclude
https://openalex.org/W2509833771,https://doi.org/10.1007/s10767-016-9236-4,"The People Are Missing: Cramped Space, Social Relations, and the Mediators of Politics",2016,article,Nicholas Thoburn,International Journal of Politics Culture and Society,Weizman 2007:forward,screened,Exclude,deepseek/deepseek-v4-flash,Exclude
https://openalex.org/W2401488879,https://doi.org/10.1080/08865655.2016.1174600,Radical Indeterminancies: Affirmations and Subversions of the Separation Wall—The Case of the Palestinian Children of the Junction,2016,article,Omri Grinberg,Journal of Borderlands Studies,Weizman 2007:forward,screened,Exclude,deepseek/deepseek-v4-flash,Exclude
https://openalex.org/W2499840460,https://doi.org/10.1108/s0198-8719(2012)0000023009,The Reconfiguration of the Palestinian National Question: The Indirect Rule Route and the Civil Society Route,2012,book-chapter,Silvia Pasquetti,Political power and social theory,Weizman 2007:forward,screened,Exclude,deepseek/deepseek-v4-flash,Exclude
https://openalex.org/W2151533360,https://doi.org/10.1177/0967010609343299,The Visibility of (In)security: The Aesthetics of Planning Urban Defences Against Terrorism,2009,article,Jon Coaffee,Security Dialogue,Weizman 2007:forward,screened,Include,deepseek/deepseek-v4-flash,Include
https://openalex.org/W116933235,,"Cooperation, domination and colonisation: the Israeli-Palestinian Joint Water Committee",2013,article,Jan Selby,Sussex Research Online (University of Sussex),Weizman 2007:forward,screened,Exclude,deepseek/deepseek-v4-flash,Exclude
https://openalex.org/W2052129660,https://doi.org/10.3390/bs3040619,Accounting for Material Reality in the Analytic Subject,2013,article,Robin McCoy Brooks,Behavioral Sciences,Weizman 2007:forward,screened,Exclude,deepseek/deepseek-v4-flash,Exclude
https://openalex.org/W2135141337,https://doi.org/10.1146/annurev-anthro-092412-155457,Borders and the Relocation of Europe,2013,article,Sarah Green,Annual Review of Anthropology,Weizman 2007:forward,screened,Exclude,deepseek/deepseek-v4-flash,Exclude
https://openalex.org/W2104784540,https://doi.org/10.1177/0309132510385740,Making links: On (re)engaging with transport and transport geography,2010,article,Jon Shaw,Progress in Human Geography,Weizman 2007:forward,screened,Exclude,deepseek/deepseek-v4-flash,Exclude
https://openalex.org/W2317246442,https://doi.org/10.1177/0967010615615729,How walls do work: Security barriers as devices of interruption and data capture,2016,article,Polly Pallister‐Wilkins,Security Dialogue,Weizman 2007:forward,screened,Include,deepseek/deepseek-v4-flash,Include
https://openalex.org/W1935440017,https://doi.org/10.1111/j.1471-6712.2011.00951.x,"‘My happiness is the refugee camp, my future Palestine’: optimism, life satisfaction and perceived happiness in a group of Palestinian children",2011,article,Guido Veronese,Scandinavian Journal of Caring Sciences,Weizman 2007:forward,screened,Exclude,deepseek/deepseek-v4-flash,Exclude
https://openalex.org/W1994042900,https://doi.org/10.1080/14733285.2014.922678,"Save (us from) the children: trauma, Palestinian childhood, and the production of governable subjects",2014,article,David Marshall,Children s Geographies,Weizman 2007:forward,screened,Exclude,deepseek/deepseek-v4-flash,Exclude
https://openalex.org/W2992288305,https://doi.org/10.1515/ngs-2019-0030,"Imperial Whiteness: Fantasy, Colonialism and New Walls",2019,article,Jenny Stümer,New Global Studies,Weizman 2007:forward,screened,Exclude,deepseek/deepseek-v4-flash,Exclude
https://openalex.org/W2032414573,https://doi.org/10.1177/1468795x10379675,"Tarde, Canetti, and Deleuze on crowds and packs",2010,article,Andrea Mubi Brighenti,Journal of Classical Sociology,Weizman 2007:forward,screened,Exclude,deepseek/deepseek-v4-flash,Exclude
https://openalex.org/W1976373174,https://doi.org/10.1080/08865655.2012.687216,Walls and Border Art: The Politics of Art Display,2012,article,Anne‐Laure Amilhat Szary,Journal of Borderlands Studies,Weizman 2007:forward,screened,Exclude,deepseek/deepseek-v4-flash,Exclude
https://openalex.org/W2168745328,https://doi.org/10.3280/tr2014-068008,Territories of poverty: rethinking north and south,2014,article,Ananya Roy,TERRITORIO,Weizman 2007:forward,screened,Exclude,deepseek/deepseek-v4-flash,Exclude
https://openalex.org/W2050260315,https://doi.org/10.3727/109830412x13346876802158,Moving from Pilgrimage to “Dark” Tourism: Leveraging Tourism in Palestine,2011,article,Rami K. Isaac,Tourism Culture & Communication,Weizman 2007:forward,screened,Exclude,deepseek/deepseek-v4-flash,Exclude
https://openalex.org/W1860292074,https://doi.org/10.1111/aman.12029,Steel Walls and Picket Fences: Rematerializing the U.S.-Mexican Border in Ambos Nogales,2013,article,Randall H. McGuire,American Anthropologist,Weizman 2007:forward,screened,Exclude,deepseek/deepseek-v4-flash,Exclude
https://openalex.org/W2151392378,https://doi.org/10.1177/1206331215579716,From “Spaces of Fear” to “Fearscapes”,2015,article,Simone Tulumello,Space and Culture,Weizman 2007:forward,screened,Exclude,deepseek/deepseek-v4-flash,Exclude
https://openalex.org/W2793204012,https://doi.org/10.1080/14650045.2017.1399878,"A Cartography of the Unknowable: Technology, Territory and Subterranean Agencies in Israel’s Management of the Gaza Tunnels",2018,article,Ian Slesinger,Geopolitics,Weizman 2007:forward,screened,Exclude,deepseek/deepseek-v4-flash,Exclude
https://openalex.org/W2990904937,https://doi.org/10.1080/13604813.2019.1689727,"Disrupting movements, synchronising schedules",2019,article,Hanna Baumann,City,Weizman 2007:forward,screened,Include,deepseek/deepseek-v4-flash,Include
https://openalex.org/W2521597217,https://doi.org/10.1353/aq.2016.0060,"Asymmetrical Itineraries: Militarism, Tourism, and Solidarity in Occupied Palestine",2016,article,Jennifer L. Kelly,American Quarterly,Weizman 2007:forward,screened,Exclude,deepseek/deepseek-v4-flash,Exclude
https://openalex.org/W2123028101,https://doi.org/10.1111/ips.12093,"Drones, Targeted Killings, and the Limitations of International Law",2015,article,Thomas Gregory,International Political Sociology,Weizman 2007:forward,screened,Exclude,deepseek/deepseek-v4-flash,Exclude
https://openalex.org/W2005627013,https://doi.org/10.1080/17450100802657947,"Student Im/mobility in Birzeit, Palestine",2009,article,Christopher Harker,Mobilities,Weizman 2007:forward,screened,Include,deepseek/deepseek-v4-flash,Include
https://openalex.org/W2796570705,https://doi.org/10.1215/08992363-4310888,"Israel’s Biospatial Politics: Territory, Demography, and Effective Control",2018,article,Yinon Cohen,Public Culture,Weizman 2007:forward,screened,Exclude,deepseek/deepseek-v4-flash,Exclude
https://openalex.org/W3012538538,https://doi.org/10.1177/0967010620918529,Women and checkpoints in Palestine,2020,article,Mark Griffiths,Security Dialogue,Weizman 2007:forward,screened,Include,deepseek/deepseek-v4-flash,Include
https://openalex.org/W1576534919,https://doi.org/10.1353/aq.2010.a409336,In the Long Shadow of the Settler: On Israeli and U.S. Colonialisms,2010,article,David Lloyd,American Quarterly,Weizman 2007:forward,screened,Exclude,deepseek/deepseek-v4-flash,Exclude
https://openalex.org/W3200983633,https://doi.org/10.1111/1758-5899.13007,Drone Use for COVID‐19 Related Problems: Techno‐solutionism and its Societal Implications,2021,article,Bruno Oliveira Martins,Global Policy,Weizman 2007:forward,screened,Include,deepseek/deepseek-v4-flash,Include
https://openalex.org/W1944936052,https://doi.org/10.1080/13604813.2015.1071115,Spreading and concentrating,2015,article,Irit Katz,City,Weizman 2007:forward,screened,Exclude,deepseek/deepseek-v4-flash,Exclude
https://openalex.org/W2969719759,https://doi.org/10.1017/s0047404519000356,"Israel as homotopia: Language, space, and vicious belonging",2019,article,Tommaso M. Milani,Language in Society,Weizman 2007:forward,screened,Exclude,deepseek/deepseek-v4-flash,Exclude
https://openalex.org/W2766531508,https://doi.org/10.1080/17450101.2017.1394681,Distance matters: mobilities and the politics of distance,2017,article,Ariel Handel,Mobilities,Weizman 2007:forward,screened,Exclude,deepseek/deepseek-v4-flash,Exclude
https://openalex.org/W3006697903,https://doi.org/10.1080/09614524.2020.1724885,Problematising resilience: development practice and the case of Palestine,2020,article,Emma Keelan,Development in Practice,Weizman 2007:forward,screened,Exclude,deepseek/deepseek-v4-flash,Exclude
https://openalex.org/W2771924405,https://doi.org/10.1111/1468-2427.12546,Urban Warfare Ecology: A Study of Water Supply in Basrah,2017,article,Mark Zeitoun,International Journal of Urban and Regional Research,Weizman 2007:forward,screened,Include,deepseek/deepseek-v4-flash,Include
https://openalex.org/W1967654791,https://doi.org/10.1080/13629390902747335,"The Writing on the Wall: Israel, the Security Barrier and the Future of Zionism",2009,article,Clive Jones,Mediterranean Politics,Weizman 2007:forward,screened,Exclude,deepseek/deepseek-v4-flash,Exclude
https://openalex.org/W1965549329,https://doi.org/10.1080/13504630.2013.835514,Performing colonial sovereignty and the Israeli ‘separation’ wall,2013,article,Rachel Busbridge,Social Identities,Weizman 2007:forward,screened,Exclude,deepseek/deepseek-v4-flash,Exclude
https://openalex.org/W2253142754,https://doi.org/10.1080/0966369x.2015.1136813,The politics of holding: home and LGBT visibility in contested Jerusalem,2016,article,Gilly Hartal,Gender Place & Culture,Weizman 2007:forward,screened,Exclude,deepseek/deepseek-v4-flash,Exclude
https://openalex.org/W2282875405,https://doi.org/10.1080/19436149.2015.1107997,"Temporality, Peace Initiatives and Palestinian-Israeli Politics",2015,article,Seán McMahon,Middle East Critique,Weizman 2007:forward,screened,Exclude,deepseek/deepseek-v4-flash,Exclude
https://openalex.org/W2139971141,https://doi.org/10.1111/geoj.12007,"Climate change, securitisation and the<scp>I</scp>sraeli–<scp>P</scp>alestinian conflict",2013,article,Michael Mason,Geographical Journal,Weizman 2007:forward,screened,Exclude,deepseek/deepseek-v4-flash,Exclude
https://openalex.org/W3012468770,https://doi.org/10.1080/14650045.2020.1737020,Checkpoint Knowledge: Navigating the Tunnels and Al Walaja Checkpoints in the Occupied Palestinian Territories,2020,article,Alexandra Rijke,Geopolitics,Weizman 2007:forward,screened,Include,deepseek/deepseek-v4-flash,Include
https://openalex.org/W2522506624,https://doi.org/10.1353/aq.2016.0059,"Carceral Conservationism: Contested Landscapes and Technologies of Dispossession at Ka‘ena Point, Hawai‘i",2016,article,Laurel Mei‐Singh,American Quarterly,Weizman 2007:forward,screened,Exclude,deepseek/deepseek-v4-flash,Exclude
https://openalex.org/W2731314850,https://doi.org/10.1515/jef-2017-0006,The Israeli-Palestinian Separation Wall and the Assemblage Theory: The Case of the Weekly Rosary at the Icon of Our Lady of the Wall,2017,article,Elisa Farinacci,Journal of Ethnology and Folkloristics,Weizman 2007:forward,screened,Exclude,deepseek/deepseek-v4-flash,Exclude
https://openalex.org/W2980870836,https://doi.org/10.1080/21624887.2019.1672482,"Ethics, the military imaginary, and practices of war",2019,article,Dan Öberg,Critical Studies on Security,Weizman 2007:forward,screened,Exclude,deepseek/deepseek-v4-flash,Exclude
https://openalex.org/W2012330997,https://doi.org/10.1080/17449855.2013.850213,Sovereignty and necropolitics at the Line of Control,2013,article,Stephen Morton,Journal of Postcolonial Writing,Weizman 2007:forward,screened,Exclude,deepseek/deepseek-v4-flash,Exclude
https://openalex.org/W2473870338,https://doi.org/10.1353/mod.2016.0037,"Seven Pillars of Wisdom, the Queer Times of Revolt, and Modernist Form",2016,article,Sean Ward,Modernism/modernity,Weizman 2007:forward,screened,Exclude,deepseek/deepseek-v4-flash,Exclude
https://openalex.org/W2089849092,https://doi.org/10.1111/ips.12068,Women Speaking of National Security: The Case of Checkpoint Watch,2014,article,Merav Amir,International Political Sociology,Weizman 2007:forward,screened,Exclude,deepseek/deepseek-v4-flash,Exclude
https://openalex.org/W1903127415,https://doi.org/10.26522/ssj.v4i2.1002,Between Acceleration and Occupation: Palestine and the Struggle for Global Justice,2010,article,John Collins,Studies in Social Justice,Weizman 2007:forward,screened,Exclude,deepseek/deepseek-v4-flash,Exclude
https://openalex.org/W1965195317,https://doi.org/10.1080/17449855.2013.850245,Kafka at the West Bank checkpoint: de-normalizing the Palestinian encounter before the law,2013,article,Anna Ball,Journal of Postcolonial Writing,Weizman 2007:forward,screened,Include,deepseek/deepseek-v4-flash,Include
https://openalex.org/W2954016276,https://doi.org/10.13169/reorient.4.2.0144,On the Political History of Destruction,2019,article,Gil Anidjar,ReOrient,Weizman 2007:forward,screened,Exclude,deepseek/deepseek-v4-flash,Exclude
https://openalex.org/W2282469827,https://doi.org/10.1080/08865655.2015.1046470,Interrogating Boundaries and Acknowledging Fluidity: Shifting Identity Markers in Palestine/Israel,2015,article,Karen Ross,Journal of Borderlands Studies,Weizman 2007:forward,screened,Exclude,deepseek/deepseek-v4-flash,Exclude
https://openalex.org/W2050893625,https://doi.org/10.1080/13683500903464218,Moving from pilgrimage to responsible tourism: the case of Palestine,2010,article,Rami K. Isaac,Current Issues in Tourism,Weizman 2007:forward,screened,Exclude,deepseek/deepseek-v4-flash,Exclude
https://openalex.org/W2443456478,https://doi.org/10.1080/17539153.2016.1197626,(Non)-lethality and war: tear gas as a weapon of governmental intervention,2016,article,Miguel de Larrinaga,Critical Studies on Terrorism,Weizman 2007:forward,screened,Exclude,deepseek/deepseek-v4-flash,Exclude
https://openalex.org/W1971444817,https://doi.org/10.1017/s1744552310000121,"Lines, barred lines. Movement, territory and the law",2010,article,Andrea Mubi Brighenti,International Journal of Law in Context,Weizman 2007:forward,screened,Exclude,deepseek/deepseek-v4-flash,Exclude
https://openalex.org/W2968566647,https://doi.org/10.1080/03066150.2019.1604511,Vertical farming: tin mining and <i>agro-mineros</i> in Bolivia,2019,article,Andrea Marston,The Journal of Peasant Studies,Weizman 2007:forward,screened,Exclude,deepseek/deepseek-v4-flash,Exclude
https://openalex.org/W2006931377,https://doi.org/10.1108/01443331111164142,Senses of place in flux: a generational approach,2011,article,Suzanne H. Hammad,International Journal of Sociology and Social Policy,Weizman 2007:forward,screened,Exclude,deepseek/deepseek-v4-flash,Exclude
https://openalex.org/W2588259562,https://doi.org/10.1080/00207233.2017.1284383,Role of museums and botanical gardens in ecosystem services in developing countries: case study and outlook,2017,article,Mazin Β. Qumsiyeh,International Journal of Environmental Studies,Weizman 2007:forward,screened,Exclude,deepseek/deepseek-v4-flash,Exclude
https://openalex.org/W2328661146,https://doi.org/10.1353/anq.2016.0015,The Work of Comparison: Israel/Palestine and Apartheid,2016,article,Julie Peteet,Anthropological Quarterly,Weizman 2007:forward,screened,Exclude,deepseek/deepseek-v4-flash,Exclude
https://openalex.org/W1993553645,https://doi.org/10.1111/j.1749-5687.2009.00084.x,Anarchical Governance: Neoliberal Governmentality in Resonance with the State of Exception,2009,article,Hiroyuki Tosa,International Political Sociology,Weizman 2007:forward,screened,Exclude,deepseek/deepseek-v4-flash,Exclude
https://openalex.org/W2098953667,https://doi.org/10.1080/14742830903234262,Radical Ground: Israeli and Palestinian Activists and Joint Protest Against the Wall,2009,article,Polly Pallister‐Wilkins,Social movement studies,Weizman 2007:forward,screened,Exclude,deepseek/deepseek-v4-flash,Exclude
https://openalex.org/W2510617409,https://doi.org/10.1080/24694452.2016.1213155,"Fluid Sovereignty: State–Nature Relations in the Hasbani Basin, Southern Lebanon",2016,article,Michael Mason,Annals of the American Association of Geographers,Weizman 2007:forward,screened,Exclude,deepseek/deepseek-v4-flash,Exclude
https://openalex.org/W2957381568,https://doi.org/10.1093/bjsw/bcz049,Place as a Social Determinant of Health: Narratives of Trauma and Homeland among Palestinian Women,2019,article,Cindy Sousa,The British Journal of Social Work,Weizman 2007:forward,screened,Exclude,deepseek/deepseek-v4-flash,Exclude
https://openalex.org/W2108249244,https://doi.org/10.1215/10642684-2010-002,EXPLOSIVE,2010,article,Rebecca L. Stein,GLQ A Journal of Lesbian and Gay Studies,Weizman 2007:forward,screened,Exclude,deepseek/deepseek-v4-flash,Exclude
https://openalex.org/W2030880336,https://doi.org/10.1080/21624887.2013.801126,<i>Critical Studies on Security</i>: an introduction,2013,article,David Mutimer,Critical Studies on Security,Weizman 2007:forward,screened,Exclude,deepseek/deepseek-v4-flash,Exclude
https://openalex.org/W2331194809,https://doi.org/10.1177/1750635210378948,Webs of hate in diasporic cyberspaces: the Gaza War in the Russian-language blogosphere,2010,article,Adi Kuntsman,Media War & Conflict,Weizman 2007:forward,screened,Exclude,deepseek/deepseek-v4-flash,Exclude
https://openalex.org/W2524029898,https://doi.org/10.14288/acme.v15i3.1223,"Eurosur, Humanitarian Visibility and (nearly) Real-Time Mapping in the Mediterranean.",2015,article,Martina Tazzioli,Cronfa (Swansea University),Weizman 2007:forward,screened,Include,deepseek/deepseek-v4-flash,Include
https://openalex.org/W2943929773,https://doi.org/10.1215/22011919-7349444,Making Live and Letting Die,2019,article,Nina Lykke,Environmental Humanities,Weizman 2007:forward,screened,Exclude,deepseek/deepseek-v4-flash,Exclude
https://openalex.org/W2903597378,https://doi.org/10.1080/14650045.2018.1552946,The European Union and Practices of Governing Space and Population in Contested States: Insights from EUPOL COPPS in Palestine,2018,article,Dimitris Bouris,Geopolitics,Weizman 2007:forward,screened,Exclude,deepseek/deepseek-v4-flash,Exclude
https://openalex.org/W1996419085,https://doi.org/10.1017/s1743923x11000353,"Baking at the Front Line, Sleeping with the Enemy: Reflections on Gender and Women's Peace Activism in Israel",2011,article,Hagar Kotef,Politics & Gender,Weizman 2007:forward,screened,Exclude,deepseek/deepseek-v4-flash,Exclude
https://openalex.org/W2076144814,https://doi.org/10.1177/0022343309334612,Creative Responses to Separation: Israeli and Palestinian Joint Activism in Bil'in,2009,article,Maia Carter Hallward,Journal of Peace Research,Weizman 2007:forward,screened,Exclude,deepseek/deepseek-v4-flash,Exclude
https://openalex.org/W3124188849,https://doi.org/10.1177/2043610615573378,"Trees, flowers, prisons, flags: Frustration and hope shaping national identity for Palestinian families",2015,article,Bree Akesson,Global Studies of Childhood,Weizman 2007:forward,screened,Exclude,deepseek/deepseek-v4-flash,Exclude
https://openalex.org/W2971456112,https://doi.org/10.1093/ips/olz022,Enabling Militarism? The Inclusion of Soldiers with Disabilities in the Israeli Military,2019,article,James Eastwood,International Political Sociology,Weizman 2007:forward,screened,Exclude,deepseek/deepseek-v4-flash,Exclude
https://openalex.org/W2262313377,https://doi.org/10.1057/9781137326317_5,Arrested in Place: Palestinian Children and Families at the Border,2014,book-chapter,Bree Akesson,Palgrave Macmillan UK eBooks,Weizman 2007:forward,screened,Exclude,deepseek/deepseek-v4-flash,Exclude
https://openalex.org/W2318665503,https://doi.org/10.1093/ips/olv002,Collective Discussion: Ferocious Architecture: Sovereign Spaces/Places by Design,2016,article,Benjamin Müller,International Political Sociology,Weizman 2007:forward,screened,Include,deepseek/deepseek-v4-flash,Include
https://openalex.org/W2889261727,https://doi.org/10.1177/1362480618787172,"Geographies of landscape: Representation, power and meaning",2018,article,Eamonn Carrabine,Theoretical Criminology,Weizman 2007:forward,screened,Exclude,deepseek/deepseek-v4-flash,Exclude
https://openalex.org/W3083154390,https://doi.org/10.1080/25729861.2020.1804225,<i>Artefacto Explosivo Improvisado</i>: landmines and rebel expertise in Colombian warfare,2020,article,Diana Pardo Pedraza,Tapuya Latin American Science Technology and Society,Weizman 2007:forward,screened,Exclude,deepseek/deepseek-v4-flash,Exclude
https://openalex.org/W2011976053,https://doi.org/10.1017/s1742058x13000076,BIRTHRIGHT CITIZENSHIP AND THE RACIAL CONTRACT,2013,article,Annie Menzel,Du Bois Review Social Science Research on Race,Weizman 2007:forward,screened,Exclude,deepseek/deepseek-v4-flash,Exclude
https://openalex.org/W3161345724,https://doi.org/10.1016/j.polgeo.2021.102409,Scripting climate futures: The geographical assumptions of climate planning,2021,article,Benjamin Kaplan Weinger,Political Geography,Weizman 2007:forward,screened,Exclude,deepseek/deepseek-v4-flash,Exclude
https://openalex.org/W3212150401,https://doi.org/10.2021/ju.v1i1.2315,The Nakba Continues: The Palestinian Crisis from the Past to the Present,2021,article,Ahmad Qabaha,The Journal of Macrodynamic Analysis (Memorial University of Newfoundland),Weizman 2007:forward,screened,Exclude,deepseek/deepseek-v4-flash,Exclude
https://openalex.org/W1980507765,https://doi.org/10.1177/0967010613499787,Effective abandonment: The neoliberal economy of violence in Israel and the Occupied Territories,2013,article,François-Xavier Plasse-Couture,Security Dialogue,Weizman 2007:forward,screened,Exclude,deepseek/deepseek-v4-flash,Exclude
https://openalex.org/W2606247699,https://doi.org/10.1215/00382876-3829489,The Borders Beneath: On Pipelines and Resource Sovereignty,2017,article,Rachel Havrelock,South Atlantic Quarterly,Weizman 2007:forward,screened,Exclude,deepseek/deepseek-v4-flash,Exclude
https://openalex.org/W2103827740,https://doi.org/10.2979/mew.2009.5.3.11,Weddings and War,2009,article,Penny Johnson,Journal of Middle East Women s Studies,Weizman 2007:forward,screened,Exclude,deepseek/deepseek-v4-flash,Exclude
https://openalex.org/W2098719366,https://doi.org/10.1068/d14093p,The Bunker and the Camp: Inside West Germany's Nuclear Tomb,2014,article,Ian Klinke,Environment and Planning D Society and Space,Weizman 2007:forward,screened,Exclude,deepseek/deepseek-v4-flash,Exclude
https://openalex.org/W2028454087,https://doi.org/10.1080/10304310903380769,Moving testimonies and the geography of suffering: Perils and fantasies of belonging after Katrina,2010,article,Janet Walker,Continuum,Weizman 2007:forward,screened,Exclude,deepseek/deepseek-v4-flash,Exclude
https://openalex.org/W2070290515,https://doi.org/10.1080/17449855.2013.813867,Lauren Beukes’s post-apartheid dystopia: inhabiting<i>Moxyland</i>,2013,article,Louise Bethlehem,Journal of Postcolonial Writing,Weizman 2007:forward,screened,Include,deepseek/deepseek-v4-flash,Include
https://openalex.org/W1990538954,https://doi.org/10.1080/01426397.2011.582939,Landscape as a Driver for Well-being: The ELC in the Globalist Arena,2011,article,Shelley Egoz,Landscape Research,Weizman 2007:forward,screened,Exclude,deepseek/deepseek-v4-flash,Exclude
https://openalex.org/W2736106483,https://doi.org/10.1080/21693293.2017.1348506,Forum: resilience &amp; design,2017,article,Robert Cowley,Resilience,Weizman 2007:forward,screened,Exclude,deepseek/deepseek-v4-flash,Exclude
https://openalex.org/W2489683967,https://doi.org/10.1080/13604813.2017.1412598,The security-threat-community,2017,article,David Coyles,City,Weizman 2007:forward,screened,Exclude,deepseek/deepseek-v4-flash,Exclude
https://openalex.org/W2521389692,https://doi.org/10.1080/01436597.2016.1181521,"Decolonisation, dignity and development aid: a judicial education experience in Palestine",2016,article,Reem Bahdi,Third World Quarterly,Weizman 2007:forward,screened,Exclude,deepseek/deepseek-v4-flash,Exclude
https://openalex.org/W256689013,https://doi.org/10.1353/dia.2012.a495252,"What a Wall Wants, or How Graffiti Thinks: Nomad Grammatology in the French Banlieue",2012,article,David Fieni,diacritics,Weizman 2007:forward,screened,Exclude,deepseek/deepseek-v4-flash,Exclude
https://openalex.org/W1524550953,https://doi.org/10.5250/quiparle.22.1.0167,“From Figure to Ground”,2013,article,Eyal Weizman,Qui Parle,Weizman 2007:forward,screened,Exclude,deepseek/deepseek-v4-flash,Exclude.
https://openalex.org/W2464707225,https://doi.org/10.1080/21622671.2016.1220868,Non-state space: the strategic ejection of dangerous and high maintenance urban space,2016,article,Rowland Atkinson,Territory Politics Governance,Weizman 2007:forward,screened,Exclude,deepseek/deepseek-v4-flash,Exclude
https://openalex.org/W2611893905,https://doi.org/10.1111/var.12118,Framing Visual Politics: Photography of the Wall in Palestine,2017,article,Nayrouz Abu Hatoum,Visual Anthropology Review,Weizman 2007:forward,screened,Exclude,deepseek/deepseek-v4-flash,Exclude
https://openalex.org/W2596391113,https://doi.org/10.5555/arwg.16.1.nm3625344xr48240,Map-Making for Palestinian State-Making,2013,article,Christine Leuenberger,Arab world geographer,Weizman 2007:forward,screened,Exclude,deepseek/deepseek-v4-flash,Exclude
https://openalex.org/W2500940917,https://doi.org/10.1108/s1572-832320140000023010,Looking at Military Landscapes: Definitions and Approaches,2014,book-chapter,Rachel Woodward,,Weizman 2007:forward,screened,Exclude,deepseek/deepseek-v4-flash,Exclude
https://openalex.org/W2610981871,https://doi.org/10.1177/0263775817707528,Journeys through the Hidden City: Giving visibility to the Material Events of conflict in Belfast,2017,article,David Coyles,Environment and Planning D Society and Space,Weizman 2007:forward,screened,Include,deepseek/deepseek-v4-flash,Include
https://openalex.org/W2808771424,https://doi.org/10.1080/10439463.2018.1489396,Crafting and reinforcing the state through security privatisation: territorialisation as a public–private state project in East Jerusalem,2018,article,Lior Volinz,Policing & Society,Weizman 2007:forward,screened,Include,deepseek/deepseek-v4-flash,Include
https://openalex.org/W2282838912,https://doi.org/10.1080/17533171.2015.1116831,The Marikana Massacre: Seeing it All,2015,article,Amanda du Preez,Safundi,Weizman 2007:forward,screened,Include,deepseek/deepseek-v4-flash,Include
https://openalex.org/W2057355798,https://doi.org/10.1080/17449855.2013.850250,No Way Through: approaching the West Bank checkpoint,2013,article,Anna Bernard,Journal of Postcolonial Writing,Weizman 2007:forward,screened,Exclude,deepseek/deepseek-v4-flash,Exclude
https://openalex.org/W1487113999,https://doi.org/10.1080/13504630.2015.1041014,"Necronationalism: managing race, death and the nation's skeletons",2015,article,Shaira Vadasaria,Social Identities,Weizman 2007:forward,screened,Exclude,deepseek/deepseek-v4-flash,Exclude
https://openalex.org/W2531756718,https://doi.org/10.1177/1367877915600546,"Youth, self, other: A study of Ibdaa’s digital media practices in the West Bank, Palestine",2015,article,Sanjay Asthana,International Journal of Cultural Studies,Weizman 2007:forward,screened,Exclude,deepseek/deepseek-v4-flash,Exclude
https://openalex.org/W2288065039,https://doi.org/10.1177/0308518x15594806,"Security is going to work: Everyday geographies, organizational traps, and the public administration of anti-terrorism policy",2015,article,Kevin Keenan,Environment and Planning A Economy and Space,Weizman 2007:forward,screened,Exclude,deepseek/deepseek-v4-flash,Exclude
https://openalex.org/W2406918482,https://doi.org/10.1057/9781137326317_9,Palestinian ‘Children of the Junction’: Contested Borders and Representations,2014,book-chapter,Omri Grinberg,Palgrave Macmillan UK eBooks,Weizman 2007:forward,screened,Exclude,deepseek/deepseek-v4-flash,Exclude
https://openalex.org/W3127666942,https://doi.org/10.1525/caa.2020.13.4.3,Contextualizing the Palestinian Refugee Camps in the Gaza Strip,2020,article,Shadi Saleh,Contemporary Arab Affairs,Weizman 2007:forward,screened,Exclude,deepseek/deepseek-v4-flash,Exclude
https://openalex.org/W2061881163,https://doi.org/10.1080/17540290903064283,The spatial practice of state formation: territorial space in Denmark and Israel,2009,article,Lars Bo Kaspersen,Journal of Power,Weizman 2007:forward,screened,Exclude,deepseek/deepseek-v4-flash,Exclude
https://openalex.org/W2040866593,https://doi.org/10.1353/wal.2013.0037,"Settler Sovereignty and the Rhizomatic West, or, The Significance of the Frontier in Postwestern Studies",2013,article,Alex Trimble Young,Western American literature,Weizman 2007:forward,screened,Exclude,deepseek/deepseek-v4-flash,Exclude
https://openalex.org/W3017058366,https://doi.org/10.1080/14662035.2020.1740542,A ‘Baby GDA’: Norwich’s Airspace during the Second World War,2018,article,Derwin Gregory,Landscapes,Weizman 2007:forward,screened,Exclude,deepseek/deepseek-v4-flash,Exclude
https://openalex.org/W2216680871,https://doi.org/10.1080/14766825.2015.1040413,Concrete U(dys)topia in Bethlehem: a city of two tales,2015,article,Rami K. Isaac,Journal of Tourism and Cultural Change,Weizman 2007:forward,screened,Exclude,deepseek/deepseek-v4-flash,Exclude
https://openalex.org/W2062209906,https://doi.org/10.1177/0021989412469044,Washing words: The politics of water in Mourid Barghouti’s <i>I Saw Ramallah</i>,2013,article,David Farrier,The Journal of Commonwealth Literature,Weizman 2007:forward,screened,Exclude,deepseek/deepseek-v4-flash,Exclude
https://openalex.org/W2528855771,https://doi.org/10.1080/21622671.2016.1231630,Revisiting politicide: state annihilation in Israel/Palestine,2016,article,Merav Amir,Territory Politics Governance,Weizman 2007:forward,screened,Exclude,deepseek/deepseek-v4-flash,Exclude
https://openalex.org/W2608485044,https://doi.org/10.1093/socpro/spw055,Neoliberal Colonization in the West Bank,2017,article,Andy Clarno,Social Problems,Weizman 2007:forward,screened,Exclude,deepseek/deepseek-v4-flash,Exclude
https://openalex.org/W2059025290,https://doi.org/10.1080/13562576.2013.879788,On (Christian) anarchism and (non)violence: a response to Simon Springer,2014,article,Nick Megoran,Space and Polity,Weizman 2007:forward,screened,Exclude,deepseek/deepseek-v4-flash,Exclude
https://openalex.org/W3165319900,https://doi.org/10.1080/04353684.2021.1931398,The promise of financial inclusion: finance as future in Palestine,2021,article,Christopher Harker,Geografiska Annaler Series B Human Geography,Weizman 2007:forward,screened,Exclude,deepseek/deepseek-v4-flash,Exclude
https://openalex.org/W2010434808,https://doi.org/10.1353/ari.2014.0009,Sounding the Occupation: Joe Sacco’s Palestine and the Uses of Graphic Narrative for (Post)Colonial Critique,2014,article,Rose Brister,Ariel,Weizman 2007:forward,screened,Exclude,deepseek/deepseek-v4-flash,Exclude
https://openalex.org/W2091931510,https://doi.org/10.3167/sa.2010.540205,Folding and Enfolding Walls: Statist Imperatives and Bureaucratic Aesthetics in Divided Jerusalem,2010,article,Don Handelman,Social Analysis,Weizman 2007:forward,screened,Exclude,deepseek/deepseek-v4-flash,Exclude
https://openalex.org/W2106554836,https://doi.org/10.5749/culturalcritique.85.2013.0122,ANIMAL FRONTIERS: A TALE OF THREE ZOOS IN ISRAEL/PALESTINE,2013,article,Irus Braverman,Cultural Critique,Weizman 2007:forward,screened,Exclude,deepseek/deepseek-v4-flash,Exclude
https://openalex.org/W1972663104,https://doi.org/10.2752/174589311x13046098680114,"Trust Your Senses? War, Memory, and the Racist Nervous System",2011,article,Les Back,The Senses and Society,Weizman 2007:forward,screened,Exclude,deepseek/deepseek-v4-flash,Exclude
https://openalex.org/W2016585955,https://doi.org/10.1215/10642684-2010-005,“CHECK ME OUT”,2010,article,Gil Z. Hochberg,GLQ A Journal of Lesbian and Gay Studies,Weizman 2007:forward,screened,Exclude,deepseek/deepseek-v4-flash,Exclude
https://openalex.org/W2074684241,https://doi.org/10.1080/10669920701862476,"Negotiating Boundaries, Narrating Checkpoints: The Case of Machsom Watch",2008,article,Maia Carter Hallward,Critique Critical Middle Eastern Studies,Weizman 2007:forward,screened,Exclude,deepseek/deepseek-v4-flash,Exclude
https://openalex.org/W2471120424,,And Now For Something Completely Different… Thinking Through Explorer Subject-Bodies: A Response to Mott and Roberts,2013,article,Bradley Garrett,,Weizman 2007:forward,screened,Exclude,deepseek/deepseek-v4-flash,Exclude
https://openalex.org/W2980602550,https://doi.org/10.1215/08992363-7532655,Elimination Politics,2019,article,Ilana Feldman,Public Culture,Weizman 2007:forward,screened,Exclude,deepseek/deepseek-v4-flash,Exclude
https://openalex.org/W2435420983,https://doi.org/10.1080/08865655.2016.1174594,Implications of the Segregation Wall on the Two-state Solution,2016,article,Ahmad El-Atrash,Journal of Borderlands Studies,Weizman 2007:forward,screened,Exclude,deepseek/deepseek-v4-flash,Exclude
https://openalex.org/W2028545651,https://doi.org/10.1080/17449855.2013.850212,Cinematic checkpoints and sovereign time,2013,article,David Fieni,Journal of Postcolonial Writing,Weizman 2007:forward,screened,Exclude,deepseek/deepseek-v4-flash,Exclude
https://openalex.org/W2334976649,https://doi.org/10.1080/14678802.2016.1153310,Security development and the Palestinian Authority: an examination of the ‘Canadian factor’,2016,article,Jeffrey Monaghan,Conflict Security and Development,Weizman 2007:forward,screened,Exclude,deepseek/deepseek-v4-flash,Exclude
https://openalex.org/W2789715510,https://doi.org/10.2979/israelstudies.23.2.08,Beyond Allozionism: Exceptionalizing and De-Exceptionalizing the Zionist Project,2018,article,Johannes Becke,Israel Studies,Weizman 2007:forward,screened,Exclude,deepseek/deepseek-v4-flash,Exclude
https://openalex.org/W2892948747,https://doi.org/10.1353/tech.2018.0060,Island in the Air: Powered Aircraft and the Early Formation of British Airspace,2018,article,Dorthe Gert Simonsen,Technology and Culture,Weizman 2007:forward,screened,Exclude,deepseek/deepseek-v4-flash,Exclude
https://openalex.org/W7582356,https://doi.org/10.1007/s13147-012-0184-9,Die Politisierung der Stadtplanung: die performative Rolle von Planungsinstrumenten in Konfliktzonen am Beispiel Jerusalem,2012,article,Peter van Gielle Ruppe,Raumforschung und Raumordnung / Spatial Research and Planning,Weizman 2007:forward,screened,Exclude,deepseek/deepseek-v4-flash,Exclude
https://openalex.org/W2116405637,https://doi.org/10.1521/siso.2011.75.3.297,"Disposable Time, Freedom, and Care",2011,article,Paul Leduc Browne,Science & Society,Weizman 2007:forward,screened,Exclude,deepseek/deepseek-v4-flash,Exclude.
https://openalex.org/W2528416762,https://doi.org/10.1353/ari.2016.0037,Perspectives on Palestine: Architecture and Narrative in Joe Sacco’s Footnotes in Gaza,2016,article,Jeffrey Mather,Ariel,Weizman 2007:forward,screened,Exclude,deepseek/deepseek-v4-flash,Exclude
https://openalex.org/W2323190861,https://doi.org/10.1080/09592318.2014.959769,Crossing off names: the logic of military assassination,2014,article,Simon Frankel Pratt,Small Wars and Insurgencies,Weizman 2007:forward,screened,Exclude,deepseek/deepseek-v4-flash,Exclude
https://openalex.org/W2981726472,https://doi.org/10.1080/09505431.2019.1667969,Imagining the Biometric Future: Debates Over National Biometric Identification in Israel,2019,article,Michelle Spektor,Science as Culture,Weizman 2007:forward,screened,Exclude,deepseek/deepseek-v4-flash,Exclude.
https://openalex.org/W2426584983,https://doi.org/10.1177/0021989415626495,“A river without water”: Hydropolitics and the River Jordan in Palestinian literature,2016,article,Hannah Boast,The Journal of Commonwealth Literature,Weizman 2007:forward,screened,Exclude,deepseek/deepseek-v4-flash,Exclude
https://openalex.org/W2141028827,,"The View From Ecuador: Security, Insecurity, and Chaotic Geographies of U.S. Migrant Detention and Deportation",2011,article,Nancy Hiemstra,Syracuse University Libraries (Syracuse University),Weizman 2007:forward,screened,Exclude,deepseek/deepseek-v4-flash,Exclude
https://openalex.org/W2144882822,https://doi.org/10.1080/21624887.2013.826008,"The subjected non-subject: security, subjectification and resistance in the occupied Palestinian territories",2013,article,Caitlin L. Ryan,Critical Studies on Security,Weizman 2007:forward,screened,Exclude,deepseek/deepseek-v4-flash,Exclude
https://openalex.org/W1989714261,https://doi.org/10.1080/17449855.2011.633015,Reflections on a National Cartography: The Freedom to Roam and the Right to Imagine in Raja Shehadeh’s Travel Writing,2011,article,Charlotta Salmi,Journal of Postcolonial Writing,Weizman 2007:forward,screened,Exclude,deepseek/deepseek-v4-flash,Exclude
https://openalex.org/W1989881942,https://doi.org/10.3751/68.1.14,Colonialist Construction in the Urban Space of Jerusalem,2014,article,Dina Jadallah,The Middle East Journal,Weizman 2007:forward,screened,Exclude,deepseek/deepseek-v4-flash,Exclude
https://openalex.org/W2124108523,https://doi.org/10.1111/area.12200,"Concrete connections? Articulation, homology and the political geography of boundary walls",2015,article,Geoffrey Alan Boyce,Area,Weizman 2007:forward,screened,Include,deepseek/deepseek-v4-flash,Include
https://openalex.org/W2587643615,https://doi.org/10.17863/cam.6912,‘The Common Camp’: temporary settlements as a spatio-political instrument in Israel-Palestine,2016,article,Irit Katz Feigis,Apollo (University of Cambridge),Weizman 2007:forward,screened,Exclude,deepseek/deepseek-v4-flash,Exclude
https://openalex.org/W1558051665,,Security Assemblages and Spaces of Exception: The Production of (Para-) Militarized Spaces in the U.S. War on Drugs,2012,article,Markus Kienscherf,,Weizman 2007:forward,screened,Exclude,deepseek/deepseek-v4-flash,Exclude
https://openalex.org/W2626826439,https://doi.org/10.1353/hum.2017.0020,"Autonomy as State Prevention: The Palestinian Question after Camp David, 1979–1982",2017,article,Seth Anziska,Humanity,Weizman 2007:forward,screened,Exclude,deepseek/deepseek-v4-flash,Exclude
https://openalex.org/W2994564258,https://doi.org/10.1215/26410478-7708371,Benjamin on the Border,2019,article,Michelle Ty,Critical Times,Weizman 2007:forward,screened,Exclude,deepseek/deepseek-v4-flash,Exclude
https://openalex.org/W2897812227,https://doi.org/10.1086/699879,Geometry after the Circle,2018,article,Danny Hoffman,Current Anthropology,Weizman 2007:forward,screened,Include,deepseek/deepseek-v4-flash,Include
https://openalex.org/W2951590823,https://doi.org/10.1017/s0260210519000172,"The world is a garden:<i>Nomos</i>, sovereignty, and the (contested) ordering of life",2019,article,Simon Mabon,Review of International Studies,Weizman 2007:forward,screened,Exclude,deepseek/deepseek-v4-flash,Exclude
https://openalex.org/W2970818082,https://doi.org/10.1080/21504857.2019.1661863,Regarding the ruins: ruins and humanitarian witnessing in Satrapi and Sacco,2019,article,Rebecca Scherr,Journal of Graphic Novels & Comics,Weizman 2007:forward,screened,Exclude,deepseek/deepseek-v4-flash,Exclude
https://openalex.org/W2966810677,https://doi.org/10.1017/eis.2019.13,"Architecture as event space: Violence, securitisation, and resistance",2019,article,Michael J. Shapiro,European Journal of International Security,Weizman 2007:forward,screened,Include,deepseek/deepseek-v4-flash,Include
https://openalex.org/W2911546185,https://doi.org/10.1093/melus/mly064,Water Occupation and the Ecology of Arab American Literature,2019,article,Danielle Haque,MELUS Multi-Ethnic Literature of the United States,Weizman 2007:forward,screened,Exclude,deepseek/deepseek-v4-flash,Exclude
https://openalex.org/W2508126575,https://doi.org/10.2979/israelstudies.21.3.11,Jerusalem Studies: The State of the Field,2016,article,Elman,Israel Studies,Weizman 2007:forward,screened,Exclude,deepseek/deepseek-v4-flash,Exclude
https://openalex.org/W2123907264,https://doi.org/10.1353/bio.2014.0014,"My Name is Caterpillar: Corrie et al. v. Caterpillar, Inc.",2014,article,Barbara Harlow,Biography,Weizman 2007:forward,screened,Exclude,deepseek/deepseek-v4-flash,Exclude
https://openalex.org/W1982700189,https://doi.org/10.1080/13562576.2013.853490,Bible and Gun: Militarism in Jerusalem's Holy Places,2013,article,Wendy Pullan,Space and Polity,Weizman 2007:forward,screened,Exclude,deepseek/deepseek-v4-flash,Exclude
https://openalex.org/W810714529,https://doi.org/10.13169/arabstudquar.36.2.0107,Five Troops for Every Tree: Lamenting Green Carnage in Contemporary Arab Women's War Diaries,2014,article,Nadine Sinno,Arab Studies Quarterly,Weizman 2007:forward,screened,Exclude,deepseek/deepseek-v4-flash,Exclude
https://openalex.org/W2024510787,https://doi.org/10.1162/grey.2009.1.37.30,Going Astray: Network Transformation and the Asymmetries of Globalization,2009,article,Peter Mörtenböck,Grey Room,Weizman 2007:forward,screened,Exclude,deepseek/deepseek-v4-flash,Exclude
https://openalex.org/W2923827584,https://doi.org/10.1017/pli.2018.50,“What I Saw for Myself”: Collating Polyphonic Voices in Joe Sacco’s Palestine Narratives,2019,article,Fiona Farnsworth,The Cambridge Journal of Postcolonial Literary Inquiry,Weizman 2007:forward,screened,Exclude,deepseek/deepseek-v4-flash,Exclude
https://openalex.org/W1991222018,https://doi.org/10.5334/sta.fr,Via Architecture: Post-Conflict Infrastructure and its Discursive Curve,2015,article,Harshavardhan Bhat,Stability International Journal of Security and Development,Weizman 2007:forward,screened,Exclude,deepseek/deepseek-v4-flash,Exclude
https://openalex.org/W1037176821,,"Human-Machinic Assemblages: Technologies, Bodies, and the Recuperation of Social Reproduction in the Crisis Era",2015,article,Elise Thorburn,Scholarship@Western (Western University),Weizman 2007:forward,screened,Exclude,deepseek/deepseek-v4-flash,Exclude</s>
https://openalex.org/W1978996604,https://doi.org/10.1179/175355210x12747818485402,Palestinian Heritage 'to the moment': Archival Memory and the Representation of Heritage in Conflict,2009,article,Beverley Butler,Conservation and Management of Archaeological Sites,Weizman 2007:forward,screened,Exclude,deepseek/deepseek-v4-flash,Exclude
https://openalex.org/W2035132742,https://doi.org/10.1353/lit.2015.0009,"Utopian Justifications: More’s Utopia , Settler Colonialism, and Contemporary Ecocritical Concerns",2015,article,Susan Bruce,College literature,Weizman 2007:forward,screened,Exclude,deepseek/deepseek-v4-flash,Exclude
https://openalex.org/W2045094353,https://doi.org/10.1080/10609164.2014.917544,Archaeology in the Lettered City,2014,article,Daniel Nemser,Colonial Latin American Review,Weizman 2007:forward,screened,Exclude,deepseek/deepseek-v4-flash,Exclude
https://openalex.org/W2006149359,https://doi.org/10.1080/21624887.2013.824651,The Responsibility to Protect and luxurious war,2013,article,Benjamin Meiches,Critical Studies on Security,Weizman 2007:forward,screened,Exclude,deepseek/deepseek-v4-flash,Exclude
https://openalex.org/W2187088030,,The Proceedings of Spaces of History / Histories of Space: Emerging Approaches to the Study of the Built Environment,2010,article,J Andrea,,Weizman 2007:forward,screened,Exclude,deepseek/deepseek-v4-flash,Exclude
https://openalex.org/W1957666003,https://doi.org/10.1080/20403526.2015.1084798,Walled in/walled out in the West Bank: performing separation walls in Hany Abu-Assad’s<i>Omar</i>,2015,article,Ana Cristina Mendes,Transnational Cinemas,Weizman 2007:forward,screened,Include,deepseek/deepseek-v4-flash,Include
https://openalex.org/W2790991428,https://doi.org/10.7238/joc.v5i2.1937,Holey Union: Contested European Frontier Zones,2014,article,Andreas Oberprantacher,Journal of Conflictology,Weizman 2007:forward,screened,Maybe,deepseek/deepseek-v4-flash,Maybe
https://openalex.org/W1892196310,https://doi.org/10.3828/tpr.2010.28,Policy Forum: <i>The changing character of Israel's occupation: planning and civilian control</i>,2010,article,Amir Paz‐Fuchs,Town Planning Review,Weizman 2007:forward,screened,Exclude,deepseek/deepseek-v4-flash,Exclude
https://openalex.org/W2560200287,https://doi.org/10.1080/00905992.2016.1223026,"Football, history, and the nation in Southeastern Europe",2016,article,Catherine Baker,Nationalities Papers,Weizman 2007:forward,screened,Exclude,deepseek/deepseek-v4-flash,Exclude
https://openalex.org/W2341791722,https://doi.org/10.1057/9781137539076_7,The Geopolitics of Press Freedoms in the Israeli-Palestinian Context,2016,book-chapter,Amahl Bishara,Palgrave Macmillan US eBooks,Weizman 2007:forward,screened,Exclude,deepseek/deepseek-v4-flash,Exclude
https://openalex.org/W2605670499,https://doi.org/10.1215/00382876-3829500,After the Pipelines: Energy and the Flow of War in the Persian Gulf,2017,article,Toby Craig Jones,South Atlantic Quarterly,Weizman 2007:forward,screened,Exclude,deepseek/deepseek-v4-flash,Exclude
https://openalex.org/W2273736663,,Bear Witness: Embedded Coverage of Turkey's Urban Warfare and the Demarcation of Sovereignty against a Dynamic Exterior,2016,article,Eray Çaylı,Project Muse (Johns Hopkins University),Weizman 2007:forward,screened,Include,deepseek/deepseek-v4-flash,Include
https://openalex.org/W2038486340,https://doi.org/10.1080/02560046.2012.663166,Pastoral in Palestine: a literary/political travelogue,2012,article,Neil Hertz,Critical Arts,Weizman 2007:forward,screened,Exclude,deepseek/deepseek-v4-flash,Exclude
https://openalex.org/W50057159,,"A CHILDREN’S GEOGRAPHY OF OCCUPATION: IMAGINARY, EMOTIONAL, AND EVERYDAY SPACES OF PALESTINIAN CHILDHOOD",2013,article,David Marshall,UKnowledge (University of Kentucky),Weizman 2007:forward,screened,Exclude,deepseek/deepseek-v4-flash,Exclude
https://openalex.org/W2221175708,https://doi.org/10.1080/14747731.2015.1100855,On Insurrectionality: Theses on Contemporary Revolts and Resilience,2015,article,Timothy W. Luke,Globalizations,Weizman 2007:forward,screened,Exclude,deepseek/deepseek-v4-flash,Exclude
https://openalex.org/W2125590454,https://doi.org/10.1080/13604810701669215,On the eventuality of total destruction,2007,article,John Armitage,City,Weizman 2007:forward,screened,Maybe,deepseek/deepseek-v4-flash,Maybe
https://openalex.org/W2150127467,https://doi.org/10.1080/13562576.2015.1090117,"Droning, zoning and organizing: Kafkaesque reflections on the<i>nomos</i>of the earth in the northwestern tribal belt of Pakistan",2015,article,Muhammad Ali Nasir,Space and Polity,Weizman 2007:forward,screened,Exclude,deepseek/deepseek-v4-flash,Exclude.
https://openalex.org/W2435219721,https://doi.org/10.1177/0021989416631792,Contested space: Control and resistance in Rema Hammami’s East Jerusalem,2016,article,Sophia Brown,The Journal of Commonwealth Literature,Weizman 2007:forward,screened,Exclude,deepseek/deepseek-v4-flash,Exclude
https://openalex.org/W3115004285,https://doi.org/10.1080/20551940.2020.1857621,"Auditory and spatial regimes of United States colonial rule in Baguio, Philippines",2020,article,Russell P. Skelchy,Sound Studies,Weizman 2007:forward,screened,Exclude,deepseek/deepseek-v4-flash,Exclude
https://openalex.org/W2012765789,https://doi.org/10.1080/17540763.2012.703622,The Most Photographed Wall in the World<sup>1</sup>,2012,article,Simon Faulkner,Photographies,Weizman 2007:forward,screened,Exclude,deepseek/deepseek-v4-flash,Exclude
https://openalex.org/W2890290929,https://doi.org/10.1017/s0020743818000776,THE ARCHITECTURE OF ENVIRONMENT: BUILDING HOUSES ALONG THE GREAT RIFT VALLEY IN JORDAN,2018,article,Bridget Guarasci,International Journal Middle East Studies,Weizman 2007:forward,screened,Exclude,deepseek/deepseek-v4-flash,Exclude
https://openalex.org/W36282195,https://doi.org/10.1007/978-90-6704-918-4_6,In Search of a Human Face in the Middle East: Addressing Israeli Impunity for War Crimes,2013,book-chapter,Jeff Handmaker,T.M.C. Asser Press eBooks,Weizman 2007:forward,screened,Exclude,deepseek/deepseek-v4-flash,Exclude
https://openalex.org/W1996577794,https://doi.org/10.1080/09502386.2010.528008,DUALISM AND DESIRE IN THE LANDSCAPE OF THE DIVINE,2010,article,Michele Rapoport,Cultural Studies,Weizman 2007:forward,screened,Exclude,deepseek/deepseek-v4-flash,Exclude
https://openalex.org/W2660192970,https://doi.org/10.1057/978-1-137-48947-0_7,Expert Knowledge and Community Participation in Urban Planning: the Case of Post-Olympic Hackney Wick,2017,book-chapter,Isaac Marrero‐Guillamón,Palgrave Macmillan UK eBooks,Weizman 2007:forward,screened,Exclude,deepseek/deepseek-v4-flash,Exclude
https://openalex.org/W1513416898,https://doi.org/10.1111/j.1749-5687.2010.00111.x,Spirits of War: A Field Manual,2010,article,Josef Teboho Ansorge,International Political Sociology,Weizman 2007:forward,screened,Exclude,deepseek/deepseek-v4-flash,Exclude
https://openalex.org/W2766470912,https://doi.org/10.13023/etd.2017.317,No Such State as Palestine,2017,article,Osama A. Abdl-Haleem,UKnowledge (University of Kentucky),Weizman 2007:forward,screened,Exclude,deepseek/deepseek-v4-flash,Exclude
https://openalex.org/W2095113105,https://doi.org/10.3366/dls.2010.0105,The Empty Square of the Occupation,2010,article,Marcelo Svirsky,Deleuze Studies,Weizman 2007:forward,screened,Exclude,deepseek/deepseek-v4-flash,Exclude
https://openalex.org/W2411919969,,"The Second Intifada in the Palestinian City of Ramallah: Social, Economic and Political Consequences",2016,article,Saber Farhud,ScholarWorks @ The University of New Orleans (The University of New Orleans),Weizman 2007:forward,screened,Exclude,deepseek/deepseek-v4-flash,Exclude
https://openalex.org/W2901650366,https://doi.org/10.5250/symploke.26.1-2.0443,&lt;em&gt;A Thousand Plateaus&lt;/em&gt; for Neocon Bros,2018,article,Michael Miller,symplokē,Weizman 2007:forward,screened,Maybe,deepseek/deepseek-v4-flash,Maybe
https://openalex.org/W2802339180,https://doi.org/10.1057/978-1-137-58261-4_3,Privatization and Nationalization of Space in Israel: Are They Complementary Processes?,2018,book-chapter,Erez Tzfadia,Palgrave Macmillan US eBooks,Weizman 2007:forward,screened,Exclude,deepseek/deepseek-v4-flash,Exclude
https://openalex.org/W2897595825,https://doi.org/10.13110/discourse.40.2.0188,The Global Ontology of Separation,2018,article,Edgar Illas,Discourse,Weizman 2007:forward,screened,Exclude,deepseek/deepseek-v4-flash,Exclude
https://openalex.org/W2948751597,https://doi.org/10.17615/tw14-ss76,The Origins of Secessionist Conflict: Predicting When Governments Will and Will Not Permit Secession,2019,article,Micah Levinson,Carolina Digital Repository (University of North Carolina at Chapel Hill),Weizman 2007:forward,screened,Exclude,deepseek/deepseek-v4-flash,Exclude
https://openalex.org/W2901747911,https://doi.org/10.1353/jqr.2018.0036,1967: An Elegy of Conquest,2018,article,Seth Anziska,The Jewish Quarterly Review,Weizman 2007:forward,screened,Exclude,deepseek/deepseek-v4-flash,Exclude
https://openalex.org/W2977329000,https://doi.org/10.32873/uno.dc.jrf.23.02.05,Temporal and Topological: Two Ways of Living Israel/Palestine,2019,article,,Journal of Religion & Film,Weizman 2007:forward,screened,Exclude,deepseek/deepseek-v4-flash,Exclude
https://openalex.org/W3129498295,https://doi.org/10.1017/s1479244321000020,Designs for Politics in Intellectual History,2021,article,Pollyanna Rhee,Modern Intellectual History,Weizman 2007:forward,screened,Exclude,deepseek/deepseek-v4-flash,Exclude
https://openalex.org/W1606729893,,Lay Epistemics and Human Knowledge: Cognitive and Motivational Bases,2013,article,Arie W. Kruglanski,,Michael 2007:backward,screened,Exclude,deepseek/deepseek-v4-flash,Exclude
https://openalex.org/W2066849305,https://doi.org/10.2307/20033111,Soldiers and Civilians: The Civil-Military Gap and American National Security,2002,article,Andrew J. Bacevich,Foreign Affairs,Michael 2007:backward,screened,Exclude,deepseek/deepseek-v4-flash,Exclude
https://openalex.org/W2060124631,https://doi.org/10.1177/0095327x9902600102,A Unified Theory Of Civil-Military Relations,1999,article,Douglas L. Bland,Armed Forces & Society,Michael 2007:backward,screened,Exclude,deepseek/deepseek-v4-flash,Exclude
https://openalex.org/W2951910130,https://doi.org/10.17615/5te9-sb17,"The Politics of Home in Jerusalem: Partitions, Parks, and Planning Futures",2019,article,Nathan Swanson,Carolina Digital Repository (University of North Carolina at Chapel Hill),Weizman 2007:forward,screened,Exclude,deepseek/deepseek-v4-flash,Exclude
https://openalex.org/W2041253554,https://doi.org/10.1177/0095327x9802400306,The Practice of Argument: Reading the Condition of Civil-Military Relations,1998,article,Cori E. Dauber,Armed Forces & Society,Michael 2007:backward,screened,Exclude,deepseek/deepseek-v4-flash,Exclude
https://openalex.org/W2020889138,https://doi.org/10.1080/09592310208559177,<i>The Transformation of War</i>Revisited,2002,article,Martin van Creveld,Small Wars and Insurgencies,Michael 2007:backward,screened,Exclude,deepseek/deepseek-v4-flash,Exclude
https://openalex.org/W2516843997,https://doi.org/10.1080/01402390.2013.830972,‘Mowing the Grass’: Israel’sStrategy for Protracted Intractable Conflict,2013,article,Efraim Inbar,Journal of Strategic Studies,Michael 2007:forward,screened,Exclude,deepseek/deepseek-v4-flash,Exclude
https://openalex.org/W2966174890,https://doi.org/10.1353/pmc.2018.0037,"The Drone Penal Colony. A review of Grégoire Chamayou, A Theory of the Drone",2018,article,David Wills,Postmodern Culture,Weizman 2007:forward,screened,Maybe,deepseek/deepseek-v4-flash,Maybe.
https://openalex.org/W2395240187,https://doi.org/10.1093/isp/ekv020,How Civilian Control May Breed the Use of Force,2016,article,Yagil Levy,International Studies Perspectives,Michael 2007:forward,screened,Exclude,deepseek/deepseek-v4-flash,Exclude
https://openalex.org/W2020606178,https://doi.org/10.1080/01402390903189360,Who Really Dictates What an Existential Threat Is? The Israeli Experience,2009,article,Kobi Michael,Journal of Strategic Studies,Michael 2007:forward,screened,Exclude,deepseek/deepseek-v4-flash,Exclude
https://openalex.org/W2317694881,https://doi.org/10.1080/14702436.2016.1165595,"Explaining the security paradigm shift: strategic culture, epistemic communities, and Israel’s changing national security policy",2016,article,Tamir Libel,Defence Studies,Michael 2007:forward,screened,Exclude,deepseek/deepseek-v4-flash,Exclude
https://openalex.org/W4311077199,https://doi.org/10.3167/isr.2022.370302,Diasporas as Audiences of Securitization,2022,article,Ronnie Olesker,Israeli Studies Review,Michael 2007:forward,screened,Exclude,deepseek/deepseek-v4-flash,Exclude
https://openalex.org/W2301924310,https://doi.org/10.1080/21622671.2015.1042026,Municipal Cooperation Across Securitized Borders in the Post-conflict Environment: The Gulf of Aqaba,2015,article,Tamar Arieli,Territory Politics Governance,Michael 2007:forward,screened,Exclude,deepseek/deepseek-v4-flash,Exclude
https://openalex.org/W2513874269,https://doi.org/10.1108/ijcma-08-2015-0050,"Borders, conflict and security",2016,article,Tamar Arieli,International Journal of Conflict Management,Michael 2007:forward,screened,Exclude,deepseek/deepseek-v4-flash,Exclude
https://openalex.org/W2088920467,https://doi.org/10.1080/01402390.2012.755923,"Deterring Insurgents: Culture, Adaptation and the Evolution of Israeli Counterinsurgency, 1987–2005",2013,article,Niccolò Petrelli,Journal of Strategic Studies,Michael 2007:forward,screened,Exclude,deepseek/deepseek-v4-flash,Exclude
https://openalex.org/W1998123598,https://doi.org/10.1177/0095327x08330934,Military Intelligence as the National Intelligence Estimator: The Case of Israel,2009,article,Uri Bar–Joseph,Armed Forces & Society,Michael 2007:forward,screened,Exclude,deepseek/deepseek-v4-flash,Exclude
https://openalex.org/W2157499232,https://doi.org/10.1080/14650045.2011.638015,Borders of Peace in Policy and Practice: National and Local Perspectives of Israel-Jordan Border Management,2012,article,Tamar Arieli,Geopolitics,Michael 2007:forward,screened,Exclude,deepseek/deepseek-v4-flash,Exclude
https://openalex.org/W2340819600,https://doi.org/10.1177/0095327x16642042,“Targeted Partnership” and Beyond,2016,article,Kobi Michael,Armed Forces & Society,Michael 2007:forward,screened,Exclude,deepseek/deepseek-v4-flash,Exclude
https://openalex.org/W2181693357,,A Controlled but not Restrained Military: Conceptualizing the Control of Militarism,2011,article,Yagil Levy,,Michael 2007:forward,screened,Exclude,deepseek/deepseek-v4-flash,Exclude
https://openalex.org/W2765193352,https://doi.org/10.4236/oalib.1103248,Nature of AU Mission in Somalia (AMISOM) in Relation to Peace Building Strategies in Somalia,2017,article,William Oluoch Ligawa,OALib,Michael 2007:forward,screened,Exclude,deepseek/deepseek-v4-flash,Exclude
https://openalex.org/W4376273995,https://doi.org/10.35467/sdq/163292,Systemic Operational Design – a study in failed concept,2023,article,Łukasz Przybyło,Security and Defence Quarterly,Michael 2007:forward,screened,Exclude,deepseek/deepseek-v4-flash,Exclude
https://openalex.org/W2077377494,https://doi.org/10.2747/0272-3638.26.7.640,Progress Report—Urban Political Ecology,2005,article,Roger Keil,Urban Geography,Graham 2006:forward,excluded_no_abstract,Exclude,triage,
https://openalex.org/W2005128174,https://doi.org/10.1016/j.geoforum.2010.08.001,Moments in everyday/distant geopolitics: Young people’s fears and hopes,2010,article,Rachel Pain,Geoforum,Graham 2006:forward,excluded_no_abstract,Exclude,triage,
https://openalex.org/W3204896600,https://doi.org/10.1016/j.cities.2021.103486,From SARS to COVID-19: Digital infrastructures of surveillance and segregation in exceptional times,2021,article,Shin Bin Tan,Cities,Graham 2006:forward,excluded_no_abstract,Exclude,triage,
https://openalex.org/W2120999643,https://doi.org/10.1007/978-90-481-8945-8_16,Violent Memories: South Asian Spaces of Postcolonial Anamnesis,2011,book-chapter,Stephen Legg,Knowledge and space,Graham 2006:forward,excluded_no_abstract,Exclude,triage,
https://openalex.org/W2015137434,https://doi.org/10.1016/j.polgeo.2009.07.005,The urbicide of Beirut? Geopolitics and the built environment in the Lebanese civil war (1975–1976),2009,article,Sara Fregonese,Political Geography,Graham 2006:forward,excluded_no_abstract,Exclude,triage,
https://openalex.org/W1554727708,https://doi.org/10.1111/j.1467-954x.2006.00659.x,Deep Play: Sports Mega-Events and Urban Social Conditions in the USA,2006,article,Kimberly S. Schimmel,The Sociological Review,Graham 2006:forward,excluded_no_abstract,Exclude,triage,
https://openalex.org/W2147593647,https://doi.org/10.1007/s10708-008-9255-4,New directions in critical geopolitics: an introduction,2009,article,Laura Jones,GeoJournal,Graham 2006:forward,excluded_no_abstract,Exclude,triage,
https://openalex.org/W2004980499,https://doi.org/10.1016/j.progress.2009.03.002,Responsibilities of theorists: The case of communicative planning theory,2009,article,Tore Sager,Progress in Planning,Graham 2006:forward|Weizman 2007:forward,excluded_no_abstract,Exclude,triage,
https://openalex.org/W2115351623,https://doi.org/10.1016/j.polgeo.2005.11.003,Building state capacity in post-conflict Bosnia and Herzegovina: The case of Brčko District,2006,article,Alex Jeffrey,Political Geography,Graham 2006:forward,excluded_no_abstract,Exclude,triage,
https://openalex.org/W4360783459,https://doi.org/10.1007/978-3-031-25304-1_42,"Santiago, the Non-city? Destruction, Creation, and Precariousness of Verticalized Space",2023,book-chapter,Loreto Rojas Symmes,The urban book series,Graham 2006:forward,excluded_no_abstract,Exclude,triage,
https://openalex.org/W2040483339,https://doi.org/10.1016/j.geoforum.2009.08.005,"Violent morphologies: Landscape, border and scale in Ahmedabad conflict",2009,article,Ipsita Chatterjee,Geoforum,Graham 2006:forward,excluded_no_abstract,Exclude,triage,
https://openalex.org/W2073963201,https://doi.org/10.1016/j.habitatint.2009.07.004,Post-conflict urban planning: The regularization process of an informal neighborhood in Kosova/o,2009,article,Grant Jude Garstka,Habitat International,Graham 2006:forward,excluded_no_abstract,Exclude,triage,
https://openalex.org/W2067275770,https://doi.org/10.1057/sj.2009.11,An economy of choice? Terrorist decision-making and criminological rational choice theories reconsidered,2009,article,Pete Fussey,Security Journal,Graham 2006:forward,excluded_no_abstract,Exclude,triage,
https://openalex.org/W2980236798,https://doi.org/10.1016/j.polgeo.2019.102093,Cartographies of encounters: Understanding conflict transformation through a collaborative exploration of youth spaces in Beirut,2019,article,Bruno Lefort,Political Geography,Graham 2006:forward,excluded_no_abstract,Exclude,triage,
https://openalex.org/W1719478517,https://doi.org/10.1111/j.1548-744x.2012.01070.x,Practicing (In)Security in the City,2012,article,Mona Fawaz,City & Society,Graham 2006:forward,excluded_no_abstract,Exclude,triage,
https://openalex.org/W2605704723,https://doi.org/10.1016/j.polgeo.2017.03.009,"The patterns of violence in Bosnia and Herzegovina: Security, geography and the killing of civilians during the war of the 1990s",2017,article,Tomislav Dulić,Political Geography,Graham 2006:forward,excluded_no_abstract,Exclude,triage,
https://openalex.org/W2125514125,https://doi.org/10.1007/978-3-319-29404-9_9,Architecture and Trauma,2016,book-chapter,Teresa Stoppani,,Graham 2006:forward,excluded_no_abstract,Exclude,triage,
https://openalex.org/W94275889,https://doi.org/10.1007/978-90-481-2825-9_10,"Gendering Space for Forcibly Displaced Women and Children: Concepts, Policies and Guidelines",2009,book-chapter,Roger Zetter,,Graham 2006:forward,excluded_no_abstract,Exclude,triage,
https://openalex.org/W2017920275,https://doi.org/10.1353/bdl.2011.0032,"Violence and the Vernacular: Conflict, Commemoration, and Rebuilding in the Urban Context",2011,article,Sara McDowell,Buildings & Landscapes Journal of the Vernacular Architecture Forum,Graham 2006:forward,excluded_no_abstract,Exclude,triage,
https://openalex.org/W3167357439,https://doi.org/10.1016/j.polgeo.2021.102428,Neoliberalising the divided city,2021,article,Ophélie Véron,Political Geography,Graham 2006:forward,excluded_no_abstract,Exclude,triage,
https://openalex.org/W945743550,https://doi.org/10.1007/978-3-642-20314-5_22,On the Vulnerability and Reliability of Towns and Cities,2011,book-chapter,Attila Horváth,,Graham 2006:forward,excluded_no_abstract,Exclude,triage,
https://openalex.org/W3212622854,https://doi.org/10.1057/s41268-021-00247-7,The spandrels of urban security: extending the formalist turn in security studies,2021,article,Jaroslav Weinfurter,Journal of International Relations and Development,Graham 2006:forward,excluded_no_abstract,Exclude,triage,
https://openalex.org/W2604333728,https://doi.org/10.1017/9781316718438.005,Spatial Restructuring on a Global Scale,2017,book-chapter,Martin J. Murray,Cambridge University Press eBooks,Graham 2006:forward,excluded_no_abstract,Exclude,triage,
https://openalex.org/W1982725379,https://doi.org/10.1080/10630730903278587,Jerusalem and the Principles of Conflict Urbanism,2009,article,Philipp Misselwitz,Journal of Urban Technology,Graham 2006:forward|Weizman 2007:forward,excluded_no_abstract,Exclude,triage,
https://openalex.org/W2270009858,https://doi.org/10.25071/1496-6778.8016,Making and Remaking Sarajevo's Image,2003,article,E Dell'Agnese,spacesofidentity net,Graham 2006:forward,excluded_no_abstract,Exclude,triage,
https://openalex.org/W2803204036,https://doi.org/10.1007/978-981-13-0206-0_3,"Toward a Defensive Global City: Urban (In)security in an Age of Terror—The Case of Jakarta, Indonesia",2018,book-chapter,Husnul Fitri Sundoko,,Graham 2006:forward,excluded_no_abstract,Exclude,triage,
https://openalex.org/W2972746466,https://doi.org/10.1007/978-3-030-29673-5_5,"Theology, Spirituality, and Urban Objectivity",2019,book-chapter,Zaheer Allam,Springer briefs in geography,Graham 2006:forward,excluded_no_abstract,Exclude,triage,
https://openalex.org/W3120827329,https://doi.org/10.1007/978-3-030-61765-3_6,Ethnoterritorial Divisions and Urban Geopolitics in Post-Yugoslav Mostar,2020,book-chapter,Valentin Mihaylov,The urban book series,Graham 2006:forward,excluded_no_abstract,Exclude,triage,
https://openalex.org/W4211060273,https://doi.org/10.1215/9780822397564-003,Policing the Perversions of Globalization in Rio de Janeiro and Cairo,2013,book-chapter,,,Graham 2006:forward,excluded_no_abstract,Exclude,triage,
https://openalex.org/W2741063404,,Redress for Victims of Terrorism,2015,article,Clive Walker,,Graham 2006:forward,excluded_no_abstract,Exclude,triage,
https://openalex.org/W2991970201,https://doi.org/10.1007/978-3-030-28091-8_1,The Postwar City,2019,book-chapter,Ivan Gusic,Rethinking peace and conflict studies,Graham 2006:forward,excluded_no_abstract,Exclude,triage,
https://openalex.org/W3022168881,https://doi.org/10.1007/978-3-030-32173-4_15,Insurgency and the City,2020,book-chapter,Andrew D. Lohman,Advances in military geosciences,Graham 2006:forward,excluded_no_abstract,Exclude,triage,
https://openalex.org/W4210962027,https://doi.org/10.1215/9780822397564-005,Saving the Cradle of Samba in Rio de Janeiro,2013,book-chapter,,,Graham 2006:forward,excluded_no_abstract,Exclude,triage,
https://openalex.org/W4210994355,https://doi.org/10.1215/9780822397564-002,Mooring a New Global Order between Cairo and Rio de Janeiro,2013,book-chapter,,,Graham 2006:forward,excluded_no_abstract,Exclude,triage,
https://openalex.org/W4211116684,https://doi.org/10.1215/9780822397564-006,Operation Princess in Rio de Janeiro,2013,book-chapter,,,Graham 2006:forward,excluded_no_abstract,Exclude,triage,
https://openalex.org/W4211152719,https://doi.org/10.1215/9780822397564-007,Feminist Insurrections and the Egyptian Revolution,2013,book-chapter,,,Graham 2006:forward,excluded_no_abstract,Exclude,triage,
https://openalex.org/W4211162637,https://doi.org/10.1215/9780822397564-004,Muhammad Atta's Urbanism,2013,book-chapter,,,Graham 2006:forward,excluded_no_abstract,Exclude,triage,
https://openalex.org/W4211232630,https://doi.org/10.1215/9780822397564-001,Introduction,2013,book-chapter,,,Graham 2006:forward,excluded_no_abstract,Exclude,triage,
https://openalex.org/W4231295049,https://doi.org/10.1007/978-3-211-77970-5_4,"5 Codes : Space of Conflict (The Temple of Janus Revisited, Washington D.C., 2009)",2008,book-chapter,,"Transmission in rhetorics, arts and cultural evolution",Graham 2006:forward,excluded_no_abstract,Exclude,triage,
https://openalex.org/W4242049790,https://doi.org/10.1007/978-3-211-71907-7_4,"5 Codes: Space of Conflict (Janustempel Revisited, Washington D.C., 2009)",2008,book-chapter,,,Graham 2006:forward,excluded_no_abstract,Exclude,triage,
https://openalex.org/W4243259887,https://doi.org/10.1007/978-3-319-76771-0_1,Warscapes: Introduction,2018,book-chapter,Mirjana Ristic,,Graham 2006:forward,excluded_no_abstract,Exclude,triage,
https://openalex.org/W4410259444,https://doi.org/10.1007/978-3-031-83379-3_9,"Warrior Geopolitics: Gladiator, Black Hawk Down and the Kingdom of Heaven (2008)",2025,book-chapter,Simon Dalby,"Pioneers in arts, humanities, science, engineering, practice",Graham 2006:forward,excluded_no_abstract,Exclude,triage,
https://openalex.org/W1554944419,https://doi.org/10.1007/978-0-387-84858-7,"The Elements of Statistical Learning: Data Mining, Inference, and Prediction",2013,article,Trevor Hastie,,Kitchin 2014:backward,excluded_no_abstract,Exclude,triage,
https://openalex.org/W4300975645,https://doi.org/10.2307/2076334,"Simians, Cyborgs, and Women: The Reinvention of Nature.",1992,article,Penny Anthon Green,Contemporary Sociology A Journal of Reviews,Kitchin 2014:backward,excluded_no_abstract,Exclude,triage,
https://openalex.org/W2159397589,https://doi.org/10.1126/science.1167742,Computational Social Science,2009,article,David Lazer,Science,Kitchin 2014:backward,excluded_no_abstract,Exclude,triage,
https://openalex.org/W3125866593,https://doi.org/10.1007/s10708-013-9516-8,The real-time city? Big data and smart urbanism,2013,article,Rob Kitchin,GeoJournal,Kitchin 2014:backward,excluded_no_abstract,Exclude,triage,
https://openalex.org/W2620485168,,The Fourth Paradigm: Data-Intensive Scientific Discovery,2009,article,Iain Buchan,,Kitchin 2014:backward,excluded_no_abstract,Exclude,triage,
https://openalex.org/W181227601,,H. Sapiens Digital: From Digital Immigrants and Digital Natives to Digital Wisdom,2009,article,Marc Prensky,NSUWorks (Nova Southeastern University),Kitchin 2014:backward,excluded_no_abstract,Exclude,triage,
https://openalex.org/W2107641306,https://doi.org/10.2200/s00240ed1v01y200912dmk002,Ensemble Methods in Data Mining: Improving Accuracy Through Combining Predictions,2010,article,Giovanni Seni,Synthesis lectures on data mining and knowledge discovery,Kitchin 2014:backward,excluded_no_abstract,Exclude,triage,
https://openalex.org/W2002190525,https://doi.org/10.1097/00003246-199708000-00004,"Data, data everywhere",1997,article,Loren D. Nelson,Critical Care Medicine,Kitchin 2014:backward,excluded_no_abstract,Exclude,triage,
https://openalex.org/W2024355436,https://doi.org/10.1007/s13347-012-0093-4,Big Data and Their Epistemological Challenge,2012,article,Luciano Floridi,Philosophy & Technology,Kitchin 2014:backward,excluded_no_abstract,Exclude,triage,
https://openalex.org/W2014565236,https://doi.org/10.1016/j.shpsc.2011.10.009,Data-driven sciences: From wonder cabinets to electronic databases,2011,article,Bruno J. Strasser,Studies in History and Philosophy of Science Part C Studies in History and Philosophy of Biological and Biomedical Sciences,Kitchin 2014:backward,excluded_no_abstract,Exclude,triage,
https://openalex.org/W4232230082,https://doi.org/10.7551/mitpress/9302.003.0010,Data Bite Man: The Work of Sustaining a Long-Term Study,2013,book-chapter,David Ribes,The MIT Press eBooks,Kitchin 2014:backward,excluded_no_abstract,Exclude,triage,
https://openalex.org/W2327333171,https://doi.org/10.1632/ade.149.20,The Closeness of Close Reading,2010,article,Jonathan Culler,ADE Bulletin,Kitchin 2014:backward,excluded_no_abstract,Exclude,triage,
https://openalex.org/W2019918541,https://doi.org/10.1086/606126,Critical ResponseI. Paratext and Genre System: A Response to Franco Moretti,2009,article,Katie Trumpener,Critical Inquiry,Kitchin 2014:backward,excluded_no_abstract,Exclude,triage,
https://openalex.org/W4245754472,https://doi.org/10.4135/9781446215432.n2,Positivistic Geographies and Spatial Science,2006,book-chapter,Rob Kitchin,,Kitchin 2014:backward,excluded_no_abstract,Exclude,triage,
https://openalex.org/W2480907948,,Positivistic geography and spatial science,2006,book-chapter,Rob Kitchin,"MURAL - Maynooth University Research Archive Library (National University of Ireland, Maynooth)",Kitchin 2014:backward,excluded_no_abstract,Exclude,triage,
https://openalex.org/W2316879735,https://doi.org/10.1632/adfl.41.3.8,The Closeness of Close Reading,2011,article,Jonathan Culler,ADFL Bulletin,Kitchin 2014:backward,excluded_no_abstract,Exclude,triage,
https://openalex.org/W2792453939,https://doi.org/10.1016/j.infoandorg.2018.02.005,Working and organizing in the age of the learning algorithm,2018,article,Samer Faraj,Information and Organization,Kitchin 2014:forward,excluded_no_abstract,Exclude,triage,
https://openalex.org/W2986150074,https://doi.org/10.1016/j.techfore.2019.119751,The digital transformation of external audit and its impact on corporate governance,2019,article,Riadh Manita,Technological Forecasting and Social Change,Kitchin 2014:forward,excluded_no_abstract,Exclude,triage,
https://openalex.org/W2299251378,https://doi.org/10.1007/s10699-016-9489-4,The Deluge of Spurious Correlations in Big Data,2016,article,Cristian S. Calude,Foundations of Science,Kitchin 2014:forward,excluded_no_abstract,Exclude,triage,
https://openalex.org/W2711661370,https://doi.org/10.1016/j.eswa.2017.06.027,Smart health: Big data enabled health paradigm within smart cities,2017,article,Md Ileas Pramanik,Expert Systems with Applications,Kitchin 2014:forward,excluded_no_abstract,Exclude,triage,
https://openalex.org/W3034363528,https://doi.org/10.1016/j.jbvi.2020.e00174,Entrepreneurial uncertainty during the Covid-19 crisis: Mapping the temporal dynamics of entrepreneurial finance,2020,article,Ross Brown,Journal of Business Venturing Insights,Kitchin 2014:forward,excluded_no_abstract,Exclude,triage,
https://openalex.org/W2797543619,https://doi.org/10.1016/j.accinf.2018.03.001,Business intelligence &amp; analytics in management accounting research: Status and future focus,2018,article,Páll Ríkharðsson,International Journal of Accounting Information Systems,Kitchin 2014:forward,excluded_no_abstract,Exclude,triage,
https://openalex.org/W3139492982,https://doi.org/10.1016/j.omega.2021.102452,Big data driven supply chain design and applications for blockchain: An action research using case study approach,2021,article,Balan Sundarakani,Omega,Kitchin 2014:forward,excluded_no_abstract,Exclude,triage,
https://openalex.org/W4367677599,https://doi.org/10.1038/s43017-023-00409-w,Big Data in Earth system science and progress towards a digital twin,2023,article,Xin Li,Nature Reviews Earth & Environment,Kitchin 2014:forward,excluded_no_abstract,Exclude,triage,
https://openalex.org/W2781696151,https://doi.org/10.1016/j.trd.2017.12.018,Walk score® and its potential contribution to the study of active transport and walkability: A critical and systematic review,2018,review,C. Michael Hall,Transportation Research Part D Transport and Environment,Kitchin 2014:forward,excluded_no_abstract,Exclude,triage,
https://openalex.org/W2037770017,https://doi.org/10.1007/s10708-014-9601-7,Small data in the era of big data,2014,article,Rob Kitchin,GeoJournal,Kitchin 2014:forward,excluded_no_abstract,Exclude,triage,
https://openalex.org/W2625859864,https://doi.org/10.1007/s40171-017-0159-3,Big Data Analytics: A Review on Theoretical Contributions and Tools Used in Literature,2017,article,Purva Grover,Global Journal of Flexible Systems Management,Kitchin 2014:forward,excluded_no_abstract,Exclude,triage,
https://openalex.org/W2344199778,https://doi.org/10.1016/j.isprsjprs.2015.10.012,Geospatial big data handling theory and methods: A review and research challenges,2015,article,Siran Li,ISPRS Journal of Photogrammetry and Remote Sensing,Kitchin 2014:forward,excluded_no_abstract,Exclude,triage,
https://openalex.org/W2987743911,https://doi.org/10.1016/b978-0-12-815739-8.00001-8,Introduction to machine learning,2019,book-chapter,Sandra Vieira,Machine Learning,Kitchin 2014:forward,excluded_no_abstract,Exclude,triage,
https://openalex.org/W2961264687,https://doi.org/10.1007/s13347-019-00363-w,Dissecting the Algorithmic Leviathan: On the Socio-Political Anatomy of Algorithmic Governance,2019,article,Pascal D. König,Philosophy & Technology,Kitchin 2014:forward,excluded_no_abstract,Exclude,triage,
https://openalex.org/W2064253022,https://doi.org/10.1007/s10708-014-9599-x,"Rethinking big data in digital humanitarianism: practices, epistemologies, and social relations",2014,article,Ryan Burns,GeoJournal,Kitchin 2014:forward,excluded_no_abstract,Exclude,triage,
https://openalex.org/W2897936636,https://doi.org/10.1016/j.compag.2018.10.001,Big GIS analytics framework for agriculture supply chains: A literature review identifying the current trends and future perspectives,2018,article,Rohit Sharma,Computers and Electronics in Agriculture,Kitchin 2014:forward,excluded_no_abstract,Exclude,triage,
https://openalex.org/W4379196941,https://doi.org/10.1016/j.compbiomed.2023.107051,Perspective of artificial intelligence in healthcare data management: A journey towards precision medicine,2023,article,Nancy Sanjay Gupta,Computers in Biology and Medicine,Kitchin 2014:forward,excluded_no_abstract,Exclude,triage,
https://openalex.org/W2632538366,https://doi.org/10.1016/j.apgeog.2017.06.011,The use of predictive analysis in spatiotemporal crime forecasting: Building and testing a model in an urban context,2017,article,Anneleen Rummens,Applied Geography,Kitchin 2014:forward,excluded_no_abstract,Exclude,triage,
https://openalex.org/W2996199083,https://doi.org/10.1007/s10661-019-7996-9,Utilizing geospatial information to implement SDGs and monitor their Progress,2019,article,Ram Avtar,Environmental Monitoring and Assessment,Kitchin 2014:forward,excluded_no_abstract,Exclude,triage,
https://openalex.org/W2954276333,https://doi.org/10.1016/j.ecoser.2019.100958,"Using social media, machine learning and natural language processing to map multiple recreational beneficiaries",2019,article,Arjan Gosal,Ecosystem Services,Kitchin 2014:forward,excluded_no_abstract,Exclude,triage,
https://openalex.org/W2902984990,https://doi.org/10.1016/j.jsis.2018.10.005,What we talk about when we talk about (big) data,2018,article,Matthew Jones,The Journal of Strategic Information Systems,Kitchin 2014:forward,excluded_no_abstract,Exclude,triage,
https://openalex.org/W2559405577,https://doi.org/10.1016/j.techfore.2016.10.017,Extending the knowledge base of foresight: The contribution of text mining,2016,article,Victoria Kayser,Technological Forecasting and Social Change,Kitchin 2014:forward,excluded_no_abstract,Exclude,triage,
https://openalex.org/W358543590,https://doi.org/10.1016/j.telpol.2015.03.007,Demystifying big data: Anatomy of big data developmental process,2016,article,Donghee Shin,Telecommunications Policy,Kitchin 2014:forward,excluded_no_abstract,Exclude,triage,
https://openalex.org/W2908649179,https://doi.org/10.1016/j.tourman.2019.01.001,Comparative clustering of destination attractions for different origin markets with network and spatial analyses of online reviews,2019,article,Andrei Kirilenko,Tourism Management,Kitchin 2014:forward,excluded_no_abstract,Exclude,triage,
https://openalex.org/W2509995055,https://doi.org/10.1057/s41292-016-0004-5,Data-intensive resourcing in healthcare,2016,article,Linda F. Hogle,BioSocieties,Kitchin 2014:forward,excluded_no_abstract,Exclude,triage,
https://openalex.org/W3016798419,https://doi.org/10.1016/j.landusepol.2020.104631,Smart systems of innovation for smart places: Challenges in deploying digital platforms for co-creation and data-intelligence,2020,article,Anastasia Panori,Land Use Policy,Kitchin 2014:forward,excluded_no_abstract,Exclude,triage,
https://openalex.org/W3192026875,https://doi.org/10.1016/j.jrurstud.2021.07.024,Imprecision farming? Examining the (in)accuracy and risks of digital agriculture,2021,article,Оане Виссер,Journal of Rural Studies,Kitchin 2014:forward,excluded_no_abstract,Exclude,triage,
https://openalex.org/W2765516071,https://doi.org/10.1007/s10610-017-9361-2,Predictive Policing as a New Tool for Law Enforcement? Recent Developments and Challenges,2017,article,Wim Hardyns,European Journal on Criminal Policy and Research,Kitchin 2014:forward,excluded_no_abstract,Exclude,triage,
https://openalex.org/W3034449794,https://doi.org/10.1016/j.buildenv.2020.106964,"Modelling urban-scale occupant behaviour, mobility, and energy in buildings: A survey",2020,article,Flora D. Salim,Building and Environment,Kitchin 2014:forward,excluded_no_abstract,Exclude,triage,
https://openalex.org/W2737361709,https://doi.org/10.1057/s41292-017-0064-1,Toward a critical theory of corporate wellness,2017,article,Gordon Hull,BioSocieties,Kitchin 2014:forward,excluded_no_abstract,Exclude,triage,
https://openalex.org/W2969824238,https://doi.org/10.5465/amj.2019.4004,New Ways of Seeing Big Data,2019,article,Zeki Şimşek,Academy of Management Journal,Kitchin 2014:forward,excluded_no_abstract,Exclude,triage,
https://openalex.org/W201249022,https://doi.org/10.1007/978-3-658-13137-1_4,You are Your Data: Self-Tracking Practices and Concepts of Data,2016,book-chapter,Deborah Lupton,,Kitchin 2014:forward,excluded_no_abstract,Exclude,triage,
https://openalex.org/W2612062243,https://doi.org/10.1007/s11192-017-2383-1,Discovering the interdisciplinary nature of Big Data research through social network analysis and visualization,2017,article,Jiming Hu,Scientometrics,Kitchin 2014:forward,excluded_no_abstract,Exclude,triage,
https://openalex.org/W2389027645,https://doi.org/10.1007/s11573-016-0826-4,"Risk governance: conceptualization, tasks, and research agenda",2016,article,Volker Stein,Journal of Business Economics,Kitchin 2014:forward,excluded_no_abstract,Exclude,triage,
https://openalex.org/W3038197466,https://doi.org/10.1016/j.tele.2020.101456,Is civic data governance the key to democratic smart cities? The role of the urban data trust in Sidewalk Toronto,2020,article,Anna Artyushina,Telematics and Informatics,Kitchin 2014:forward,excluded_no_abstract,Exclude,triage,
https://openalex.org/W3193220896,https://doi.org/10.1016/j.techsoc.2021.101688,The legitimacy gap of algorithmic decision-making in the public sector: Why it arises and how to address it,2021,article,Pascal D. König,Technology in Society,Kitchin 2014:forward,excluded_no_abstract,Exclude,triage,
https://openalex.org/W2624325835,https://doi.org/10.1016/j.tourman.2017.06.007,Sochi 2014 Olympics on Twitter: Perspectives of hosts and guests,2017,article,Andrei Kirilenko,Tourism Management,Kitchin 2014:forward,excluded_no_abstract,Exclude,triage,
https://openalex.org/W3044899520,https://doi.org/10.1145/3383444,Why computing belongs within the social sciences,2020,article,Randy Connolly,Communications of the ACM,Kitchin 2014:forward,excluded_no_abstract,Exclude,triage,
https://openalex.org/W4223928185,https://doi.org/10.1016/j.jhtm.2022.03.014,Big data in action: An overview of big data studies in tourism and hospitality literature,2022,article,Jiaying Lyu,Journal of Hospitality and Tourism Management,Kitchin 2014:forward,excluded_no_abstract,Exclude,triage,
https://openalex.org/W3087113875,https://doi.org/10.1016/j.jdmm.2020.100481,Exploring new ways of visitor tracking using big data sources: Opportunities and limits of passive mobile data for tourism,2020,article,Julian Reif,Journal of Destination Marketing & Management,Kitchin 2014:forward,excluded_no_abstract,Exclude,triage,
https://openalex.org/W4391541947,https://doi.org/10.1080/27660400.2023.2292486,"Accelerating materials discovery: combinatorial synthesis, high-throughput characterization, and computational advances",2024,article,Khurram Shahzad,Science and Technology of Advanced Materials Methods,Kitchin 2014:forward,excluded_no_abstract,Exclude,triage,
https://openalex.org/W2946670790,https://doi.org/10.1016/j.future.2019.04.029,Dynamic multi-workflow scheduling: A deadline and cost-aware approach for commercial clouds,2019,article,Vahid Arabnejad,Future Generation Computer Systems,Kitchin 2014:forward,excluded_no_abstract,Exclude,triage,
https://openalex.org/W4280632587,https://doi.org/10.1007/s00146-022-01471-6,"COVID-19, artificial intelligence, ethical challenges and policy implications",2022,article,Muhammad Anshari,AI & Society,Kitchin 2014:forward,excluded_no_abstract,Exclude,triage,
https://openalex.org/W2560300492,https://doi.org/10.1016/j.outlook.2016.11.021,Big data science: A literature review of nursing research exemplars,2016,article,Bonnie L. Westra,Nursing Outlook,Kitchin 2014:forward,excluded_no_abstract,Exclude,triage,
https://openalex.org/W2590980183,https://doi.org/10.1016/j.respol.2017.01.014,Determinants of PhD holders’ use of social networking sites: An analysis based on LinkedIn,2017,article,Stefano Horst Baruffaldi,Research Policy,Kitchin 2014:forward,excluded_no_abstract,Exclude,triage,
https://openalex.org/W3097948114,https://doi.org/10.1007/s10459-020-10009-8,"The role of data science and machine learning in Health Professions Education: practical applications, theoretical contributions, and epistemic beliefs",2020,article,Martin G. Tolsgaard,Advances in Health Sciences Education,Kitchin 2014:forward,excluded_no_abstract,Exclude,triage,
https://openalex.org/W2133164147,https://doi.org/10.1007/s13347-015-0202-2,The Causal Nature of Modeling with Big Data,2015,article,Wolfgang Pietsch,Philosophy & Technology,Kitchin 2014:forward,excluded_no_abstract,Exclude,triage,
https://openalex.org/W2617819276,https://doi.org/10.1007/s13347-017-0265-3,Forecasting in Light of Big Data,2017,article,Hykel Hosni,Philosophy & Technology,Kitchin 2014:forward,excluded_no_abstract,Exclude,triage,
https://openalex.org/W3036586109,https://doi.org/10.1007/s13167-020-00213-2,"Biobanks in the era of big data: objectives, challenges, perspectives, and innovations for predictive, preventive, and personalised medicine",2020,article,Judita Kinkorová,The EPMA Journal,Kitchin 2014:forward,excluded_no_abstract,Exclude,triage,
https://openalex.org/W2982154751,https://doi.org/10.1007/s12083-019-00799-z,A distributed intelligent mobile application for analyzing travel big data analytics,2019,article,L. Maria Michael Visuwasam,Peer-to-Peer Networking and Applications,Kitchin 2014:forward,excluded_no_abstract,Exclude,triage,
https://openalex.org/W1999978242,https://doi.org/10.1016/j.landurbplan.2014.08.011,Gaps and futures in working between ecology and design for constructed ecologies,2014,article,Margaret J. Grose,Landscape and Urban Planning,Kitchin 2014:forward,excluded_no_abstract,Exclude,triage,
https://openalex.org/W3214260953,https://doi.org/10.1007/s00146-021-01302-0,Many hands make many fingers to point: challenges in creating accountable AI,2021,article,Stephen C. Slota,AI & Society,Kitchin 2014:forward,excluded_no_abstract,Exclude,triage,
https://openalex.org/W4310344228,https://doi.org/10.1016/j.tourman.2022.104689,Who is a tourist? Classifying international urban tourists using machine learning,2022,article,Matan Mor,Tourism Management,Kitchin 2014:forward,excluded_no_abstract,Exclude,triage,
https://openalex.org/W4367318345,https://doi.org/10.1007/s10109-023-00407-y,Time geography in a hybrid physical–virtual world,2023,article,Shih‐Lung Shaw,Journal of Geographical Systems,Kitchin 2014:forward,excluded_no_abstract,Exclude,triage,
https://openalex.org/W2497308949,https://doi.org/10.1007/978-3-319-33525-4_17,The Ethics and Politics of Infrastructures: Creating the Conditions of Possibility for Big Data in Medicine,2016,book-chapter,Linda F. Hogle,"Law, governance and technology series",Kitchin 2014:forward,excluded_no_abstract,Exclude,triage,
https://openalex.org/W4380880318,https://doi.org/10.1016/j.tree.2023.05.010,Uniting Experiments and Big Data to advance ecology and conservation,2023,article,Robert A. McCleery,Trends in Ecology & Evolution,Kitchin 2014:forward,excluded_no_abstract,Exclude,triage,
https://openalex.org/W4409832113,https://doi.org/10.1007/s11366-025-09917-6,Intelligent Computing Social Modeling and Methodological Innovations in Political Science in the Era of Large Language Models,2025,article,Zhenyu Wang,Journal of Chinese Political Science,Kitchin 2014:forward,excluded_no_abstract,Exclude,triage,
https://openalex.org/W3196272783,https://doi.org/10.1007/s10660-021-09494-9,Gender difference in visual attention to digital content of place-based advertising: a data-driven scientific approach,2021,article,Taewon Suh,Electronic Commerce Research,Kitchin 2014:forward,excluded_no_abstract,Exclude,triage,
https://openalex.org/W3208646307,https://doi.org/10.1007/s41111-021-00197-y,Intelligent Technologies and Methodological Transformations in the Social Sciences,2021,article,Xuan Qin,Chinese Political Science Review,Kitchin 2014:forward,excluded_no_abstract,Exclude,triage,
https://openalex.org/W4411969564,https://doi.org/10.1016/j.earscirev.2025.105209,Recent advances and future research directions in deep learning as applied to geochemical mapping,2025,article,Ying Xu,Earth-Science Reviews,Kitchin 2014:forward,excluded_no_abstract,Exclude,triage,
https://openalex.org/W4399556276,https://doi.org/10.1016/j.accinf.2024.100693,Using data-driven methods to detect financial statement fraud in the real scenario,2024,article,Ying Zhou,International Journal of Accounting Information Systems,Kitchin 2014:forward,excluded_no_abstract,Exclude,triage,
https://openalex.org/W4413874655,https://doi.org/10.1038/s44284-025-00314-x,The city as text,2025,article,Jonathan Reades,Nature Cities,Kitchin 2014:forward,excluded_no_abstract,Exclude,triage,
https://openalex.org/W2507285739,https://doi.org/10.1016/j.geoforum.2016.07.019,Evidence and future potential of mobile phone data for disease disaster management,2016,article,Jonathan Cinnamon,Geoforum,Kitchin 2014:forward,excluded_no_abstract,Exclude,triage,
https://openalex.org/W2604804633,https://doi.org/10.1016/j.ecolind.2017.03.052,Internet scientific name frequency as an indicator of cultural salience of biodiversity,2017,article,Ricardo A. Correia,Ecological Indicators,Kitchin 2014:forward,excluded_no_abstract,Exclude,triage,
https://openalex.org/W2886184010,https://doi.org/10.1016/j.ijinfomgt.2018.07.011,Developing human resource data risk management in the age of big data,2018,article,Thomas Calvard,International Journal of Information Management,Kitchin 2014:forward,excluded_no_abstract,Exclude,triage,
https://openalex.org/W2521187674,https://doi.org/10.1007/s40656-016-0113-2,From ecological records to big data: the invention of global biodiversity,2016,article,Vincent Devictor,History & Philosophy of the Life Sciences,Kitchin 2014:forward,excluded_no_abstract,Exclude,triage,
https://openalex.org/W2239337023,https://doi.org/10.1016/b978-0-12-805394-2.00001-5,Big Data Analytics = Machine Learning + Cloud Computing,2016,book-chapter,Chao Wu,Big Data,Kitchin 2014:forward,excluded_no_abstract,Exclude,triage,
https://openalex.org/W3130518660,https://doi.org/10.1016/j.resconrec.2021.105480,Investigating the bulk density of construction waste: A big data-driven approach,2021,article,Weisheng Lu,Resources Conservation and Recycling,Kitchin 2014:forward,excluded_no_abstract,Exclude,triage,
https://openalex.org/W2514660684,https://doi.org/10.1007/978-3-319-06520-5_8,"Big Data, Higher Education and Learning Analytics: Beyond Justice, Towards an Ethics of Care",2016,book-chapter,Paul Prinsloo,,Kitchin 2014:forward,excluded_no_abstract,Exclude,triage,
https://openalex.org/W3096634384,https://doi.org/10.1007/s11135-020-01061-y,Emerging trends and global scope of big data analytics: a scientometric analysis,2020,article,Keshav Singh Rawat,Quality & Quantity,Kitchin 2014:forward,excluded_no_abstract,Exclude,triage,
https://openalex.org/W2984061795,https://doi.org/10.1007/978-3-030-29739-8_1,Transformation of Business Model in Finance Sector with Artificial Intelligence and Robotic Process Automation,2019,book-chapter,İlker Met,Contributions to management science,Kitchin 2014:forward,excluded_no_abstract,Exclude,triage,
https://openalex.org/W3023508592,https://doi.org/10.1016/j.annals.2020.102931,Hidden theorizing in big data analytics: With a reference to tourism design research,2020,article,Josef A. Mazanec,Annals of Tourism Research,Kitchin 2014:forward,excluded_no_abstract,Exclude,triage,
https://openalex.org/W2917682907,https://doi.org/10.1007/978-3-030-06076-3_4,Smartphone Usage Diversity among Older People,2019,book-chapter,Andrea Rosales,Human-computer interaction series,Kitchin 2014:forward,excluded_no_abstract,Exclude,triage,
https://openalex.org/W2311528725,https://doi.org/10.1007/s10708-016-9713-3,Spatialities of data: mapping social media ‘beyond the geotag’,2016,article,Taylor Shelton,GeoJournal,Kitchin 2014:forward,excluded_no_abstract,Exclude,triage,
https://openalex.org/W2776027100,https://doi.org/10.1016/j.biocon.2017.12.002,Data transparency regarding the implementation of European ‘no net loss’ biodiversity policies,2017,article,Joseph W. Bull,Biological Conservation,Kitchin 2014:forward,excluded_no_abstract,Exclude,triage,
https://openalex.org/W2267046819,https://doi.org/10.1007/s11192-015-1814-0,Data integration for research and innovation policy: an Ontology-Based Data Management approach,2015,article,Cinzia Daraio,Scientometrics,Kitchin 2014:forward,excluded_no_abstract,Exclude,triage,
https://openalex.org/W2743639787,https://doi.org/10.1016/j.cobeha.2017.07.001,Big Data approaches in social and behavioral science: four key trade-offs and a call for integration,2017,article,Jasmin Mahmoodi,Current Opinion in Behavioral Sciences,Kitchin 2014:forward,excluded_no_abstract,Exclude,triage,
https://openalex.org/W2946368779,https://doi.org/10.1016/b978-0-444-63984-4.00001-6,Introduction,2019,book-chapter,Marina Cocchi,Data handling in science and technology,Kitchin 2014:forward,excluded_no_abstract,Exclude,triage,
https://openalex.org/W2620334251,https://doi.org/10.1016/j.cageo.2017.05.014,Spatial coding-based approach for partitioning big spatial data in Hadoop,2017,article,Xiaochuang Yao,Computers & Geosciences,Kitchin 2014:forward,excluded_no_abstract,Exclude,triage,
https://openalex.org/W2767884480,https://doi.org/10.1016/j.compenvurbsys.2017.10.004,Big data and urban system model - Substitutes or complements? A case study of modelling commuting patterns in Beijing,2017,article,Li Wan,Computers Environment and Urban Systems,Kitchin 2014:forward,excluded_no_abstract,Exclude,triage,
https://openalex.org/W2963694570,https://doi.org/10.1016/j.emj.2019.07.004,Harnessing big data for a multifunctional theory of the firm,2019,article,Steffen Roth,European Management Journal,Kitchin 2014:forward,excluded_no_abstract,Exclude,triage,
https://openalex.org/W2308405616,https://doi.org/10.1016/j.cad.2014.10.006,Ubiquitous computer aided design: A broken promise or a Sleeping Beauty?,2014,article,Imré Horváth,Computer-Aided Design,Kitchin 2014:forward,excluded_no_abstract,Exclude,triage,
https://openalex.org/W3016061525,https://doi.org/10.1016/j.ijforecast.2020.03.006,The effect of spatiotemporal resolution on predictive policing model performance,2020,article,Anneleen Rummens,International Journal of Forecasting,Kitchin 2014:forward,excluded_no_abstract,Exclude,triage,
https://openalex.org/W2593706066,https://doi.org/10.1016/j.geoforum.2017.03.002,Why data for a political-industrial ecology of cities?,2017,article,Stéphanie Pincetl,Geoforum,Kitchin 2014:forward,excluded_no_abstract,Exclude,triage,
https://openalex.org/W2906643899,https://doi.org/10.1016/j.jbvi.2018.e00107,Is firm growth random? A machine learning perspective,2018,article,A. van Witteloostuijn,Journal of Business Venturing Insights,Kitchin 2014:forward,excluded_no_abstract,Exclude,triage,
https://openalex.org/W2916920238,https://doi.org/10.1016/j.elerap.2019.100837,How to derive causal insights for digital commerce in China? A research commentary on computational social science methods,2019,article,David C.W. Phang,Electronic Commerce Research and Applications,Kitchin 2014:forward,excluded_no_abstract,Exclude,triage,
https://openalex.org/W2941302868,https://doi.org/10.4135/9781526402059.n2,The Global Urban: Difference andComplexity in Urban Studies and the Science of Cities,2017,book-chapter,Susan Parnell,,Kitchin 2014:forward,excluded_no_abstract,Exclude,triage,
https://openalex.org/W2617695997,https://doi.org/10.1007/978-3-658-12153-2_4,Big Data: A New Empiricism and its Epistemic and Socio-Political Consequences,2017,book-chapter,Gernot Rieder,,Kitchin 2014:forward,excluded_no_abstract,Exclude,triage,
https://openalex.org/W2766319565,https://doi.org/10.1016/j.ecolind.2017.10.033,Culturomic assessment of Brazilian protected areas: Exploring a novel index of protected area visibility,2017,article,Ricardo A. Correia,Ecological Indicators,Kitchin 2014:forward,excluded_no_abstract,Exclude,triage,
https://openalex.org/W3153778169,https://doi.org/10.1007/s10708-021-10423-4,"Citizen sensors for smart city planning and traffic management: crowdsourcing geospatial data through smartphones in Jeddah, Saudi Arabia",2021,article,Mohammed Aljoufie,GeoJournal,Kitchin 2014:forward,excluded_no_abstract,Exclude,triage,
https://openalex.org/W3090090332,https://doi.org/10.1016/j.erss.2020.101691,Text as big data: Develop codes of practice for rigorous computational text analysis in energy social science,2020,article,Finn Müller-Hansen,Energy Research & Social Science,Kitchin 2014:forward,excluded_no_abstract,Exclude,triage,
https://openalex.org/W2252610658,https://doi.org/10.1016/j.scitotenv.2016.01.202,Data-driven Critical Zone science: A new paradigm,2016,article,Elisabeth N. Bui,The Science of The Total Environment,Kitchin 2014:forward,excluded_no_abstract,Exclude,triage,
https://openalex.org/W2738880827,https://doi.org/10.1007/978-3-319-58577-2_3,Governing the Complexity of Smart Data Cities: Setting a Research Agenda,2017,book-chapter,Jurian Edelenbos,Public administration and information technology,Kitchin 2014:forward,excluded_no_abstract,Exclude,triage,
https://openalex.org/W2982263525,https://doi.org/10.1016/j.techfore.2019.119778,Print theories of computer societies. Introduction to the digital transformation of social theory,2019,article,Steffen Roth,Technological Forecasting and Social Change,Kitchin 2014:forward,excluded_no_abstract,Exclude,triage,
https://openalex.org/W3213377912,https://doi.org/10.1016/j.infoandorg.2021.100376,"Distributed seeing: Algorithms and the reconfiguration of the workplace, a case of 'automated' trading",2021,article,Thijs Willems,Information and Organization,Kitchin 2014:forward,excluded_no_abstract,Exclude,triage,
https://openalex.org/W4210348908,https://doi.org/10.1007/978-3-030-88389-8_5,Web Scraping,2022,book-chapter,Roman Egger,Tourism on the verge,Kitchin 2014:forward,excluded_no_abstract,Exclude,triage,
https://openalex.org/W2278764706,https://doi.org/10.1007/978-3-319-21272-2_9,Big Data and Urban Governance,2015,book-chapter,Linnet Taylor,,Kitchin 2014:forward,excluded_no_abstract,Exclude,triage,
https://openalex.org/W4210360085,https://doi.org/10.1007/s43388-022-00082-5,Ophiophagy in Brazilian birds: a contribution from a collaborative platform of citizen science,2022,article,Eletra de Souza,Ornithology Research,Kitchin 2014:forward,excluded_no_abstract,Exclude,triage,
https://openalex.org/W2948872245,https://doi.org/10.1016/j.techfore.2019.05.006,The communicative constitution of academic fields in the digital age: The case of CSR,2019,article,Matthias Wenzel,Technological Forecasting and Social Change,Kitchin 2014:forward,excluded_no_abstract,Exclude,triage,
https://openalex.org/W4220901019,https://doi.org/10.1007/s00146-021-01334-6,Social implications of autonomous vehicles: a focus on time,2022,article,Cian McCarroll,AI & Society,Kitchin 2014:forward,excluded_no_abstract,Exclude,triage,
https://openalex.org/W4384701653,https://doi.org/10.1016/j.jort.2023.100668,"What is “big data” and how should we use it? The role of large datasets, secondary data, and associated analysis techniques in outdoor recreation research",2023,article,Dani T. Dagan,Journal of Outdoor Recreation and Tourism,Kitchin 2014:forward,excluded_no_abstract,Exclude,triage,
https://openalex.org/W3157478840,https://doi.org/10.1016/j.jtrangeo.2021.103069,Identifying attributes of public transport services for urban tourists: A data-mining method,2021,article,Yael Ram,Journal of Transport Geography,Kitchin 2014:forward,excluded_no_abstract,Exclude,triage,
https://openalex.org/W4388639897,https://doi.org/10.1016/j.neubiorev.2023.105463,Can cognitive neuroscience solve the lab-dilemma by going wild?,2023,article,William Vallet,Neuroscience & Biobehavioral Reviews,Kitchin 2014:forward,excluded_no_abstract,Exclude,triage,
https://openalex.org/W4303650205,https://doi.org/10.1007/s13157-022-01616-9,Classifying and Mapping Cultural Ecosystem Services Using Artificial Intelligence and Social Media Data,2022,article,Ikram Mouttaki,Wetlands,Kitchin 2014:forward,excluded_no_abstract,Exclude,triage,
https://openalex.org/W3086510996,https://doi.org/10.1007/s13347-020-00420-9,The Fate of Explanatory Reasoning in the Age of Big Data,2020,article,Frank Cabrera,Philosophy & Technology,Kitchin 2014:forward,excluded_no_abstract,Exclude,triage,
https://openalex.org/W4376137361,https://doi.org/10.1007/s10551-023-05410-3,Achieving Double Bottom-Line Performance in Hybrid Organisations: A Machine-Learning Approach,2023,article,Eline Van der Auwera,Journal of Business Ethics,Kitchin 2014:forward,excluded_no_abstract,Exclude,triage,
https://openalex.org/W4386141052,https://doi.org/10.1007/s10639-023-12102-y,Data science pedagogical tools and practices: A systematic literature review,2023,review,Bahar Memarian,Education and Information Technologies,Kitchin 2014:forward,excluded_no_abstract,Exclude,triage,
https://openalex.org/W4400021083,https://doi.org/10.1007/s12583-023-1944-8,Low Resource Chinese Geological Text Named Entity Recognition Based on Prompt Learning,2024,article,Hang He,Journal of Earth Science,Kitchin 2014:forward,excluded_no_abstract,Exclude,triage,
https://openalex.org/W3046968251,https://doi.org/10.1080/07373937.2020.1801562,Artificial intelligence and the role of researchers: Can it replace us?,2020,article,Atreyi Kankanhalli,Drying Technology,Kitchin 2014:forward,excluded_no_abstract,Exclude,triage,
https://openalex.org/W2262907337,https://doi.org/10.1007/978-3-319-14833-5_2,Mobile Phone Data to Describe Urban Practices: An Overview in the Literature,2015,book-chapter,Paola Pucci,SpringerBriefs in applied sciences and technology,Kitchin 2014:forward,excluded_no_abstract,Exclude,triage,
https://openalex.org/W4404280548,https://doi.org/10.1016/j.infoandorg.2024.100540,When is enough enough? A critical assessment of data adequacy in IS qualitative research,2024,article,Christine Abdalla Mikhaeil,Information and Organization,Kitchin 2014:forward,excluded_no_abstract,Exclude,triage,
https://openalex.org/W2465774349,https://doi.org/10.1007/978-3-319-27108-8_22,Complexity of Textual Data in Entrepreneurship and Innovation Research,2016,book-chapter,Beth‐Anne Schuelke‐Leech,FGF studies in small business and entrepreneurship,Kitchin 2014:forward,excluded_no_abstract,Exclude,triage,
https://openalex.org/W3010906562,https://doi.org/10.1007/s11186-020-09383-4,"Where are the market devices? Exploring the links among regulation, markets, and technology at the securities and exchange commission, 1935–2010",2020,article,Juan Pablo Pardo‐Guerra,Theory and Society,Kitchin 2014:forward,excluded_no_abstract,Exclude,triage,
https://openalex.org/W4210451152,https://doi.org/10.1007/978-3-030-93585-6_10,Social Accountability of Local Governments in Smart Cities: A Multiple Case Study,2022,book-chapter,Francesca Loia,,Kitchin 2014:forward,excluded_no_abstract,Exclude,triage,
https://openalex.org/W4407411839,https://doi.org/10.1007/s43555-025-00055-x,Smart Farming and Orchard Management: Insights and Innovations,2025,article,Diaa O. El-Ansary,Current Food Science and Technology Reports,Kitchin 2014:forward,excluded_no_abstract,Exclude,triage,
https://openalex.org/W4389282124,https://doi.org/10.1007/978-981-99-6620-2_1,The Role of Big Data Analytics in Urban Systems: Review and Prospect for Smart Transport and Healthcare Systems,2023,book-chapter,Saeid Pourroostaei Ardakani,Urban sustainability,Kitchin 2014:forward,excluded_no_abstract,Exclude,triage,
https://openalex.org/W3157540276,https://doi.org/10.3389/fpsyg.2021.671901,A Biopsychosocial Framework to Guide Interdisciplinary Research on Biathlon Performance,2021,article,Amelie Heinrich,Frontiers in Psychology,Kitchin 2014:forward,excluded_no_abstract,Exclude,triage,
https://openalex.org/W4296904381,https://doi.org/10.1016/j.geoforum.2022.09.001,Making sense of digital health data: Negotiating epistemological tensions of everyday eating in Singapore,2022,article,Siew Ying Shee,Geoforum,Kitchin 2014:forward,excluded_no_abstract,Exclude,triage,
https://openalex.org/W4392717471,https://doi.org/10.1007/s11213-024-09670-6,Scientific Communication Observed with Social Systems Theory. An Introduction and Outlook to Pure Science for Society,2024,article,Steffen Roth,Systemic Practice and Action Research,Kitchin 2014:forward,excluded_no_abstract,Exclude,triage,
https://openalex.org/W4412978967,https://doi.org/10.1016/j.jairtraman.2025.102871,Data-driven governing equation identification of near terminal air traffic flow dynamics,2025,article,Qihang Xu,Journal of Air Transport Management,Kitchin 2014:forward,excluded_no_abstract,Exclude,triage,
https://openalex.org/W7105829435,https://doi.org/10.1038/s44284-025-00340-9,"An agenda for data-rich, action-oriented, ethical research on infrastructure in informal settlements",2025,article,Yael Borofsky,Nature Cities,Kitchin 2014:forward,excluded_no_abstract,Exclude,triage,
https://openalex.org/W4403911268,https://doi.org/10.1007/978-981-97-9350-1_5,Machine Learning in Education,2024,book-chapter,Myint Swe Khine,,Kitchin 2014:forward,excluded_no_abstract,Exclude,triage,
https://openalex.org/W4415045020,https://doi.org/10.1016/j.annals.2025.104044,Epistemological challenges at data-theory intersection,2025,article,Roman Egger,Annals of Tourism Research,Kitchin 2014:forward,excluded_no_abstract,Exclude,triage,
https://openalex.org/W3201295676,https://doi.org/10.1007/978-3-030-83010-6_1,Introduction: Human Dynamics Research with Social Media and Geospatial Data Analytics,2021,book-chapter,Atsushi Nara,Human dynamics in smart cities,Kitchin 2014:forward,excluded_no_abstract,Exclude,triage,
https://openalex.org/W3127676155,,Tecnoscienza. Italian Journal of Science and Technology Studies,2018,article,Annalisa Pelizza,,Kitchin 2014:forward,excluded_no_abstract,Exclude,triage,
https://openalex.org/W2597779870,https://doi.org/10.1016/j.geoforum.2017.03.003,Undisciplining environmental justice research with visual storytelling,2017,article,Sarah A. Moore,Geoforum,Kitchin 2014:forward,excluded_no_abstract,Exclude,triage,
https://openalex.org/W2623570097,https://doi.org/10.1007/s10615-017-0631-8,A Case for the Case Study: How and Why They Matter,2017,article,Jeffrey Longhofer,Clinical Social Work Journal,Kitchin 2014:forward,excluded_no_abstract,Exclude,triage,
https://openalex.org/W2630237931,https://doi.org/10.1080/00330124.2017.1325749,"Critical Data, Critical Technology in Theory and Practice",2017,article,Ryan Burns,The Professional Geographer,Kitchin 2014:forward,excluded_no_abstract,Exclude,triage,
https://openalex.org/W2795096682,https://doi.org/10.1007/s11113-018-9464-6,Demography in the Big Data Revolution: Changing the Culture to Forge New Frontiers,2018,article,Stephanie A. Bohon,Population Research and Policy Review,Kitchin 2014:forward,excluded_no_abstract,Exclude,triage,
https://openalex.org/W3156030488,https://doi.org/10.1016/j.cma.2021.113816,Prediction and identification of physical systems by means of Physically-Guided Neural Networks with meaningful internal layers,2021,article,Jacobo Ayensa-Jiménez,Computer Methods in Applied Mechanics and Engineering,Kitchin 2014:forward,excluded_no_abstract,Exclude,triage,
https://openalex.org/W2809639014,https://doi.org/10.1007/s11186-018-9317-7,Culturally meaningful networks: on the transition from military to civilian life in the United Kingdom,2018,article,Achim Edelmann,Theory and Society,Kitchin 2014:forward,excluded_no_abstract,Exclude,triage,
https://openalex.org/W3003319291,https://doi.org/10.1007/s11390-020-9781-1,I/O Acceleration via Multi-Tiered Data Buffering and Prefetching,2020,article,Anthony Kougkas,Journal of Computer Science and Technology,Kitchin 2014:forward,excluded_no_abstract,Exclude,triage,
https://openalex.org/W2227881019,https://doi.org/10.6084/m9.figshare.1517092.v1,Diffusion of Big Data and Analytics in Developing Countries,2015,article,Elyjoy Micheni,,Kitchin 2014:forward,excluded_no_abstract,Exclude,triage,
https://openalex.org/W2907595135,https://doi.org/10.1007/s10729-018-9466-2,Characterization of the flow of patients in a hospital from complex networks,2019,article,M. A. Miranda,Health Care Management Science,Kitchin 2014:forward,excluded_no_abstract,Exclude,triage,
https://openalex.org/W2290357422,https://doi.org/10.1080/14649365.2016.1152394,Vulgar geographies? Popular cultural geographies and technology,2016,article,Samuel Kinsley,Social & Cultural Geography,Kitchin 2014:forward,excluded_no_abstract,Exclude,triage,
https://openalex.org/W2799532382,https://doi.org/10.22269/180417,Databodies in Codespace,2018,article,Shannon Mattern,Places,Kitchin 2014:forward,excluded_no_abstract,Exclude,triage,
https://openalex.org/W4283378472,https://doi.org/10.1016/j.techfore.2022.121808,Digital consumption and socio-normative vulnerability,2022,article,Rama Prasad Kanungo,Technological Forecasting and Social Change,Kitchin 2014:forward,excluded_no_abstract,Exclude,triage,
https://openalex.org/W2323800702,https://doi.org/10.1007/s10606-016-9252-y,From Publics to Communities: Researching the Path of Shared Issues Through ICT,2016,article,Thomas Ludwig,Computer Supported Cooperative Work (CSCW),Kitchin 2014:forward,excluded_no_abstract,Exclude,triage,
https://openalex.org/W2916601070,https://doi.org/10.1007/s10853-019-03434-7,Data-enabled structure–property mappings for lanthanide-activated inorganic scintillators,2019,article,Ghanshyam Pilania,Journal of Materials Science,Kitchin 2014:forward,excluded_no_abstract,Exclude,triage,
https://openalex.org/W2579744028,https://doi.org/10.1016/j.techfore.2017.01.010,What kind of ‘world order’? An artificial neural networks approach to intensive data mining,2017,article,Massimo Buscema,Technological Forecasting and Social Change,Kitchin 2014:forward,excluded_no_abstract,Exclude,triage,
https://openalex.org/W2791386541,https://doi.org/10.1007/978-3-319-73247-3_12,The Opportunities and Challenges with Social Media and Big Data for Research in Human Dynamics,2018,book-chapter,Atsushi Nara,Human dynamics in smart cities,Kitchin 2014:forward,excluded_no_abstract,Exclude,triage,
https://openalex.org/W4220773948,https://doi.org/10.1016/j.futures.2022.102936,Anticipating human resilience and vulnerability on the path to 2030: What can we learn from COVID-19?,2022,article,Stefano Armenia,Futures,Kitchin 2014:forward,excluded_no_abstract,Exclude,triage,
https://openalex.org/W3208562548,https://doi.org/10.1016/j.scitotenv.2021.151139,Classification of catchments for nitrogen using Artificial Neural Network Pattern Recognition and spatial data,2021,article,Cherie M. O'Sullivan,The Science of The Total Environment,Kitchin 2014:forward,excluded_no_abstract,Exclude,triage,
https://openalex.org/W3216528219,https://doi.org/10.1007/s11948-021-00348-z,Fairness as Equal Concession: Critical Remarks on Fair AI,2021,article,Ryan van Nood,Science and Engineering Ethics,Kitchin 2014:forward,excluded_no_abstract,Exclude,triage,
https://openalex.org/W2784816566,https://doi.org/10.1007/978-3-319-70449-4_7,Risk Governance: Basic Rationale and Tentative Findings from the German Banking Sector,2018,book-chapter,Volker Stein,"CSR, sustainability, ethics & governance",Kitchin 2014:forward,excluded_no_abstract,Exclude,triage,
https://openalex.org/W2981075695,https://doi.org/10.1007/s42452-020-2862-5,The paradox of big data,2020,article,Gary Smith,SN Applied Sciences,Kitchin 2014:forward,excluded_no_abstract,Exclude,triage,
https://openalex.org/W3145462911,https://doi.org/10.1016/j.yebeh.2021.107930,Searching for a paradigm shift in the research on the epilepsies and associated neuropsychiatric comorbidities. From ancient historical knowledge to the challenge of contemporary systems complexity and emergent functions,2021,article,Norberto Garcia‐Cairasco,Epilepsy & Behavior,Kitchin 2014:forward,excluded_no_abstract,Exclude,triage,
https://openalex.org/W2538665317,https://doi.org/10.1007/978-3-319-40953-5_11,The Digital Environmental Humanities—What Is It and Why Do We Need It? the NorFish Project and SmartCity Lifeworlds,2016,book-chapter,Charles Travis,Springer geography,Kitchin 2014:forward,excluded_no_abstract,Exclude,triage,
https://openalex.org/W2979931581,https://doi.org/10.1016/j.jtrangeo.2019.102536,Trespassing for mobilities. Operational directions for addressing mobile lives,2019,article,Paola Pucci,Journal of Transport Geography,Kitchin 2014:forward,excluded_no_abstract,Exclude,triage,
https://openalex.org/W3196533406,https://doi.org/10.1007/978-3-030-74837-1_10,Too Much Data? Opportunities and Challenges of Large Datasets and Cybercrime,2021,book-chapter,Jack Hughes,,Kitchin 2014:forward,excluded_no_abstract,Exclude,triage,
https://openalex.org/W4220843780,https://doi.org/10.1080/00758914.2021.2037890,Documenting heritage in the 21st century: the EAMENA project and its potential for ‘big data’ research in Levantine archaeology,2021,article,Letty ten Harkel,Levant,Kitchin 2014:forward,excluded_no_abstract,Exclude,triage,
https://openalex.org/W3193938628,https://doi.org/10.1016/j.envsci.2021.08.005,A digital approach to quantifying political vulnerability of protected areas,2021,article,Jhonatan Guedes‐Santos,Environmental Science & Policy,Kitchin 2014:forward,excluded_no_abstract,Exclude,triage,
https://openalex.org/W4383498524,https://doi.org/10.1016/j.ijar.2023.108977,Logic reasoning under data veracity concerns,2023,article,Guy De Tré,International Journal of Approximate Reasoning,Kitchin 2014:forward,excluded_no_abstract,Exclude,triage,
https://openalex.org/W2769427265,https://doi.org/10.1007/978-3-319-55477-8_3,New Data Science: The Sociological Point of View,2017,book-chapter,Biagio Aragona,"Studies in classification, data analysis, and knowledge organization",Kitchin 2014:forward,excluded_no_abstract,Exclude,triage,
https://openalex.org/W3014564822,https://doi.org/10.1017/9781108147972.004,Big Data’s Epistemology and Its Implications for Precision Medicine and Privacy,2018,book-chapter,Jeffrey M. Skopek,Cambridge University Press eBooks,Kitchin 2014:forward,excluded_no_abstract,Exclude,triage,
https://openalex.org/W3088247489,https://doi.org/10.1007/s41651-020-00062-7,Spatial-Temporal Analysis and Visualization of Rural Development Works Implemented Under World’s Largest Social Safety Programme in India—a Case Study,2020,article,Stutee Gupta,Journal of Geovisualization and Spatial Analysis,Kitchin 2014:forward,excluded_no_abstract,Exclude,triage,
https://openalex.org/W4322505022,https://doi.org/10.1016/j.ijdrr.2023.103598,Predicting the issuance of COVID-19 stay-at-home orders in Africa: Using machine learning to develop insight for health policy research,2023,article,Jordan Mansell,International Journal of Disaster Risk Reduction,Kitchin 2014:forward,excluded_no_abstract,Exclude,triage,
https://openalex.org/W4406877749,https://doi.org/10.1016/j.compenvurbsys.2025.102249,The use of urban analytics in strategic planning – A case study of the greater Sydney region plan,2025,article,Claire Daniel,Computers Environment and Urban Systems,Kitchin 2014:forward,excluded_no_abstract,Exclude,triage,
https://openalex.org/W4404588764,https://doi.org/10.1007/s11245-024-10117-9,Algorithmic Objectivity as Ideology: Toward a Critical Ethics of Digital Capitalism,2024,article,Giuseppe De Ruvo,Topoi,Kitchin 2014:forward,excluded_no_abstract,Exclude,triage,
https://openalex.org/W4394832425,https://doi.org/10.1016/bs.coac.2023.08.001,Future of analytical chemistry with green miniaturized technologies,2024,book-chapter,Chaudhery Ghazanfar Hussain,Comprehensive analytical chemistry,Kitchin 2014:forward,excluded_no_abstract,Exclude,triage,
https://openalex.org/W4407885376,https://doi.org/10.1007/978-981-97-7528-6_5,Data Analytics and Supply Chain Management: Leveraging Big Data to Optimize Production and Logistics in Fashion and Textiles,2025,book-chapter,Vijay Kumar,Springer series in fashion business,Kitchin 2014:forward,excluded_no_abstract,Exclude,triage,
https://openalex.org/W4406334175,https://doi.org/10.1007/978-3-031-74813-4_16,Revisiting Exploratory Research Methodology in the Context of Environment and Development in the Anthropocene,2025,book-chapter,Lakshminarayan Satpati,,Kitchin 2014:forward,excluded_no_abstract,Exclude,triage,
https://openalex.org/W4406814782,https://doi.org/10.1007/s11067-025-09672-4,How Scaling Laws Challenge the Geographical Theories of Urban Systems,2025,article,Dénise Pumain,Networks and Spatial Economics,Kitchin 2014:forward,excluded_no_abstract,Exclude,triage,
https://openalex.org/W4414777844,https://doi.org/10.1007/s11135-025-02332-2,Datafication and radical empiricism: the epistemological foundations of the data-science-big data nexus,2025,article,Marco Briziarelli,Quality & Quantity,Kitchin 2014:forward,excluded_no_abstract,Exclude,triage,
https://openalex.org/W7116958177,https://doi.org/10.1016/j.ijedudev.2025.103481,"The world bank's Coach model of teacher professional development: The politics of recognition, regulation, and reframing",2025,article,Yusuf Sayed,International Journal of Educational Development,Kitchin 2014:forward,excluded_no_abstract,Exclude,triage,
https://openalex.org/W2777131241,https://doi.org/10.5771/0943-7444-2017-3-187,Implications of Big Data for Knowledge Organization,2017,article,Fidelia Ibekwe-Sanjuan,KNOWLEDGE ORGANIZATION,Kitchin 2014:forward,excluded_no_abstract,Exclude,triage,
https://openalex.org/W2564023335,https://doi.org/10.1016/j.gloplacha.2016.12.011,"GeoHumanities, GIScience and Smart City Lifeworld approaches to geography and the new human condition",2016,article,Charles Travis,Global and Planetary Change,Kitchin 2014:forward,excluded_no_abstract,Exclude,triage,
https://openalex.org/W2894069386,https://doi.org/10.1016/j.scitotenv.2018.09.349,Data-driven competitive facilitative tree interactions and their implications on nature-based solutions,2018,article,Aristides Moustakas,The Science of The Total Environment,Kitchin 2014:forward,excluded_no_abstract,Exclude,triage,
https://openalex.org/W2466406540,https://doi.org/10.1145/2935882,Big data analytics and revision of the common rule,2016,article,Jacob Metcalf,Communications of the ACM,Kitchin 2014:forward,excluded_no_abstract,Exclude,triage,
https://openalex.org/W2897757993,https://doi.org/10.1007/978-3-319-94069-4_14,"Trump, the First Facebook President: Why Politicians Need Our Data Too",2018,book-chapter,Jennifer Pybus,,Kitchin 2014:forward,excluded_no_abstract,Exclude,triage,
https://openalex.org/W3015498358,https://doi.org/10.1016/j.acap.2020.03.011,What Research Questions Should the Next Generation of Birth Cohort Studies Address? An International Delphi Study of Experts,2020,article,Ruth Brown,Academic Pediatrics,Kitchin 2014:forward,excluded_no_abstract,Exclude,triage,
https://openalex.org/W4210699376,https://doi.org/10.1007/978-3-030-88389-8_2,Epistemological Challenges,2022,book-chapter,Roman Egger,Tourism on the verge,Kitchin 2014:forward,excluded_no_abstract,Exclude,triage,
https://openalex.org/W2518595946,https://doi.org/10.1016/j.nedt.2016.08.003,‘Big Data in Nurse Education’,2016,article,Patricia Nayna Schwerdtle,Nurse Education Today,Kitchin 2014:forward,excluded_no_abstract,Exclude,triage,
https://openalex.org/W2518839609,https://doi.org/10.1016/j.geoforum.2016.09.005,Tsunami databases: The problems of acceptance and absence,2016,article,James Goff,Geoforum,Kitchin 2014:forward,excluded_no_abstract,Exclude,triage,
https://openalex.org/W3119441643,https://doi.org/10.1007/s12021-020-09508-1,Data-Theoretical Synthesis of the Early Developmental Process,2021,article,Bradly Alicea,Neuroinformatics,Kitchin 2014:forward,excluded_no_abstract,Exclude,triage,
https://openalex.org/W4210802033,https://doi.org/10.1007/978-3-030-88389-8_4,Data Science and Ethical Issues,2022,book-chapter,Roman Egger,Tourism on the verge,Kitchin 2014:forward,excluded_no_abstract,Exclude,triage,
https://openalex.org/W2988845574,https://doi.org/10.1108/s1479-367920190000038001,"Introduction: The Educational Intelligent Economy, Educational Intelligence, and Big Data",2019,book-chapter,Florin D. Salajan,International perspectives on education and society,Kitchin 2014:forward,excluded_no_abstract,Exclude,triage,
https://openalex.org/W3194473882,https://doi.org/10.1007/s10706-021-01921-w,An Exploratory Investigation into Image-Data-Driven Deep Learning for Stability Analysis of Geosystems,2021,article,Zhen Liu,Geotechnical and Geological Engineering,Kitchin 2014:forward,excluded_no_abstract,Exclude,triage,
https://openalex.org/W4210549584,https://doi.org/10.1007/978-3-030-88389-8_3,Data Science and Interdisciplinarity,2022,book-chapter,Roman Egger,Tourism on the verge,Kitchin 2014:forward,excluded_no_abstract,Exclude,triage,
https://openalex.org/W2945710090,https://doi.org/10.1007/s13194-019-0257-5,Complexity and integration. A philosophical analysis of how cancer complexity can be faced in the era of precision medicine,2019,article,Giovanni Boniolo,European Journal for Philosophy of Science,Kitchin 2014:forward,excluded_no_abstract,Exclude,triage,
https://openalex.org/W3120917228,https://doi.org/10.1007/978-981-33-4814-1_3,"Performativity, Datafication and the Techniques of Teacher Evaluation",2021,book-chapter,Jessica Holloway,,Kitchin 2014:forward,excluded_no_abstract,Exclude,triage,
https://openalex.org/W4312437247,https://doi.org/10.1007/978-981-19-5082-7_11,"Ethical, Legal and Social Aspects of Precision Medicine",2022,book-chapter,Maria Josefina Ruiz Alvarez,,Kitchin 2014:forward,excluded_no_abstract,Exclude,triage,
https://openalex.org/W2942113023,https://doi.org/10.1080/00167223.2019.1585893,Digital transdisciplinarity in land change science – integrating multiple types of digital data,2019,article,Gregor Levin,Geografisk Tidsskrift-Danish Journal of Geography,Kitchin 2014:forward,excluded_no_abstract,Exclude,triage,
https://openalex.org/W3098528078,https://doi.org/10.5805/sfti.2020.22.5.639,Trend Analysis on Clothing Care System of Consumer from Big Data,2020,article,Young‐Seok Koo,Fashion & Textile Research Journal,Kitchin 2014:forward,excluded_no_abstract,Exclude,triage,
https://openalex.org/W4214930144,https://doi.org/10.4000/belgeo.52627,Human and physical geography: can we learn something from the history of their relations?,2021,article,Christian Kesteloot,BELGEO,Kitchin 2014:forward,excluded_no_abstract,Exclude,triage,
https://openalex.org/W4220994253,https://doi.org/10.1007/978-3-030-82083-1_12,Identification of Adverse Operational Conditions in Sociotechnical Systems: AData Analytics Approach,2022,book-chapter,Taylan G. Topcu,,Kitchin 2014:forward,excluded_no_abstract,Exclude,triage,
https://openalex.org/W4245325624,https://doi.org/10.1007/978-3-030-02438-3_175,Visualizing Regional Language Variation Across Europe on Twitter,2019,book-chapter,Dirk Hovy,,Kitchin 2014:forward,excluded_no_abstract,Exclude,triage,
https://openalex.org/W4390966637,https://doi.org/10.1016/b978-0-323-99144-5.09001-6,"Ethical, legal, and social challenges of next-generation sequencing technologies (NGS) in forensic criminal identification",2024,book-chapter,Helena Machado,Elsevier eBooks,Kitchin 2014:forward,excluded_no_abstract,Exclude,triage,
https://openalex.org/W2902382486,https://doi.org/10.5772/intechopen.81049,"Introductory Chapter: Spatial Analysis, Modelling, and Planning",2018,book-chapter,José António Tenedório,IntechOpen eBooks,Kitchin 2014:forward,excluded_no_abstract,Exclude,triage,
https://openalex.org/W4309770615,https://doi.org/10.1016/j.techsoc.2022.102178,People watching: Abstractions and orthodoxies of monitoring,2022,article,Victoria Wang,Technology in Society,Kitchin 2014:forward,excluded_no_abstract,Exclude,triage,
https://openalex.org/W4405807737,https://doi.org/10.1016/j.drudis.2024.104280,Biomedical data analytics for better patient outcomes,2024,article,Alireza Ghofrani,Drug Discovery Today,Kitchin 2014:forward,excluded_no_abstract,Exclude,triage,
https://openalex.org/W3110489388,https://doi.org/10.1016/j.mechmat.2025.105317,On the application of Physically-Guided Neural Networks with Internal Variables to Continuum Problems,2025,article,Rubén Muñoz-Sierra,Mechanics of Materials,Kitchin 2014:forward,excluded_no_abstract,Exclude,triage,
https://openalex.org/W4387767643,https://doi.org/10.1007/978-3-031-39940-4_10,Spaces for Datafication: How Datafication Transforms Media Industries,2023,book-chapter,Aske Kammer,Future of business and finance,Kitchin 2014:forward,excluded_no_abstract,Exclude,triage,
https://openalex.org/W3127390965,https://doi.org/10.1007/s00146-021-01150-y,Data objects for knowing,2021,article,Fred Fonseca,AI & Society,Kitchin 2014:forward,excluded_no_abstract,Exclude,triage,
https://openalex.org/W2580117786,https://doi.org/10.1007/978-3-319-61043-6_12,Why Big Data Needs the Virtues,2017,book-chapter,Frances S. Grodzinsky,Philosophical studies series,Kitchin 2014:forward,excluded_no_abstract,Exclude,triage,
https://openalex.org/W2765105459,https://doi.org/10.1007/978-3-319-63787-7_3,Intersections of Technological and Regulatory Zones in Regenerative Medicine,2017,book-chapter,Linda F. Hogle,,Kitchin 2014:forward,excluded_no_abstract,Exclude,triage,
https://openalex.org/W2285811505,https://doi.org/10.1016/j.geoforum.2016.02.020,Big data and the historical sciences: A critique,2016,article,Malte C. Ebach,Geoforum,Kitchin 2014:forward,excluded_no_abstract,Exclude,triage,
https://openalex.org/W2911183522,https://doi.org/10.1007/978-3-030-04750-4_6,Mining Big Data for Tourist Hot Spots: Geographical Patterns of Online Footprints,2019,book-chapter,Luis Encalada-Abarca,Key challenges in geography,Kitchin 2014:forward,excluded_no_abstract,Exclude,triage,
https://openalex.org/W2529154320,https://doi.org/10.1007/978-3-319-40902-3_6,The Potential for Big Data to Improve Neighborhood-Level Census Data,2016,book-chapter,Seth Spielman,Springer geography,Kitchin 2014:forward,excluded_no_abstract,Exclude,triage,
https://openalex.org/W2564776550,https://doi.org/10.1007/978-3-319-40700-5_1,An Introduction to Innovative Methods in Media and Communication Research,2016,book-chapter,Sebastian Kubitschko,,Kitchin 2014:forward,excluded_no_abstract,Exclude,triage,
https://openalex.org/W2947950991,https://doi.org/10.1007/978-3-030-19581-6_4,Big Data: Hidden Challenges for a Fair Mobility Planning,2019,book-chapter,Paola Pucci,SpringerBriefs in applied sciences and technology,Kitchin 2014:forward,excluded_no_abstract,Exclude,triage,
https://openalex.org/W3008391109,https://doi.org/10.1007/978-3-030-29179-2_6,In Silico Clinical Trials: A Possible Response to Complexity in Pharmacology,2020,book-chapter,Federico Boem,Boston studies in the philosophy of science,Kitchin 2014:forward,excluded_no_abstract,Exclude,triage,
https://openalex.org/W4231753508,https://doi.org/10.1515/9783839447192-008,Deep Learning’s Governmentality,2019,book-chapter,Jonathan Roberge,transcript Verlag eBooks,Kitchin 2014:forward,excluded_no_abstract,Exclude,triage,
https://openalex.org/W4251806595,https://doi.org/10.1007/978-94-024-1555-1_39,Collaboration Between Social Sciences and Computer Science: Toward a Cross-Disciplinary Methodology for Studying Big Social Data from Online Communities,2019,book-chapter,Maude Bonenfant,,Kitchin 2014:forward,excluded_no_abstract,Exclude,triage,
https://openalex.org/W4281250824,https://doi.org/10.1007/s00521-022-07374-3,Consolidating incentivization in distributed neural network training via decentralized autonomous organization,2022,article,Spyridon Nikolaidis,Neural Computing and Applications,Kitchin 2014:forward,excluded_no_abstract,Exclude,triage,
https://openalex.org/W4309348237,https://doi.org/10.1007/s10460-022-10396-1,"Governing taste: data, temporality and everyday kiwifruit dry matter performances",2022,article,Matthew Henry,Agriculture and Human Values,Kitchin 2014:forward,excluded_no_abstract,Exclude,triage,
https://openalex.org/W2793656163,https://doi.org/10.1007/978-3-319-62731-1_33,The Contribution of Digital Sociology to the Investigation of Air Pollution,2017,book-chapter,Linda Lombi,,Kitchin 2014:forward,excluded_no_abstract,Exclude,triage,
https://openalex.org/W2894942131,https://doi.org/10.1007/978-981-13-6605-5_15,From Repositories to Switchboards: Local Governments as Open Data Facilitators,2019,book-chapter,Irina Anastasiu,,Kitchin 2014:forward,excluded_no_abstract,Exclude,triage,
https://openalex.org/W2962032024,https://doi.org/10.1016/b978-0-12-816169-2.00010-9,"The smart city of Changsha, China",2019,book-chapter,Qiaomei Yang,Elsevier eBooks,Kitchin 2014:forward,excluded_no_abstract,Exclude,triage,
https://openalex.org/W3194246519,https://doi.org/10.1007/978-3-030-73276-9_10,"Project Maven, Big Data, and Ubiquitous Knowledge: The Impossible Promises and Hidden Politics of Algorithmic Security Vision",2021,book-chapter,Simon Hogue,,Kitchin 2014:forward,excluded_no_abstract,Exclude,triage,
https://openalex.org/W4243821010,https://doi.org/10.1007/978-94-024-1555-1_15,"Blended Data: Critiquing and Complementing Social Media Datasets, Big and Small",2019,book-chapter,Sky Croeser,,Kitchin 2014:forward,excluded_no_abstract,Exclude,triage,
https://openalex.org/W4205225443,https://doi.org/10.1007/978-3-030-05324-6_29-1,Data Mining and Predictive Analytics for E-tourism,2022,book-chapter,Nuno António,,Kitchin 2014:forward,excluded_no_abstract,Exclude,triage,
https://openalex.org/W4313481487,https://doi.org/10.1007/978-3-031-20160-8_4,Harnessing Big Data for Business Innovation and Effective Business Decision Making,2023,book-chapter,Umair B. Chaudhry,Advanced sciences and technologies for security applications,Kitchin 2014:forward,excluded_no_abstract,Exclude,triage,
https://openalex.org/W4387645556,https://doi.org/10.1007/978-3-031-38719-7_4,A Paradigm Shift in Understanding Digital Objects in IS: A Semiotic Perspective on Artificial Intelligence Technologies,2023,book-chapter,Julia Kotlarsky,"Technology, work and globalization",Kitchin 2014:forward,excluded_no_abstract,Exclude,triage,
https://openalex.org/W2887024042,https://doi.org/10.1007/978-94-024-1202-4_39-1,Collaboration Between Social Sciences and Computer Science: Toward a Cross-Disciplinary Methodology for Studying Big Social Data from Online Communities,2018,book-chapter,Maude Bonenfant,,Kitchin 2014:forward,excluded_no_abstract,Exclude,triage,
https://openalex.org/W4294023396,https://doi.org/10.1007/978-3-030-48652-5_29,Data Mining and Predictive Analytics for E-Tourism,2022,book-chapter,Nuno António,,Kitchin 2014:forward,excluded_no_abstract,Exclude,triage,
https://openalex.org/W4319228952,https://doi.org/10.1007/s10708-023-10840-7,Continuum of space and place in digital manifestations: contours in digital spatiality,2023,article,Shekh Moinuddin,GeoJournal,Kitchin 2014:forward,excluded_no_abstract,Exclude,triage,
https://openalex.org/W3107108077,https://doi.org/10.1111/1467-8675.12541,A new traditional theory: Fetishizing big data analytics,2020,article,Murray Skees,Constellations,Kitchin 2014:forward,excluded_no_abstract,Exclude,triage,
https://openalex.org/W3119951180,https://doi.org/10.1007/978-981-33-4814-1_11,Democracy and Education: Why Pluralism Matters,2021,book-chapter,Jessica Holloway,,Kitchin 2014:forward,excluded_no_abstract,Exclude,triage,
https://openalex.org/W4225556973,https://doi.org/10.1007/978-3-031-05419-8_8,The Role of Internet and Open Access Journals in the Internationalisation of Geography,2022,book-chapter,Dénise Pumain,,Kitchin 2014:forward,excluded_no_abstract,Exclude,triage,
https://openalex.org/W4247885982,https://doi.org/10.1007/978-3-319-04033-2_3-1,Consilience,2015,book-chapter,Ullica Segerstråle,,Kitchin 2014:forward,excluded_no_abstract,Exclude,triage,
https://openalex.org/W4318261864,https://doi.org/10.1016/b978-0-323-91718-6.00007-4,"Smarter cities, smarter planning: an exploration into the role of planners within the smart city movement",2023,book-chapter,Aisling Friel,Elsevier eBooks,Kitchin 2014:forward,excluded_no_abstract,Exclude,triage,
https://openalex.org/W2919788167,https://doi.org/10.1007/978-3-658-22300-7_9,From Hardware to Software to Runtime: The Politics of (at Least) Three Digital Materialities,2019,book-chapter,Jan-Hendrik Passoth,,Kitchin 2014:forward,excluded_no_abstract,Exclude,triage,
https://openalex.org/W2947355545,https://doi.org/10.1007/978-3-319-73400-2_175-1,Visualizing Regional Language Variation Across Europe on Twitter,2019,book-chapter,Dirk Hovy,,Kitchin 2014:forward,excluded_no_abstract,Exclude,triage,
https://openalex.org/W3096769873,https://doi.org/10.1007/978-3-030-03008-7_77-1,Trusting Datification Through Labification,2020,book-chapter,Adam Wellstead,,Kitchin 2014:forward,excluded_no_abstract,Exclude,triage,
https://openalex.org/W3037513174,https://doi.org/10.1007/978-3-030-38577-4_3,User Tactics and Algorithms: A Digital Humanities Approach to YouTube and Tumblr,2020,book-chapter,Nicolle Lamerichs,,Kitchin 2014:forward,excluded_no_abstract,Exclude,triage,
https://openalex.org/W3048538608,https://doi.org/10.1007/978-3-030-47392-1_2,The Politics of Learning Analytics,2020,book-chapter,Reem Al-Mahmood,Advances in analytics for learning and teaching,Kitchin 2014:forward,excluded_no_abstract,Exclude,triage,
https://openalex.org/W3111793628,https://doi.org/10.1177/0268396220967677,The attack on understanding: How big data and theory have led us astray: A comment on Gary Smith’s Data Mining Fool’s Gold,2020,article,Rudy Hirschheim,Journal of Information Technology,Kitchin 2014:forward,excluded_no_abstract,Exclude,triage,
https://openalex.org/W4323527559,https://doi.org/10.1007/978-3-031-24193-2_10,How to Integrate Data Culture in HE: A Teaching Experience in a Digital Competence Course,2023,book-chapter,Montse Guitert Catasús,Higher education dynamics,Kitchin 2014:forward,excluded_no_abstract,Exclude,triage,
https://openalex.org/W2619922697,https://doi.org/10.1007/978-3-319-53817-4_5,Big Data Solutions to Interpreting Complex Systems in the Environment,2017,book-chapter,Hongmei Chi,Studies in big data,Kitchin 2014:forward,excluded_no_abstract,Exclude,triage,
https://openalex.org/W2963603967,https://doi.org/10.1007/978-3-030-21205-6_11,Digital Humanities and Big Microdata: New Approaches for Demographic Research,2019,book-chapter,Pier Francesco De Maria,,Kitchin 2014:forward,excluded_no_abstract,Exclude,triage,
https://openalex.org/W3204601206,https://doi.org/10.1007/978-3-030-53494-3_1,"National Security: Theories, Actors, Issues",2021,book-chapter,Michael Clarke,,Kitchin 2014:forward,excluded_no_abstract,Exclude,triage,
https://openalex.org/W4213035688,https://doi.org/10.1007/978-3-030-64573-1_243,"AIM, Philosophy, and Ethics",2022,book-chapter,Stephen Rainey,Artificial Intelligence in Medicine,Kitchin 2014:forward,excluded_no_abstract,Exclude,triage,
https://openalex.org/W4388297065,https://doi.org/10.1007/978-3-031-40956-1_11,From Big Data to Big Insights: A Synthesis of Real-World Applications of Big Data Analytics,2023,book-chapter,Mahesh S. Raisinghani,Transactions on computational science and computational intelligence,Kitchin 2014:forward,excluded_no_abstract,Exclude,triage,
https://openalex.org/W2909233625,https://doi.org/10.1007/978-981-13-3215-9_9,Big Data-Driven Public Service in the Twenty-First Century: The Politics of Big Data,2019,book-chapter,Max Everest‐Phillips,,Kitchin 2014:forward,excluded_no_abstract,Exclude,triage,
https://openalex.org/W3195131357,https://doi.org/10.1007/978-3-030-73276-9_1,"Automation, Knowledge, and Power: How Does Automation Change Social Control and the Balance of Power?",2021,book-chapter,Aleš Završník,,Kitchin 2014:forward,excluded_no_abstract,Exclude,triage,
https://openalex.org/W4297785672,https://doi.org/10.1007/s00146-022-01544-6,The scientist of the scientist,2022,article,Tomer Simon,AI & Society,Kitchin 2014:forward,excluded_no_abstract,Exclude,triage,
https://openalex.org/W4299501737,https://doi.org/10.1016/b978-0-12-812758-2.00011-8,Alternative and emerging storage practices and technologies,2022,book-chapter,Graham Thorpe,Elsevier eBooks,Kitchin 2014:forward,excluded_no_abstract,Exclude,triage,
https://openalex.org/W4362685427,https://doi.org/10.1680/dtsc.66007.005,City digital twins (CDTs): A reviving trend,2023,book-chapter,,,Kitchin 2014:forward,excluded_no_abstract,Exclude,triage,
https://openalex.org/W4389319372,https://doi.org/10.1007/978-3-031-36324-5_1,The Place and Value of Large-Scale Qualitative Data Analysis,2023,book-chapter,Susie Weller,,Kitchin 2014:forward,excluded_no_abstract,Exclude,triage,
https://openalex.org/W4392314040,https://doi.org/10.53973/jopa.2023.58.3.a4,Framework for Exchanging Data With Key Trading Partners to Boost Economic Activities in This Big Data Era,2023,article,Garikayi Emmanuel Gondo,Journal of Public Administration,Kitchin 2014:forward,excluded_no_abstract,Exclude,triage,
https://openalex.org/W4406199782,https://doi.org/10.1016/j.pce.2025.103862,Unlocking water management optimization: A data-driven exploration through bibliometric analysis,2025,article,Tiago Silveira Gontijo,Physics and Chemistry of the Earth Parts A/B/C,Kitchin 2014:forward,excluded_no_abstract,Exclude,triage,
https://openalex.org/W2999685275,https://doi.org/10.1007/978-3-030-36181-5_3,Heading Toward Integration: The Rise of the Human Machines,2020,book-chapter,Peter Bloom,,Kitchin 2014:forward,excluded_no_abstract,Exclude,triage,
https://openalex.org/W2324275700,https://doi.org/10.1016/j.geodrs.2016.03.004,"Soil data for biophysical models in Victoria, Australia: Current needs and future challenges",2016,article,Nigel J. Robinson,Geoderma Regional,Kitchin 2014:forward,excluded_no_abstract,Exclude,triage,
https://openalex.org/W2607096016,https://doi.org/10.1007/978-3-319-50547-3_19,"Human Capital Research in an Era of Big Data: Linking People with Firms, Cities and Regions",2017,book-chapter,K. Bruce Newbold,Advances in spatial science,Kitchin 2014:forward,excluded_no_abstract,Exclude,triage,
https://openalex.org/W2897442171,https://doi.org/10.25969/mediarep/12423,Towards a Reflexive Digital Data Analysis,2017,book-chapter,Karin van Es,MEDIAREP,Kitchin 2014:forward,excluded_no_abstract,Exclude,triage,
https://openalex.org/W2898341700,https://doi.org/10.1007/s00146-018-0868-y,An invitation to critical social science of big data: from critical theory and critical research to omniresistance,2018,article,Ulaş Başar Gezgin,AI & Society,Kitchin 2014:forward,excluded_no_abstract,Exclude,triage,
https://openalex.org/W3040675084,https://doi.org/10.1007/978-3-030-43965-1_9,"Music, Recommender Systems and the Techno-Politics of Platforms, Data, and Algorithms",2020,book-chapter,Jan-H. Passoth,Sociology of the sciences/Sociology of the sciences yearbook,Kitchin 2014:forward,excluded_no_abstract,Exclude,triage,
https://openalex.org/W3143695946,https://doi.org/10.1007/978-3-030-16065-4_20,Analyzing Big Data,2019,book-chapter,Balázs Bodó,,Kitchin 2014:forward,excluded_no_abstract,Exclude,triage,
https://openalex.org/W2323458558,https://doi.org/10.1007/978-3-319-25127-1_1,Introduction: Data Science and BigData Computing,2015,book-chapter,Li M. Chen,,Kitchin 2014:forward,excluded_no_abstract,Exclude,triage,
https://openalex.org/W2467013259,https://doi.org/10.1007/978-3-319-30319-2_7,Hyperelastic-Based Adaptive Dynamics Methodology in Knowledge Acquisition for Computational Intelligence on Ontology Engineering of Evolving Folksonomy Driven Environment,2016,book-chapter,Massimiliano Dal Mas,Studies in computational intelligence,Kitchin 2014:forward,excluded_no_abstract,Exclude,triage,
https://openalex.org/W2534779549,https://doi.org/10.1201/9781315368061-2,Taming the Realm of Big Data Analytics: Acclamation or Disaffection?,2016,book-chapter,,,Kitchin 2014:forward,excluded_no_abstract,Exclude,triage,
https://openalex.org/W2605509843,https://doi.org/10.1007/978-3-319-52703-1_5,Big Data—Fighting Organized Crime Threats While Preserving Privacy,2017,book-chapter,Anne Gerdes,,Kitchin 2014:forward,excluded_no_abstract,Exclude,triage,
https://openalex.org/W2769666534,https://doi.org/10.1007/978-3-319-59186-5_2,Accessibility and Flexibility: Two Organizing Principles for Big Data Collaboration,2017,book-chapter,Libby Hemphill,Computational social sciences,Kitchin 2014:forward,excluded_no_abstract,Exclude,triage,
https://openalex.org/W2811987931,https://doi.org/10.1007/978-94-024-1555-1_2,Spatial Analysis Meets Internet Research,2019,book-chapter,Marco Bastos,,Kitchin 2014:forward,excluded_no_abstract,Exclude,triage,
https://openalex.org/W2901199155,https://doi.org/10.1007/978-3-319-95465-3_19,A Posthumanist Reflection on the Digital Humanities and Social Sciences,2018,book-chapter,Chia-Rong Tsao,Computational social sciences,Kitchin 2014:forward,excluded_no_abstract,Exclude,triage,
https://openalex.org/W2955331145,https://doi.org/10.1007/978-3-030-16788-2_4,Ethical Issues and Legal Frameworks in the Big Data Debate,2019,book-chapter,María Cristina Paganoni,,Kitchin 2014:forward,excluded_no_abstract,Exclude,triage,
https://openalex.org/W3044092000,https://doi.org/10.1007/698_2020_609,A Bird’s-Eye View of Data Validation in the Drinking Water Industry of the Netherlands,2020,book-chapter,Mario Castro-Gama,The handbook of environmental chemistry,Kitchin 2014:forward,excluded_no_abstract,Exclude,triage,
https://openalex.org/W3096217029,,Enabling Ontology-Based Data Access to Project Gutenberg.,2020,article,Mattia Egloff,IRIS,Kitchin 2014:forward,excluded_no_abstract,Exclude,triage,
https://openalex.org/W3183877407,https://doi.org/10.1016/j.biocon.2021.109255,Conservation culturomics: Don't throw the baby out with the bathwater,2021,article,Richard J. Ladle,Biological Conservation,Kitchin 2014:forward,excluded_no_abstract,Exclude,triage,
https://openalex.org/W3204250219,https://doi.org/10.1007/978-3-030-58080-3_243-1,"AIM, Philosophy and Ethics",2021,book-chapter,Stephen Rainey,Artificial Intelligence in Medicine,Kitchin 2014:forward,excluded_no_abstract,Exclude,triage,
https://openalex.org/W4200242178,https://doi.org/10.1016/b978-0-12-816341-2.00010-1,CTDA methodology,2021,book-chapter,Jiaping Wu,Elsevier eBooks,Kitchin 2014:forward,excluded_no_abstract,Exclude,triage,
https://openalex.org/W4210340744,https://doi.org/10.1007/978-3-030-29980-4_77,Trusting Datification Through Labification,2021,book-chapter,Adam Wellstead,,Kitchin 2014:forward,excluded_no_abstract,Exclude,triage,
https://openalex.org/W4226526324,https://doi.org/10.1007/978-3-030-95427-7_2,Digital Health Research and Health Data Pools,2022,book-chapter,Giulia Schneider,Munich studies on innovation and competition,Kitchin 2014:forward,excluded_no_abstract,Exclude,triage,
https://openalex.org/W4239099067,https://doi.org/10.1007/978-94-024-1202-4_2-1,Spatial Analysis Meets Internet Research,2018,book-chapter,Marco Bastos,,Kitchin 2014:forward,excluded_no_abstract,Exclude,triage,
https://openalex.org/W4247223313,https://doi.org/10.1007/978-94-024-1555-1_16,Big Capta?,2019,book-chapter,Jeremy Hunsinger,,Kitchin 2014:forward,excluded_no_abstract,Exclude,triage,
https://openalex.org/W4248360082,https://doi.org/10.1007/978-3-319-55477-8_1,Introduction,2017,book-chapter,Enrica Amaturo,"Studies in classification, data analysis, and knowledge organization",Kitchin 2014:forward,excluded_no_abstract,Exclude,triage,
https://openalex.org/W4285108422,https://doi.org/10.1007/978-3-030-98805-0_9,Information Modelling in Context,2022,book-chapter,Paul Beynon‐Davies,,Kitchin 2014:forward,excluded_no_abstract,Exclude,triage,
https://openalex.org/W4285260035,https://doi.org/10.1007/978-3-030-90324-4_62,The Conceptual Framework of Digital Society: Discourses and Regional Trends,2022,book-chapter,Viktor Reutov,"Advances in Science, Technology & Innovation/Advances in science, technology & innovation",Kitchin 2014:forward,excluded_no_abstract,Exclude,triage,
https://openalex.org/W4362683972,https://doi.org/10.1680/dtsc.66007.001,"City Digital Twins: Fundamentals, conceptualisation and challenges",2023,book-chapter,,,Kitchin 2014:forward,excluded_no_abstract,Exclude,triage,
https://openalex.org/W4362683974,https://doi.org/10.1680/dtsc.66007.031,Case studies: City-scale digital twins,2023,book-chapter,,,Kitchin 2014:forward,excluded_no_abstract,Exclude,triage,
https://openalex.org/W4362685472,https://doi.org/10.1680/dtsc.66007.123,Comparison of City Digital Twin case studies,2023,book-chapter,,,Kitchin 2014:forward,excluded_no_abstract,Exclude,triage,
https://openalex.org/W4384284518,https://doi.org/10.1007/978-3-031-31549-7_10,Police and Court Interventions for Family Violence: Evidence-Based Practices,2023,book-chapter,Darren Walton,,Kitchin 2014:forward,excluded_no_abstract,Exclude,triage,
https://openalex.org/W4384699905,https://doi.org/10.1016/j.tele.2023.102021,"A social mapping of Swedish environment-focussed Facebook groups: The principles, methods and implementation of a mapping project",2023,article,Vaia Doudaki,Telematics and Informatics,Kitchin 2014:forward,excluded_no_abstract,Exclude,triage,
https://openalex.org/W4393010939,https://doi.org/10.1007/978-3-031-55744-6_4,Ethical Foundations: Medical Ethics and Data Ethics,2024,book-chapter,Giovanni Rubeis,"The International library of ethics, law and technology",Kitchin 2014:forward,excluded_no_abstract,Exclude,triage,
https://openalex.org/W2884394061,https://doi.org/10.1007/978-94-024-1202-4_15-1,"Blended Data: Critiquing and Complementing Social Media Datasets, Big and Small",2018,book-chapter,Sky Croeser,,Kitchin 2014:forward,excluded_no_abstract,Exclude,triage,
https://openalex.org/W4226093473,https://doi.org/10.1007/978-3-030-94415-5_13,Fostering the ‘Promising Student’ at the Outset. The Digitization and Management of Student Success in the Competitive University,2022,book-chapter,Christiane Thompson,Educational governance research,Kitchin 2014:forward,excluded_no_abstract,Exclude,triage,
https://openalex.org/W4396972482,https://doi.org/10.56687/9781447329022-004,Introduction,2016,book-chapter,Karen Gregory,Policy Press eBooks,Kitchin 2014:forward,excluded_no_abstract,Exclude,triage,
https://openalex.org/W2189792521,https://doi.org/10.6083/m4k35smm,"Understanding what's ""under the hood"" : increasing accessibility in omics research",2015,article,Janice Patterson,OHSU Digital Commons,Kitchin 2014:forward,excluded_no_abstract,Exclude,triage,
https://openalex.org/W2344487872,https://doi.org/10.1007/978-3-319-17106-7_4,"Systems Biology, Information Technology, and Cancer Research",2015,book-chapter,Imme Petersen,,Kitchin 2014:forward,excluded_no_abstract,Exclude,triage,
https://openalex.org/W237379918,https://doi.org/10.1007/978-3-319-14833-5_4,Implications for Traditional Data Sources,2015,book-chapter,Paola Pucci,SpringerBriefs in applied sciences and technology,Kitchin 2014:forward,excluded_no_abstract,Exclude,triage,
https://openalex.org/W2622490517,https://doi.org/10.1007/978-3-319-51058-3_9,‘The Times They Are a Changin’: Digital Storytelling as a Catalyst for an Ideological Revolution in Health-Care Research,2017,book-chapter,Carol Haigh,,Kitchin 2014:forward,excluded_no_abstract,Exclude,triage,
https://openalex.org/W2750140890,https://doi.org/10.1016/b978-0-12-804603-6.00002-4,Environment Sensors Measures Processing: Integrating Real-Time and Spreadsheet-Based Data Analysis,2017,book-chapter,Massimo Maresca,Elsevier eBooks,Kitchin 2014:forward,excluded_no_abstract,Exclude,triage,
https://openalex.org/W2810622320,https://doi.org/10.1007/978-3-319-75453-6_20,Data-Intensive Alternatives for Human Adaptation to Coastal Change,2018,book-chapter,Arthur G. Cosby,Coastal research library,Kitchin 2014:forward,excluded_no_abstract,Exclude,triage,
https://openalex.org/W2888007634,https://doi.org/10.1016/b978-0-12-813764-2.00007-6,The Impact of Big Data on Beginning of Life Issues,2018,book-chapter,Darío Sacchini,Elsevier eBooks,Kitchin 2014:forward,excluded_no_abstract,Exclude,triage,
https://openalex.org/W2938917859,https://doi.org/10.1007/978-3-319-70875-1_9,Consumption Data in the Built Environment: A Concept Study Using Social Translucence Theory,2019,book-chapter,Mary Barreto,Springer series in adaptive environments,Kitchin 2014:forward,excluded_no_abstract,Exclude,triage,
https://openalex.org/W2954798293,https://doi.org/10.1007/978-3-030-16788-2_1,Big Data in Discourse,2019,book-chapter,María Cristina Paganoni,,Kitchin 2014:forward,excluded_no_abstract,Exclude,triage,
https://openalex.org/W2975903104,https://doi.org/10.1007/978-981-13-9652-6_16,Smart City Community Engagement Through Learning,2019,book-chapter,Ilpo Laitinen,"Smart innovation, systems and technologies",Kitchin 2014:forward,excluded_no_abstract,Exclude,triage,
https://openalex.org/W2979964029,https://doi.org/10.1007/978-3-030-17152-0_3,Do We Need a Critical Evaluation of the Role of Mathematics in Data Science?,2019,book-chapter,Patrick Allo,Digital ethics lab yearbook,Kitchin 2014:forward,excluded_no_abstract,Exclude,triage,
https://openalex.org/W2986757619,https://doi.org/10.1007/978-3-030-31780-5_4,The Courts as Gatekeeper of Big Data Evidence,2019,book-chapter,Dwight Steward,Palgrave advances in the economics of innovation and technology,Kitchin 2014:forward,excluded_no_abstract,Exclude,triage,
https://openalex.org/W3045664889,https://doi.org/10.1007/978-3-658-27110-7_5,New Approach to the Economic Measurement in Terms of Digital Economy,2020,book-chapter,Andrey Shevandrin,,Kitchin 2014:forward,excluded_no_abstract,Exclude,triage,
https://openalex.org/W3110205947,https://doi.org/10.1007/978-3-030-60358-8_1,Social Data Science Xennials,2020,book-chapter,Gian Marco Campagnolo,,Kitchin 2014:forward,excluded_no_abstract,Exclude,triage,
https://openalex.org/W3138311426,https://doi.org/10.1007/978-981-16-0282-5_2,Background of Algorithmic Government,2021,book-chapter,Rajan Gupta,,Kitchin 2014:forward,excluded_no_abstract,Exclude,triage,
https://openalex.org/W3158308851,,Big Data: Current Trends And Best Data Processing Techniques,2021,article,Jorge E. Jiménez,International journal of scientific and technology research,Kitchin 2014:forward,excluded_no_abstract,Exclude,triage,
https://openalex.org/W3161151526,https://doi.org/10.1007/978-3-030-55462-0_23,The 4th Paradigm in Multiscale Data Representation: Modernizing the National Geospatial Data Infrastructure,2021,book-chapter,Barbara P. Buttenfield,,Kitchin 2014:forward,excluded_no_abstract,Exclude,triage,
https://openalex.org/W3183808860,,The Epistemological Dimension of Algorithms,2021,article,Wiebke Loosen,Constructivist Foundations,Kitchin 2014:forward,excluded_no_abstract,Exclude,triage,
https://openalex.org/W3190188127,https://doi.org/10.1007/978-3-030-74837-1_5,"Data-Driven Technologies in Justice Systems: Intersections of Power, Data Configurations, and Knowledge Production",2021,book-chapter,Pamela Ugwudike,,Kitchin 2014:forward,excluded_no_abstract,Exclude,triage,
https://openalex.org/W3205231608,https://doi.org/10.33933/2713-3001-2021-64-493-514,The application of big data ideology to the analysis of teleconnections and forecasting of the fishery regions condition in the Atlantic and Pacific oceans,2021,article,Oleg Krasnoborodko,,Kitchin 2014:forward,excluded_no_abstract,Exclude,triage,
https://openalex.org/W3213132342,https://doi.org/10.1016/b978-0-12-824475-3.00006-0,Roles and education of information and data professionals,2021,book-chapter,Tibor Koltay,Elsevier eBooks,Kitchin 2014:forward,excluded_no_abstract,Exclude,triage,
https://openalex.org/W3213635328,https://doi.org/10.1016/b978-0-12-824475-3.00003-5,"Information, data, text, document",2021,book-chapter,Tibor Koltay,Elsevier eBooks,Kitchin 2014:forward,excluded_no_abstract,Exclude,triage,
https://openalex.org/W3213765650,https://doi.org/10.1016/b978-0-12-824475-3.00005-9,New literacies in the age of convergence,2021,book-chapter,Tibor Koltay,Elsevier eBooks,Kitchin 2014:forward,excluded_no_abstract,Exclude,triage,
https://openalex.org/W4206582447,https://doi.org/10.1017/9781108891325.002,Introduction: Theoretical Perspectives,2021,book-chapter,Uta Kohl,Cambridge University Press eBooks,Kitchin 2014:forward,excluded_no_abstract,Exclude,triage,
https://openalex.org/W4210989728,https://doi.org/10.1057/978-1-137-55216-7_9,Researching Texts,2017,book-chapter,Ina Bertrand,,Kitchin 2014:forward,excluded_no_abstract,Exclude,triage,
https://openalex.org/W4212799266,https://doi.org/10.1215/9781478022725-003,The Racial Politics of Settlers,2022,book-chapter,,,Kitchin 2014:forward,excluded_no_abstract,Exclude,triage,
https://openalex.org/W4212931144,https://doi.org/10.1215/9781478022725-004,"Engineering, Archives, and Experts",2022,book-chapter,,,Kitchin 2014:forward,excluded_no_abstract,Exclude,triage,
https://openalex.org/W4212944144,https://doi.org/10.1215/9781478022725-009,Materializing Race and Climate Change,2022,book-chapter,,,Kitchin 2014:forward,excluded_no_abstract,Exclude,triage,
https://openalex.org/W4212995913,https://doi.org/10.1215/9781478022725-007,Accountability and the Militarization of Technoscience,2022,book-chapter,,,Kitchin 2014:forward,excluded_no_abstract,Exclude,triage,
https://openalex.org/W4213079720,https://doi.org/10.1215/9781478022725-002,Disaster Evidence,2022,book-chapter,,,Kitchin 2014:forward,excluded_no_abstract,Exclude,triage,
https://openalex.org/W4213219644,https://doi.org/10.1215/9781478022725-008,The Ordinary,2022,book-chapter,,,Kitchin 2014:forward,excluded_no_abstract,Exclude,triage,
https://openalex.org/W4230519316,https://doi.org/10.1007/978-94-024-1202-4_16-1,Big Capta?,2018,book-chapter,Jeremy Hunsinger,,Kitchin 2014:forward,excluded_no_abstract,Exclude,triage,
https://openalex.org/W4233440937,https://doi.org/10.1007/978-3-030-24925-0_1,Introduction,2019,book-chapter,Jerome W. Crowder,,Kitchin 2014:forward,excluded_no_abstract,Exclude,triage,
https://openalex.org/W4235083815,https://doi.org/10.1007/978-3-030-55601-3_6,Data Analytics,2020,book-chapter,Stephanie Pincetl,,Kitchin 2014:forward,excluded_no_abstract,Exclude,triage,
https://openalex.org/W4236638871,https://doi.org/10.1007/978-3-030-35930-0_6,Data Features,2020,book-chapter,Farhad Balali,,Kitchin 2014:forward,excluded_no_abstract,Exclude,triage,
https://openalex.org/W4249362773,https://doi.org/10.1007/978-3-030-60358-8_4,Participative Epistemology,2020,book-chapter,Gian Marco Campagnolo,,Kitchin 2014:forward,excluded_no_abstract,Exclude,triage,
https://openalex.org/W4251304753,https://doi.org/10.1057/978-1-137-55216-7_4,Gathering Data on Audiences,2017,book-chapter,Ina Bertrand,,Kitchin 2014:forward,excluded_no_abstract,Exclude,triage,
https://openalex.org/W4283366024,https://doi.org/10.1215/9781478022725-006,Love Stories,2022,book-chapter,,,Kitchin 2014:forward,excluded_no_abstract,Exclude,triage,
https://openalex.org/W4283396956,https://doi.org/10.1215/9781478022725-005,Compensation and Resettlement,2022,book-chapter,,,Kitchin 2014:forward,excluded_no_abstract,Exclude,triage,
https://openalex.org/W4286459398,https://doi.org/10.36253/978-88-5518-602-5.03,"Piattaforme digitali, (big) data, spazio dei flussi/luoghi",2022,book-chapter,Antonello Romano,Strumenti per la didattica e la ricerca,Kitchin 2014:forward,excluded_no_abstract,Exclude,triage,
https://openalex.org/W4291720225,https://doi.org/10.1007/978-3-031-05883-7_4,Complexity and Integration,2022,book-chapter,Raffaella Campaner,European studies in philosophy of science,Kitchin 2014:forward,excluded_no_abstract,Exclude,triage,
https://openalex.org/W4294316022,https://doi.org/10.1007/978-3-030-43718-3_4,Representations of Organizational Events,2022,book-chapter,Eliezer Geisler,,Kitchin 2014:forward,excluded_no_abstract,Exclude,triage,
https://openalex.org/W4313900842,https://doi.org/10.1007/978-3-031-08306-8_12,Digital Societies,2022,book-chapter,Giampietro Gobo,Science Technology and Society,Kitchin 2014:forward,excluded_no_abstract,Exclude,triage,
https://openalex.org/W4362683954,https://doi.org/10.1680/dtsc.66007.097,Case studies: Digital twins of subterranean assets,2023,book-chapter,,,Kitchin 2014:forward,excluded_no_abstract,Exclude,triage,
https://openalex.org/W4362683955,https://doi.org/10.1680/dtsc.66007.121,Comparison of City Digital Twin case studies,2023,book-chapter,,,Kitchin 2014:forward,excluded_no_abstract,Exclude,triage,
https://openalex.org/W4362683958,https://doi.org/10.1680/dtsc.66007.021,Practical challenges for city digital twin (CDT) development,2023,book-chapter,,,Kitchin 2014:forward,excluded_no_abstract,Exclude,triage,
https://openalex.org/W4362685501,https://doi.org/10.1680/dtsc.66007.013,Conceptualising city digital twins (CDTs),2023,book-chapter,Li Wan,,Kitchin 2014:forward,excluded_no_abstract,Exclude,triage,
https://openalex.org/W4362685542,https://doi.org/10.1680/dtsc.66007.003,Introduction,2023,book-chapter,,,Kitchin 2014:forward,excluded_no_abstract,Exclude,triage,
https://openalex.org/W4362685566,https://doi.org/10.1680/dtsc.66007.029,City Digital Twins: Case studies,2023,book-chapter,,,Kitchin 2014:forward,excluded_no_abstract,Exclude,triage,
https://openalex.org/W4362685594,https://doi.org/10.1680/dtsc.66007.069,Case studies: District-scale digital twins,2023,book-chapter,,,Kitchin 2014:forward,excluded_no_abstract,Exclude,triage,
https://openalex.org/W4365790163,https://doi.org/10.1007/978-3-030-16960-2_9-1,Climate Research and Big Data,2023,book-chapter,Benedikt Knüsel,Handbooks in philosophy,Kitchin 2014:forward,excluded_no_abstract,Exclude,triage,
https://openalex.org/W4368249438,https://doi.org/10.1007/978-3-031-27170-0_2,Research Contexts,2023,book-chapter,Stephen Rainey,,Kitchin 2014:forward,excluded_no_abstract,Exclude,triage,
https://openalex.org/W4382657873,https://doi.org/10.1007/978-3-031-26568-6_3,Metaphors We Nudge By: Reflections on the Impact of Predictive Algorithms on our Self-understanding,2023,book-chapter,Jos de Mul,,Kitchin 2014:forward,excluded_no_abstract,Exclude,triage,
https://openalex.org/W4384789121,https://doi.org/10.1007/978-981-99-2695-4_3,Fostering Sustainable Urban Futures Through Twitter Public Space,2023,book-chapter,Paola Monachesi,Urban sustainability,Kitchin 2014:forward,excluded_no_abstract,Exclude,triage,
https://openalex.org/W4385980237,https://doi.org/10.1016/b978-0-443-19045-2.00016-7,The impact of “Big Data” on beginning-of-life issues,2023,book-chapter,Darío Sacchini,Elsevier eBooks,Kitchin 2014:forward,excluded_no_abstract,Exclude,triage,
https://openalex.org/W4386043562,https://doi.org/10.1007/978-3-031-25910-4_70,NBIC,2023,book-chapter,Édouard Kleinpeter,,Kitchin 2014:forward,excluded_no_abstract,Exclude,triage,
https://openalex.org/W4388642446,https://doi.org/10.1007/978-981-99-4153-7_13,"Realism, Science, Statistics, and Data Science",2023,book-chapter,Yoshiyuki Takeuchi,Translational systems sciences,Kitchin 2014:forward,excluded_no_abstract,Exclude,triage,
https://openalex.org/W4388970540,https://doi.org/10.1007/978-3-031-07002-0_9,Climate Research and Big Data,2023,book-chapter,Benedikt Knüsel,Handbooks in philosophy,Kitchin 2014:forward,excluded_no_abstract,Exclude,triage,
https://openalex.org/W4389059301,https://doi.org/10.14361/9783839467664-013,Media and the transformative potential of AI in the scientific field,2023,book-chapter,Andreas Sudmann,AI critique,Kitchin 2014:forward,excluded_no_abstract,Exclude,triage,
https://openalex.org/W4389676264,https://doi.org/10.1515/9781805390336-011,Conclusion. Studying Cryptopolitics,2023,book-chapter,Daivi Rodima‐Taylor,Berghahn Books,Kitchin 2014:forward,excluded_no_abstract,Exclude,triage,
https://openalex.org/W4390482889,https://doi.org/10.1007/978-3-031-49222-8_4,Big Social Research in Practice,2024,book-chapter,Sara Mannheimer,"Synthesis lectures on information concepts, retrieval, and services",Kitchin 2014:forward,excluded_no_abstract,Exclude,triage,
https://openalex.org/W4393107139,https://doi.org/10.1007/978-3-031-43230-9_4,E-Public Services,2024,book-chapter,Tony Kinder,Springer texts in business and economics,Kitchin 2014:forward,excluded_no_abstract,Exclude,triage,
https://openalex.org/W4402460971,https://doi.org/10.1007/978-981-97-5116-7_4,Population Distribution and Migration Patterns,2024,book-chapter,Seyed Navid Mashhadi Moghaddam,City development,Kitchin 2014:forward,excluded_no_abstract,Exclude,triage,
https://openalex.org/W4402696402,https://doi.org/10.1007/978-3-031-66842-5_11,Customer Relationship Management in Healthcare: A Case Study of a Large Hospital in Southern Taiwan Using Fuzzy C-means Clustering,2024,book-chapter,Yi‐Hui Liang,Studies in big data,Kitchin 2014:forward,excluded_no_abstract,Exclude,triage,
https://openalex.org/W4403784909,https://doi.org/10.1007/978-3-031-71371-2_1,The New Corporate Data Ecosystem,2024,book-chapter,Federica De Santis,,Kitchin 2014:forward,excluded_no_abstract,Exclude,triage,
https://openalex.org/W4404926703,https://doi.org/10.1007/978-3-031-69518-6_3,Data Quality,2024,book-chapter,Klaus Solberg Söilen,Springer texts in business and economics,Kitchin 2014:forward,excluded_no_abstract,Exclude,triage,
https://openalex.org/W4405573957,https://doi.org/10.1007/978-3-658-08460-8_102-1,Big Data from the South(s): Beyond Data Universalism,2024,book-chapter,Stefanía Milan,Springer Reference Sozialwissenschaften,Kitchin 2014:forward,excluded_no_abstract,Exclude,triage,
https://openalex.org/W4406018604,https://doi.org/10.1007/978-981-97-4734-4_6,Feminism and Digital Spaces,2024,book-chapter,Abdul Shaban,,Kitchin 2014:forward,excluded_no_abstract,Exclude,triage,
https://openalex.org/W4407690482,https://doi.org/10.1007/s10708-025-11300-0,The spatial turn in internet of things: a digital contouring,2025,article,Shekh Moinuddin,GeoJournal,Kitchin 2014:forward,excluded_no_abstract,Exclude,triage,
https://openalex.org/W4408706518,https://doi.org/10.1057/s41292-025-00350-9,"“An entire career in 10 seconds”: on protein chemistry, AI, and the threat of obsolescence",2025,article,Talia Dan‐Cohen,BioSocieties,Kitchin 2014:forward,excluded_no_abstract,Exclude,triage,
https://openalex.org/W4409051193,https://doi.org/10.1016/b978-0-443-34127-4.00003-5,Revolutionizing technologies: Exploring smart concepts’ tools,2025,book-chapter,Abdullah Alfaiz,Elsevier eBooks,Kitchin 2014:forward,excluded_no_abstract,Exclude,triage,
https://openalex.org/W4409051226,https://doi.org/10.1016/b978-0-443-34127-4.00001-1,Smart evolution: Harnessing smart solutions for sustainable growth,2025,book-chapter,Abdullah Alfaiz,Elsevier eBooks,Kitchin 2014:forward,excluded_no_abstract,Exclude,triage,
https://openalex.org/W4409314813,https://doi.org/10.1007/978-3-031-81140-1_14,Marx and Public Services for Cities,2025,book-chapter,Tony Kinder,Contributions to Public Administration and Public Policy,Kitchin 2014:forward,excluded_no_abstract,Exclude,triage,
https://openalex.org/W4409835244,https://doi.org/10.1007/978-3-031-85887-1_8,Thinking Machines,2025,book-chapter,Wessel Reijers,Palgrave philosophy today,Kitchin 2014:forward,excluded_no_abstract,Exclude,triage,
https://openalex.org/W4410512422,https://doi.org/10.1007/978-981-96-1437-0_6,Digital Sustainability and Risk Assessment: Towards Integrated and Systemic Approaches,2025,book-chapter,Maria Laura Ilardo,,Kitchin 2014:forward,excluded_no_abstract,Exclude,triage,
https://openalex.org/W4410863623,https://doi.org/10.1007/978-3-031-80388-8_23,"Education in the Technological Age: The Conflux of Technology, Education, and Science",2025,book-chapter,Victor Tan Chee Shien,Learning and analytics in intelligent systems,Kitchin 2014:forward,excluded_no_abstract,Exclude,triage,
https://openalex.org/W4412066570,https://doi.org/10.69473/iasr.2025.28.2.204,Digital-Algorithmic Urban Governmentality: ‘Borders Through Cities’ and ‘Cities Through Borders’,2025,article,Weejun Park,International Area Studies Review,Kitchin 2014:forward,excluded_no_abstract,Exclude,triage,
https://openalex.org/W4412173067,https://doi.org/10.1007/978-981-96-8015-3_11,Pixel by Pixel: Constructing Smart Cities with AI Building Blocks,2025,book-chapter,Lukas Kopac,,Kitchin 2014:forward,excluded_no_abstract,Exclude,triage,
https://openalex.org/W4412362051,https://doi.org/10.1007/978-981-96-1317-5_10,Digital Sociology: Dawn and Development,2025,book-chapter,Abdul Matin,,Kitchin 2014:forward,excluded_no_abstract,Exclude,triage,
https://openalex.org/W4412767602,https://doi.org/10.1007/978-3-031-87421-5_18,GeoAI and Urban Geography,2025,book-chapter,Pengyuan Liu,Springer geography,Kitchin 2014:forward,excluded_no_abstract,Exclude,triage,
https://openalex.org/W4412789953,https://doi.org/10.1007/978-3-031-93841-2_9,What Is Big Data?,2025,book-chapter,Bastiaan Bruinsma,Contributions to political science,Kitchin 2014:forward,excluded_no_abstract,Exclude,triage,
https://openalex.org/W4413098366,https://doi.org/10.1007/978-981-96-4182-6_9,"Contextualizing Disaster Risk Reduction Through Digital Inclusion of the Vulnerable Groups at Yogyakarta, Indonesia",2025,book-chapter,Dyah Rahmawati Hizbaron,Sustainable development goals series,Kitchin 2014:forward,excluded_no_abstract,Exclude,triage,
https://openalex.org/W4413175380,https://doi.org/10.1007/978-3-031-95469-6_5,Marx and Digital Class Consciousness in the Age of Digital Work,2025,book-chapter,Bhabani Shankar Nayak,Radical theologies and philosophies,Kitchin 2014:forward,excluded_no_abstract,Exclude,triage,
https://openalex.org/W4414545991,https://doi.org/10.1007/978-981-96-7434-3_10,Examining the Efficacy and Ethical Implications of Predictive Policing Deployment in Indian Law Enforcement: A Critical Inquiry,2025,book-chapter,Nilanjan Chakraborty,"Accounting, finance, sustainability, governance & fraud",Kitchin 2014:forward,excluded_no_abstract,Exclude,triage,
https://openalex.org/W4414774435,https://doi.org/10.1016/j.jenvman.2025.127469,Assessment of Urban Space Green Use Efficiency based on the three-dimensional urban sprawl perspective,2025,article,Hao Su,Journal of Environmental Management,Kitchin 2014:forward,excluded_no_abstract,Exclude,triage,
https://openalex.org/W4415340286,https://doi.org/10.1007/978-981-95-1349-9_10,Democratizing Advanced AI Methods in Post-participation: From Citizen Data to Decision-Making,2025,book-chapter,Cem Ataman,Urban sustainability,Kitchin 2014:forward,excluded_no_abstract,Exclude,triage,
https://openalex.org/W4416246252,https://doi.org/10.1007/978-981-95-1707-7_4,Making Population in Accounting for Mortality in the Million Death Study,2025,book-chapter,Erik Aarden,"Health, technology and society",Kitchin 2014:forward,excluded_no_abstract,Exclude,triage,
https://openalex.org/W4416439396,https://doi.org/10.1016/j.autcon.2025.106668,Text-mining framework for domain-specific dictionaries in hospital building maintenance requests,2025,article,Ismael Weber,Automation in Construction,Kitchin 2014:forward,excluded_no_abstract,Exclude,triage,
https://openalex.org/W7118024017,https://doi.org/10.1007/978-3-032-09275-5_5,"Digital Traces, Big Data and Epistemological Shifts",2025,book-chapter,Richard Kjellgren,"Transnational crime, crime control and security",Kitchin 2014:forward,excluded_no_abstract,Exclude,triage,
https://openalex.org/W2006770623,https://doi.org/10.1016/j.polgeo.2012.12.009,Secure the volume: Vertical geopolitics and the depth of power,2013,article,Stuart Elden,Political Geography,Weizman 2007:forward,excluded_no_abstract,Exclude,triage,
https://openalex.org/W2791651947,https://doi.org/10.1016/j.polgeo.2018.03.001,Terrain as insurgent weapon: An affective geometry of warfare in the mountains of Afghanistan,2018,article,Gastón Gordillo,Political Geography,Weizman 2007:forward,excluded_no_abstract,Exclude,triage,
https://openalex.org/W2046217814,https://doi.org/10.1016/j.polgeo.2011.08.002,Enabling persistent presence? Performing the embodied geopolitics of the Unmanned Aerial Vehicle assemblage,2011,article,Alison Williams,Political Geography,Weizman 2007:forward,excluded_no_abstract,Exclude,triage,
https://openalex.org/W2284167319,https://doi.org/10.1016/j.polgeo.2016.01.010,Ethnic cleansing and the formation of settler colonial geographies,2016,article,Neve Gordon,Political Geography,Weizman 2007:forward,excluded_no_abstract,Exclude,triage,
https://openalex.org/W3012414672,https://doi.org/10.1016/j.polgeo.2020.102180,Unearthing feminist territories and terrains,2020,article,Anna Jackman,Political Geography,Weizman 2007:forward,excluded_no_abstract,Exclude,triage,
https://openalex.org/W2052601137,https://doi.org/10.1016/j.healthplace.2014.09.005,"Dwelling within political violence: Palestinian women’s narratives of home, mental health, and resilience",2014,article,Cindy Sousa,Health & Place,Weizman 2007:forward,excluded_no_abstract,Exclude,triage,
https://openalex.org/W2940912401,https://doi.org/10.1016/j.polgeo.2020.102163,As the drone flies: Configuring a vertical politics of contestation within forest conservation,2020,article,Naomi Millner,Political Geography,Weizman 2007:forward,excluded_no_abstract,Exclude,triage,
https://openalex.org/W2741408318,https://doi.org/10.1016/j.chiabu.2017.06.027,“We must cooperate with one another against the Enemy”: Agency and activism in school-aged children as protective factors against ongoing war trauma and political violence in the Gaza Strip,2017,article,Guido Veronese,Child Abuse & Neglect,Weizman 2007:forward,excluded_no_abstract,Exclude,triage,
https://openalex.org/W1982958892,https://doi.org/10.1007/s10978-011-9089-y,"Plasticity and Post-Colonial Recognition: ‘Owning, Knowing and Being’*",2011,article,Brenna Bhandar,Law and Critique,Weizman 2007:forward,excluded_no_abstract,Exclude,triage,
https://openalex.org/W2750755396,https://doi.org/10.1016/j.polgeo.2017.08.007,The right to the camp: Spatial politics of protracted encampment in the West Bank,2017,article,Dorota Woroniecka‐Krzyżanowska,Political Geography,Weizman 2007:forward,excluded_no_abstract,Exclude,triage,
https://openalex.org/W2083388434,https://doi.org/10.1016/j.polgeo.2014.11.002,"From minefields to minespace: An archeology of the changing architecture of autonomous killing in US Army field manuals on landmines, booby traps and IEDs",2014,article,Matthew Bolton,Political Geography,Weizman 2007:forward,excluded_no_abstract,Exclude,triage,
https://openalex.org/W2960679296,https://doi.org/10.1016/j.exis.2019.07.001,Violence and extraction of a human commodity: From phosphate to refugees in the Republic of Nauru,2019,article,Julia Morris,The Extractive Industries and Society,Weizman 2007:forward,excluded_no_abstract,Exclude,triage,
https://openalex.org/W2933524034,https://doi.org/10.1016/j.polgeo.2019.03.004,"Vitalist temptations: Life, earth and the nature of war",2019,article,Ian Klinke,Political Geography,Weizman 2007:forward,excluded_no_abstract,Exclude,triage,
https://openalex.org/W2619642641,,Normalizing Occupation: The Politics of Everyday Life in the West Bank Settlements,2017,book-chapter,Ariel Handel,Indiana University Press eBooks,Weizman 2007:forward,excluded_no_abstract,Exclude,triage,
https://openalex.org/W2768253081,https://doi.org/10.1016/j.landusepol.2017.11.048,Planning under a colonial regime in Palestine: Counter planning/decolonizing the West Bank,2017,article,Maali Zeid,Land Use Policy,Weizman 2007:forward,excluded_no_abstract,Exclude,triage,
https://openalex.org/W2094298279,https://doi.org/10.1016/j.geoforum.2010.06.007,Geopolitics and family in Palestine,2010,article,Christopher Harker,Geoforum,Weizman 2007:forward,excluded_no_abstract,Exclude,triage,
https://openalex.org/W2800593628,https://doi.org/10.1016/j.polgeo.2018.04.004,"Biopolitics and checkpoint 300 in occupied Palestine: Bodies, affect, discipline",2018,article,Mark Griffiths,Political Geography,Weizman 2007:forward,excluded_no_abstract,Exclude,triage,
https://openalex.org/W2805112801,https://doi.org/10.1016/j.polgeo.2018.04.002,Reconsidering the laboratory thesis: Palestine/Israel and the geopolitics of representation,2018,article,Rhys Machold,Political Geography,Weizman 2007:forward,excluded_no_abstract,Exclude,triage,
https://openalex.org/W1987226555,https://doi.org/10.1016/j.polgeo.2014.09.003,“Over our dead bodies”: Placing necropolitical activism,2014,article,Noam Leshem,Political Geography,Weizman 2007:forward,excluded_no_abstract,Exclude,triage,
https://openalex.org/W2530725500,https://doi.org/10.1016/j.polgeo.2016.07.005,"“Refusing to be a victim, refusing to be an enemy”. Form-of-life as resistance in the Palestinian struggle against settler colonialism",2016,article,Mikko Joronen,Political Geography,Weizman 2007:forward,excluded_no_abstract,Exclude,triage,
https://openalex.org/W2201434413,https://doi.org/10.1016/j.cities.2015.10.012,"Enclaves, borders, and everyday movements: Palestinian marginal mobility in East Jerusalem",2015,article,Hanna Baumann,Cities,Weizman 2007:forward,excluded_no_abstract,Exclude,triage,
https://openalex.org/W2027671980,https://doi.org/10.1016/j.geoforum.2011.02.005,Graduated incarceration: The Israeli occupation in subaltern geopolitical perspective,2011,article,Ron J. Smith,Geoforum,Weizman 2007:forward,excluded_no_abstract,Exclude,triage,
https://openalex.org/W2049322122,https://doi.org/10.1016/j.emospa.2009.02.002,From a wall of bodies to a body of walls:,2008,article,Giorgio Hadi Curti,"Emotion, space and society",Weizman 2007:forward,excluded_no_abstract,Exclude,triage,
https://openalex.org/W2801210999,https://doi.org/10.1007/s11948-018-0059-8,Public Lab: Community-Based Approaches to Urban and Environmental Health and Justice,2018,article,Pablo Rey-Mazón,Science and Engineering Ethics,Weizman 2007:forward,excluded_no_abstract,Exclude,triage,
https://openalex.org/W2088204891,https://doi.org/10.1016/j.cities.2012.06.010,Agamben’s urbanism of exception: Jerusalem’s border mechanics and biopolitical strongholds,2012,article,Camillo Boano,Cities,Weizman 2007:forward,excluded_no_abstract,Exclude,triage,
https://openalex.org/W2939549133,https://doi.org/10.1007/s10612-019-09439-7,"The Critical Foundations of Visual Criminology: The State, Crisis, and the Sensory",2019,article,Michelle Brown,Critical Criminology,Weizman 2007:forward,excluded_no_abstract,Exclude,triage,
https://openalex.org/W2062074511,https://doi.org/10.1016/j.ijedudev.2014.08.001,School as a place of violence and hope: Tensions of education for children and families in post-intifada Palestine,2014,article,Bree Akesson,International Journal of Educational Development,Weizman 2007:forward,excluded_no_abstract,Exclude,triage,
https://openalex.org/W2989681694,https://doi.org/10.1016/j.geoforum.2019.10.010,On the history of a subterranean geopolitics,2019,article,Ian Klinke,Geoforum,Weizman 2007:forward,excluded_no_abstract,Exclude,triage,
https://openalex.org/W2028337917,https://doi.org/10.1016/j.cities.2012.07.006,Re-shaping Jerusalem: The transformation of Jerusalem’s metropolitan area by the Israeli barrier,2012,article,Francesco Chiodelli,Cities,Weizman 2007:forward,excluded_no_abstract,Exclude,triage,
https://openalex.org/W2563546247,https://doi.org/10.1007/bf03377339,Archaeology and the Time of Modernity,2016,article,Alfredo González‐Ruibal,Historical Archaeology,Weizman 2007:forward,excluded_no_abstract,Exclude,triage,
https://openalex.org/W2933257081,https://doi.org/10.1016/j.geoforum.2019.03.019,Voluminous territorialisation: Historical contestations over the Yucatan Peninsula’s subterranean waterscape,2019,article,María de Lourdes Melo Zurita,Geoforum,Weizman 2007:forward,excluded_no_abstract,Exclude,triage,
https://openalex.org/W2950231424,https://doi.org/10.1016/j.geoforum.2019.05.002,Uneven incorporation: Volumetric transitions in peri-urban China's conservation zones,2019,article,Jesse Rodenbiker,Geoforum,Weizman 2007:forward,excluded_no_abstract,Exclude,triage,
https://openalex.org/W1427885473,https://doi.org/10.1016/j.geoforum.2015.09.003,Territoriality of negation: Co-production of “creative destruction” in Israel,2015,article,Yosef Jabareen,Geoforum,Weizman 2007:forward,excluded_no_abstract,Exclude,triage,
https://openalex.org/W2330647771,,The Control Room: A Media Archaeology,2015,article,Cormac Deane,Culture machine,Weizman 2007:forward,excluded_no_abstract,Exclude,triage,
https://openalex.org/W2985115425,https://doi.org/10.1016/j.cities.2019.102462,"Everyday practice in the high density, volumetric Hong Kong: Ambiguity, intensity and life between interfaces",2019,article,Weijia Wang,Cities,Weizman 2007:forward,excluded_no_abstract,Exclude,triage,
https://openalex.org/W3005704624,https://doi.org/10.1016/j.polgeo.2020.102158,"Messianic time, settler colonial technology and the elision of Palestinian presence in Jerusalem's historic basin",2020,article,Rachel Busbridge,Political Geography,Weizman 2007:forward,excluded_no_abstract,Exclude,triage,
https://openalex.org/W2165138790,https://doi.org/10.1016/j.jtrangeo.2014.06.002,The politics of flying: aeromobile frictions in a mobile city,2014,article,Weiqiang Lin,Journal of Transport Geography,Weizman 2007:forward,excluded_no_abstract,Exclude,triage,
https://openalex.org/W2604921434,https://doi.org/10.1017/9781316718438.007,Autonomous Zones and the Unbundling of Territorial Sovereignty,2017,book-chapter,Martin J. Murray,Cambridge University Press eBooks,Weizman 2007:forward,excluded_no_abstract,Exclude,triage,
https://openalex.org/W3148759959,https://doi.org/10.1016/j.landusepol.2021.105395,Vertical informality: The case of Kufr Aqab in East Jerusalem,2021,article,Maliha Zugayar,Land Use Policy,Weizman 2007:forward,excluded_no_abstract,Exclude,triage,
https://openalex.org/W3041236484,https://doi.org/10.1016/j.geoforum.2020.03.016,Subterranea: Notes on the notion of a geopolitical unconscious,2020,article,Franck Billé,Geoforum,Weizman 2007:forward,excluded_no_abstract,Exclude,triage,
https://openalex.org/W2503326117,https://doi.org/10.1007/978-3-319-43937-2_4,Fearscapes: Urban Space and the Landscapes of Fear,2016,book-chapter,Simone Tulumello,UNIPA Springer series,Weizman 2007:forward,excluded_no_abstract,Exclude,triage,
https://openalex.org/W1967990728,https://doi.org/10.1007/s40609-014-0004-y,Castle and Cage: Meanings of Home for Palestinian Children and Families,2014,article,Bree Akesson,Global Social Welfare,Weizman 2007:forward,excluded_no_abstract,Exclude,triage,
https://openalex.org/W2014607558,https://doi.org/10.1007/s10502-009-9095-0,‘Othering’ the archive—from exile to inclusion and heritage dignity: the case of Palestinian archival memory,2009,article,Beverley Butler,Archives and Museum Informatics,Weizman 2007:forward,excluded_no_abstract,Exclude,triage,
https://openalex.org/W2555002692,https://doi.org/10.1016/j.polgeo.2016.11.003,Interventions on military mobilities,2016,article,Peter Merriman,Political Geography,Weizman 2007:forward,excluded_no_abstract,Exclude,triage,
https://openalex.org/W2766149361,https://doi.org/10.1016/j.polgeo.2017.10.006,"Anatomy of a village razing: Counterinsurgency, violence, and securing the intimate in Afghanistan",2017,article,Oliver Belcher,Political Geography,Weizman 2007:forward,excluded_no_abstract,Exclude,triage,
https://openalex.org/W2904458489,https://doi.org/10.1016/j.polgeo.2018.12.001,"Making a safer space? Rethinking space and securitization in the old town redevelopment project of Kashgar, China",2018,article,Tianyang Liu,Political Geography,Weizman 2007:forward,excluded_no_abstract,Exclude,triage,
https://openalex.org/W2606694069,https://doi.org/10.1016/j.polgeo.2017.04.006,Protesting at the crossroads: Framing ‘in-between places’ in spatial analyses of contention,2017,article,Una McGahern,Political Geography,Weizman 2007:forward,excluded_no_abstract,Exclude,triage,
https://openalex.org/W2550031534,https://doi.org/10.1016/j.exis.2016.10.003,Pulling the rug out from under: The land tenure dynamics of mining concessions in sub-Saharan Africa,2016,article,James K. Mitchell,The Extractive Industries and Society,Weizman 2007:forward,excluded_no_abstract,Exclude,triage,
https://openalex.org/W3205998983,https://doi.org/10.1016/j.polgeo.2021.102513,The metropolitanization of Israel's settlement policy: The colonization of the West Bank as a strategy of spatial restructuring,2021,article,Marco Allegra,Political Geography,Weizman 2007:forward,excluded_no_abstract,Exclude,triage,
https://openalex.org/W2781786425,https://doi.org/10.1016/j.cities.2017.12.016,Post-traumatic urbanism: Repressing Manshiya and Wadi Salib,2018,article,Gabriel Schwake,Cities,Weizman 2007:forward,excluded_no_abstract,Exclude,triage,
https://openalex.org/W1977118157,https://doi.org/10.1007/s12134-011-0198-0,Flexible Citizenship and the Inflexible Nation-State: New Framework for Appraising the Palestinian Refugees’ Movements,2011,article,Sārī Ḥanafī,Journal of International Migration and Integration / Revue de l integration et de la migration internationale,Weizman 2007:forward,excluded_no_abstract,Exclude,triage,
https://openalex.org/W2057130191,https://doi.org/10.1016/j.cities.2011.07.008,Planning illegality: The roots of unauthorised housing in Arab East Jerusalem,2011,article,Francesco Chiodelli,Cities,Weizman 2007:forward,excluded_no_abstract,Exclude,triage,
https://openalex.org/W228963958,https://doi.org/10.1016/j.cities.2015.03.009,The landscape of differences: Contact and segregation in the everyday encounters,2015,article,Gehan Selim,Cities,Weizman 2007:forward,excluded_no_abstract,Exclude,triage,
https://openalex.org/W2065182719,https://doi.org/10.1016/j.polgeo.2012.05.004,Civilian consciousness of the mutable nature of borders: The power of appearance along a fragmented border in Israel/Palestine,2012,article,Tali Hatuka,Political Geography,Weizman 2007:forward,excluded_no_abstract,Exclude,triage,
https://openalex.org/W2044144292,https://doi.org/10.1007/s11217-011-9228-9,"“Which Palestine Should We Teach?” Signatures, Palimpsests, and Struggles over School Textbooks",2011,article,André Elias Mazawi,Studies in Philosophy and Education,Weizman 2007:forward,excluded_no_abstract,Exclude,triage,
https://openalex.org/W3130249864,https://doi.org/10.1007/s10708-021-10387-5,Putting the “geo” into geopolitics: a heuristic framework and the example of Australian foreign policy,2021,article,Colin Flint,GeoJournal,Weizman 2007:forward,excluded_no_abstract,Exclude,triage,
https://openalex.org/W2500279281,https://doi.org/10.1007/978-981-4585-98-9_20-1,Researching Spaces of Violence Through Family,2016,book-chapter,Christopher Harker,,Weizman 2007:forward,excluded_no_abstract,Exclude,triage,
https://openalex.org/W3139032118,https://doi.org/10.1515/9789048517800-017,"15. Fatal Attraction. Nazi Landscapes, Modernism, and Holocaust Memory",2014,book-chapter,R. van der Laarse,Amsterdam University Press eBooks,Weizman 2007:forward,excluded_no_abstract,Exclude,triage,
https://openalex.org/W2087713841,https://doi.org/10.1080/14688417.2012.10589099,‘Planted Over The Past’: Ideology and Ecology in Israel's National Eco-Imaginary,2012,article,Hannah Boast,Green Letters,Weizman 2007:forward,excluded_no_abstract,Exclude,triage,
https://openalex.org/W2889420179,https://doi.org/10.1016/j.polgeo.2018.08.012,"Concrete punishment: Time, architecture and art as weapons in the Israeli-Palestinian conflict",2018,article,Rodrigo Delso Gutiérrez,Political Geography,Weizman 2007:forward,excluded_no_abstract,Exclude,triage,
https://openalex.org/W2312777747,https://doi.org/10.1386/sdf.6.3.253_2,Radical contextuality: Major trends in Israeli documentary second intifada cinema,2012,article,Raya Morag,Studies in Documentary Film,Weizman 2007:forward,excluded_no_abstract,Exclude,triage,
https://openalex.org/W2787840587,https://doi.org/10.1057/s41289-018-0059-y,Constrained sustainable urban mobility: the possible contribution of research by design in two Palestinian cities,2018,article,Kobe Boussauw,URBAN DESIGN International,Weizman 2007:forward,excluded_no_abstract,Exclude,triage,
https://openalex.org/W2045612212,https://doi.org/10.1177/1206331211430012,Introduction,2012,article,David Barnard‐Wills,Space and Culture,Weizman 2007:forward,excluded_no_abstract,Exclude,triage,
https://openalex.org/W1976075813,https://doi.org/10.2747/0272-3638.30.5.567,"<i>Johannesburg: The Elusive Metropolis</i>Sarah Nuttall and Achille Mbembe, editors.",2009,article,Glen Elder,Urban Geography,Weizman 2007:forward,excluded_no_abstract,Exclude,triage,
https://openalex.org/W260754368,https://doi.org/10.1007/978-3-642-34848-8_3,Creating Gridded Cartograms,2012,book-chapter,Benjamin D. Hennig,Springer theses,Weizman 2007:forward,excluded_no_abstract,Exclude,triage,
https://openalex.org/W3091787429,https://doi.org/10.38030/index-journal.2020.2.7,Forensic Listening in Lawrence Abu Hamdan’s &lt;i&gt;Saydnaya (the missing 19dB)&lt;/i&gt;,2020,article,James Parker,Index Journal,Weizman 2007:forward,excluded_no_abstract,Exclude,triage,
https://openalex.org/W2019840373,https://doi.org/10.1016/j.emospa.2015.03.003,Feeling at home in the occupied territories: Emotion work of the religious settler movement,2015,article,Steffen Hagemann,"Emotion, space and society",Weizman 2007:forward,excluded_no_abstract,Exclude,triage,
https://openalex.org/W2125477962,https://doi.org/10.1111/j.1467-9493.2008.00338.x,"Sovereignty, spatiality and spectres of race",2008,article,Donald S. Moore,Singapore Journal of Tropical Geography,Weizman 2007:forward,excluded_no_abstract,Exclude,triage,
https://openalex.org/W2158761628,https://doi.org/10.1007/978-94-017-9376-6_41,Religious Nationalism and Christian Zionist Pilgrimages to Holy Landscapes,2014,book-chapter,Tristan Sturm,,Weizman 2007:forward,excluded_no_abstract,Exclude,triage,
https://openalex.org/W1881189979,https://doi.org/10.1007/s10624-015-9400-7,Let’s all meet in Palestine,2015,article,Emily Eaton,Dialectical Anthropology,Weizman 2007:forward,excluded_no_abstract,Exclude,triage,
https://openalex.org/W2492761269,https://doi.org/10.1515/9783034609449.15,ARCHITECTURE AND TIME,2007,book-chapter,,,Weizman 2007:forward,excluded_no_abstract,Exclude,triage,
https://openalex.org/W2738131858,https://doi.org/10.1353/hum.2017.0021,"Politicizing Resistance: The Transformative Impact of the Second Intifada on Hamas’s Resistance Strategy, 2000–2006",2017,article,Tareq Baconi,Humanity,Weizman 2007:forward,excluded_no_abstract,Exclude,triage,
https://openalex.org/W2767001270,https://doi.org/10.3368/ss.46.3.125,Primal Weaving: Structure and Meaning in Language and Architecture,2017,article,Jason Rhys Parry,SubStance,Weizman 2007:forward,excluded_no_abstract,Exclude,triage,
https://openalex.org/W2922569886,,"Infrastructure, labor, and government : a study of Delhi airport",2017,article,Mithilesh Kumar,,Weizman 2007:forward,excluded_no_abstract,Exclude,triage,
https://openalex.org/W1563535542,https://doi.org/10.1007/978-1-4020-8507-9_15,Mapping the Under-Scrutinized: The West German Census Boycott Movement of 1987 and the Dangers of Information-Based Security,2008,book-chapter,Matthew G. Hannah,The Geojournal library,Weizman 2007:forward,excluded_no_abstract,Exclude,triage,
https://openalex.org/W2043478783,https://doi.org/10.1353/tae.2010.0016,Revolutionizing Virtual War: An Interview with James Der Derian,2010,article,Laura Guillaume,Theory & Event,Weizman 2007:forward,excluded_no_abstract,Exclude,triage,
https://openalex.org/W2286527506,https://doi.org/10.1057/jird.2016.3,Colliding geographies: space at work in global governance,2016,article,Philip Liste,Journal of International Relations and Development,Weizman 2007:forward,excluded_no_abstract,Exclude,triage,
https://openalex.org/W2398102261,,(Un) Seeing like a Prison: Counter-Visual Ethnography of the Carceral State Final Report for School of Justice Studies Research Grant 2012-13,2012,article,Judah Schept,,Weizman 2007:forward,excluded_no_abstract,Exclude,triage,
https://openalex.org/W2492316884,https://doi.org/10.1017/cbo9781316335505.002,The Emergence of Targeted Killing in the Israeli-Palestinian CommonEntrapment of Enmity,2016,book-chapter,Markus Gunneflo,Cambridge University Press eBooks,Weizman 2007:forward,excluded_no_abstract,Exclude,triage,
https://openalex.org/W2597924782,,And now for something completely different… Thinking through explorer subject-bodies.,2013,article,Bradley Garrett,ePrints Soton (University of Southampton),Weizman 2007:forward,excluded_no_abstract,Exclude,triage,
https://openalex.org/W2605284191,https://doi.org/10.1017/9781316718438.006,Cities as an Assemblage of Enclaves,2017,book-chapter,Martin J. Murray,Cambridge University Press eBooks,Weizman 2007:forward,excluded_no_abstract,Exclude,triage,
https://openalex.org/W2767745998,https://doi.org/10.1007/978-3-319-59327-2_9,Postcolonials: Confronting Neocolonialism (1993–2018),2017,book-chapter,Uri Ram,,Weizman 2007:forward,excluded_no_abstract,Exclude,triage,
https://openalex.org/W2906564043,https://doi.org/10.1007/978-3-030-05949-1_2,The Settler Colonial Present: Palestinian State-Building Under Apartheid,2018,book-chapter,Ben White,,Weizman 2007:forward,excluded_no_abstract,Exclude,triage,
https://openalex.org/W3201209165,,The Colonial Present,2017,article,John Reynolds,,Weizman 2007:forward,excluded_no_abstract,Exclude,triage,
https://openalex.org/W851996722,,"""The y are our Prisoners:"" The G itmo Uighurs and the Making of the United States",2014,article,Olivia May,,Weizman 2007:forward,excluded_no_abstract,Exclude,triage,
https://openalex.org/W1918736796,,Motivated social cognition: Principles of the interface.,1996,article,Arie W. Kruglanski,,Michael 2007:backward,excluded_no_abstract,Exclude,triage,
https://openalex.org/W1521824697,https://doi.org/10.1016/s0065-2601(05)37006-7,Says Who?: Epistemic Authority Effects in Social Judgment,2005,book-chapter,Arie W. Kruglanski,Advances in experimental social psychology,Michael 2007:backward,excluded_no_abstract,Exclude,triage,
https://openalex.org/W2604539272,,The 2003 Israeli Democracy Index: Measuring Israeli Democracy,2003,article,Asher Arian,,Michael 2007:backward,excluded_no_abstract,Exclude,triage,
https://openalex.org/W2183003774,,"Who Controls the IDF? Between an ""Over-Subordinate Army"" and ""a Military that has a State""",2012,article,Yagil Levy,,Michael 2007:forward,excluded_no_abstract,Exclude,triage,
https://openalex.org/W2189233232,,Infinity Journal Article,2013,article,David Betz,,Michael 2007:forward,excluded_no_abstract,Exclude,triage,
https://openalex.org/W4235236246,https://doi.org/10.1007/978-981-16-2717-0_32-1,Oracles in Uniform: The Anomaly of AMAN’s Influence on Israel’s National Decision-Making,2021,book-chapter,Gil Murciano,,Michael 2007:forward,excluded_no_abstract,Exclude,triage,
