corpus,record_id,title,year,doi,doc_type,methodology,geography,thesis,theme_1_score,theme_2_score,theme_3_score,theme_4_score,dual_use_explicit,dual_use_direction,dual_use_structural,key_quotes,policy_relevance,via_or_origin
main,2,Social Media Monitoring,,,policy_report,policy_analysis,India,"Examines Indian government social media monitoring programs, arguing they lack legal basis, transparency, and accountability, threatening privacy and free speech.",2,2,1,0,yes,civil_to_military,tangential,"Social media monitoring techniques have their origins in the private sector. These practices were, to begin with, aimed at market research and customer profiling. With time, law enforcement agencies have recognised their utility. || The use of machine learning algorithms and big data multiply these harms by reducing the transparency and intelligibility of these decisions. || In absence of any laws which govern the functioning of these applications, there is no way to ensure that basic human rights such as free speech, privacy and the right to assemble and protest are not curtailed.","Argues for clear legal framework, transparency, accountability, and judicial oversight for social media surveillance programs. Critiques lack of legislation and mission creep.",A
main,3,NITI Aayog Discussion Paper: An aspirational step towards India’s AI policy,2018,,grey_lit,policy_analysis,India,"Critique of India's AI strategy for insufficient attention to ethics, rights, defense dual-use, and over-reliance on industry self-regulation.",1,2,2,0,yes,civil_to_military,no,"Another sector the paper fails to include is defense, this is worrying since India is chairing the Group of Governmental Experts on Lethal Autonomous Weapons Systems (LAWS) in 2018. || In its vision for the use of AI in smart cities, the paper suggests the adoption of a sophisticated surveillance system as well as the use of social media intelligence platforms to check and monitor people’s movement both online and offline to maintain public safety. || The section on transparency and opening the Black Box has several lacunae.","Recommends future AI strategy include defense applications, human rights impact assessments, mandatory human-in-the-loop, kill switches, and stronger regulatory frameworks; criticises over-reliance on industry self-regulation.",A
main,6,Big Brother Watch’s written evidence to the Joint Committee on Human Rights on The Right to Privacy (Article 8) and the Digital Revolution inquiry,2019,,policy_report,policy_analysis,UK,"State adoption of surveillance technologies and automated decision-making in policing and welfare systems threatens privacy rights, requiring stronger legal safeguards.",2,2,1,0,tangential,civil_to_military,tangential,"Police are also using more and more advanced technology to access, download, and analyse digital evidence as part of these investigations. However, technological and legal and policy limitations currently mean that digital evidence collection can be extremely intrusive, obstruct justice, and infringe rights. || The public sector is rapidly adopting commercial software, either replacing human functions or introducing new processes. This includes machine-learning, predictive policing systems; artificial intelligence (AI) facial recognition surveillance software; AI recidivism risk tools fuelled by marketing data; automated risk assessments and ‘Voice Risk Analysis’ for welfare applicants; and digital evidence software, including AI analysis, in the criminal justice system. || The UK’s Data Protection Act 2018 makes exemptions from this important GDPR right. ... welfare and justice decisions could be being made that are for all intents and purposes automated decisions, without individuals being notified of this fact or of their right to appeal.","Recommends formal public and parliamentary consultations before adoption of new technologies, amendments to Data Protection Act 2018 to ban fully automated decisions engaging human rights, and banning micro-targeted online advertising. Also recommends a public inventory of public-private data sharing agreements.",A
main,7,Public Comment,2023,,other,other,"Tracy, California, USA","A public comment letter expressing concern that Smart City technologies in Tracy constitute mass surveillance and encroach on privacy, free speech, and data protection.",1,2,1,0,no,neither,no,"Smart Cities are not being accurately described for what they really are - they are mass surveillance cities, which remove any sense of individual privacy. || The deployment and integration of surveillance technologies, such as sensors and biometric data collection systems - electronic, infrared, thermal, and LIDAR sensors form the basis of the smart grid. They do everything from operating streetlights to optimizing parking and traffic flow to detect crime. || nobody would vote for digital prisons if they understood how vast the surveillance will be in smart cities.","The comment requests the city council to reevaluate the Smart City plan and consider privacy implications, but offers no specific policy recommendations.",A
main,9,Future Cities: Trends and Implications,2020,,policy_report,policy_analysis,global,The report identifies trends in future cities and their military implications for UK defence operations.,2,1,2,0,yes,both,yes,"The exploitation of smart technology may permit the ability to map occurrences within a building in real-time; allowing effective collateral damage estimations, to better inform the most suitable form of kinetic strike. || Smart City infrastructure poses risks and opportunities for the UK military. If an adversary is able to efficiently control digital infrastructure and deny the UK military access, they will be able to utilise it to gain an advantage. || The increasing verticalisation of buildings, and urban density, will make it difficult to contain weapon effects within a single building or floor, enhancing the likelihood of collateral damage.","Provides recommendations for UK military: urban training, database of cities, specialised urban units, cyber capabilities, and partnerships with private sector.",A
main,11,Open letter to EU AI Act negotiators: Do not trade away our rights!,2023,,other,other,European Union,Civil society calls on EU lawmakers to reject legalisation of dangerous and discriminatory police AI in the AI Act.,0,2,1,0,no,neither,no,"No AI Act deal can be worth legitimising digital tools of oppression. || EU Member States are pushing extremist demands for police to be able to discriminate against the general public including on the basis of race, gender, sexuality, religion and political views through predictive policing and biometric categorisation systems. || These technologies are rooted in eugenic, racist and ableist premises, and have been widely discredited by academics.","Direct advocacy for the EU AI Act to prohibit predictive policing, biometric categorisation, emotion recognition, and mass surveillance in policing and migration, and to ensure transparency and accountability.",A
main,13,COMMENTS OF THE ELECTRONIC PRIVACY INFORMATION CENTER to the U.S. Department of Justice and Department of Homeland Security Request for Written Submissions on Section 13(e) of EO 14074,2024,,policy_report,policy_analysis,United States,"EPIC argues that law enforcement use of facial recognition, predictive algorithms, social media surveillance, and DNA analysis requires robust safeguards to protect privacy, civil rights, and civil liberties, and that some technologies should be banned.",1,2,1,0,no,neither,no,"By enabling surveillance at scale and at minimum cost, these emerging surveillance tools allow law enforcement to quickly identify and track individuals to an extent previously impossible. Given this scalability and the current lack of safeguards, the risk of mission creep is significant. || Facial recognition is a dangerous and privacy-invasive surveillance technology that law enforcement should not use. ... It is a perfect tool of oppression and poses far too great a risk to our democracy to become a ubiquitous tool of police surveillance. || Predictive technology trained on historical policing data reinforces the over policing of majority minority neighborhoods and communities, while dehumanizing those communities and adding a veneer of legitimacy and objectivity through 'hard data.'","The document provides ten detailed policy recommendations for DOJ and DHS, including prohibiting mass surveillance, requiring warrants, mandating independent audits, strengthening data minimization, and ensuring non-discrimination. It also calls for a ban on facial recognition technology and stricter regulation of predictive policing, social media surveillance, and DNA databases.",A
main,18,"INFORMATION, KNOWLEDGE AND DIGITAL DISRUPTION",2017,,conference_paper,other,global,Symposium exploring how emerging digital technologies will disrupt Defence and national security in smart city contexts over 10-20 years.,2,0,1,0,yes,both,tangential,"In the next 10 to 20 years, new technologies such as the internet of things, big data, artificial intelligence, machine learning, robotics, automation and virtual/augmented/mixed reality will transform the way we live our lives. In the Defence context this rapid change (resulting in disruption) presents both an opportunity and a threat. || How will our future organisational and command structures operate with the agility and flexibility offered by digital technologies? And equally, how will our adversaries adopt and use such technologies. || Cities in 2040 will be hyper-connected information nodes in the digital mesh, and how Defence interacts with this environment is an important insight for forward strategic planning.",Symposium aims to shape long-term Defence and national security research priorities and industry focus through a Big Picture Assessment Report.,A
main,19,Big Data Applications in Crime and Security,2014,,,,,,,,,,,,,,,A
main,21,SMART CITY TECHNOLOGIES. SMART BASE NEEDS.,,,grey_lit,other,"United States (Fort Carson, Fort Benning, MCAS Miramar)",Promotes dual-use development of commercial smart city technologies for military installations to enhance readiness and resilience.,2,0,1,0,yes,civil_to_military,tangential,"US Ignite and our partners promote the rapid dual-use development of commercial technologies that meet the needs of installations. || Just like cities, Department of Defense (DoD) installations are tasked with taking care of their people, promoting readiness and resilience, and delivering critical services to residents and visitors. This overlap means military installations can take advantage of existing smart city solutions to modernize operations and create their own more effective Smart Base operations. || If a piloted solution is successful, US Ignite and our partners then communicate the success of the program and work to identify pathways for entrenching the technology in the host installation and scaling it to installations across the DoD.","Promotes a model for dual-use technology development and scaling across military installations, with implications for defense procurement and smart city-military collaboration.",A
main,24,"Huawei's Smart Cities and CCP Influence, At Home and Abroad",2018,,policy_report,policy_analysis,"China, global","Huawei's smart city technologies, while commercially marketed, can be leveraged by the CCP for surveillance and social control at home and potentially extend authoritarian influence abroad.",2,2,2,1,yes,civil_to_military,yes,"Huawei compares its flagship smart city product, its 'Intelligent Operation Center', to a smart city ‘brain’ that guides and makes sense of the input from the city’s ‘nervous system’—networked cameras and other sensing devices— to provide comprehensible, actionable information on crime and unrest to police and municipal decisionmakers. || Whether Huawei’s safe city technologies are being employed by authoritarian and kleptocratic regimes to reinforce their rule is an understudied question. However, it is both interesting and suggestive that the list of countries where Huawei’s safe city solutions were first deployed includes a number of authoritarian and hybrid regimes with close ties to China, among them Russia, Pakistan, Venezuela, Laos, and Angola. || While the smart cities of the future could be better, more efficient cities, they could also provide authoritarian regimes with previously undreamt of tools of surveillance and control.","Raises concerns about foreign intelligence risks from Huawei equipment in Western municipalities, and suggests need for caution in adopting smart city technologies from companies with ties to authoritarian regimes.",A
main,25,Smart Cities with Chinese Characteristics,2021,,journal_article,policy_analysis,"China, Israel, global","Chinese smart city systems exported globally pose dual-use risks to national security and privacy, requiring comprehensive national planning in Israel.",2,2,1,1,yes,civil_to_military,tangential,"Autocratic regimes can effectively exploit these technologies to reinforce their power and tighten control over their populations. || Chinese companies export various smart city systems to dozens of countries, including Israel, notwithstanding Western allegations of breaches of human rights and dangers to national security. || The social credit rating is one aspect of the Communist Party's efforts to use advanced technology in order to monitor the public and reinforce its control, for the benefit of what it perceives as protection of national security and internal stability.","Recommends Israel prepare a comprehensive national plan to map existing situation, identify challenges, manage risks to privacy, data security, and cyber protection, and review foreign relations of local authorities regarding smart tech.",A
main,27,U.S.-China Competition in Emerging Technologies: LiDAR,2023,,policy_report,policy_analysis,global,"LiDAR is a dual-use technology with both civilian and military applications, and U.S.-China competition in LiDAR poses national security risks due to Chinese industrial policies and technology transfer.",3,0,0,1,yes,both,yes,"Some emerging technologies have both civilian and military uses. Among these technologies is Light Detection and Ranging (LiDAR), a remote sensing technology used in automotive, agriculture, weather, manufacturing, and other systems. || The United States first developed LiDAR as a military technology in the 1960s for defense and aerospace uses. Since then, the LiDAR market has expanded with the development of systems capable of autonomous navigation, for which LiDAR is a critical enabling technology. || PRC policies seek to develop technologies that are interoperable for civilian and military use and may allow PRC state access.","Discusses issues for Congress: strengthening procurement rules to review/restrict acquisition of PRC LiDAR, economic tools related to foreign investment, export controls, fair trade, antitrust, standards, capital markets, IP licensing, and bankruptcy.",A
main,28,China's smart cities and the future of geopolitics,2023,,policy_report,policy_analysis,"China, Malaysia, Kenya, Pakistan, Uganda, Mauritius, Philippines, Papua New Guinea, Indonesia, India, France, Germany","Chinese smart city and city brain technologies, driven by civil-military fusion, are geostrategic tools that enable surveillance, military integration, and global influence.",2,2,2,1,yes,both,yes,"The Institute—which focuses on eclectic subjects like intelligent wargaming, swarm intelligence, aerospace security and the city brain—explains the urban brain's value for the military brain: 'It can be said that the confrontation of wars between countries in the future will be reflected in … [confrontations] between several military brains. Based on the research progress of the urban brain, we can combine various military elements into a brain-like combination to form the structural diagram of the military brain[.]' || Smart city systems are highly complex, which makes it difficult for importing countries to scrutinise them. City brains—the next evolutionary step of smart cities—are even more complex, potentially incomprehensible, because of their extensive deployment of artificial intelligence. Little appears to be done to increase the auditability of those system. || The smarter its exported surveillance infrastructure becomes; the easier spying becomes. ... the smarter its exported surveillance infrastructure, the more influence it can wield in those regions, since it has a privileged but not exclusive capability to control its technology within a given territory.","Recommends that democracies draw up initiatives promoting privacy-friendly smart urban turnkey solutions that can compete globally, and expand research on privacy-enhancing technologies for law enforcement.",A
main,31,AI Global Surveillance (AIGS) Index,,,policy_report,other,global,"This index maps the global adoption of AI-based surveillance technologies, linking them to regime characteristics and military spending.",0,0,0,0,no,both,no,"AI Global Surveillance (AIGS) Index || Aggregate Regime Score: Comprised of evenly weighted average of country scores from Freedom in the World 2019, the EIU Democracy Index 2018, and the V-Dem Dataset version 9, Electoral Democracy Index. || Countries with an average score less than 2.5 are labeled closed autocracies.","Provides data on global surveillance technology adoption, useful for policy analysis on the relationship between regime type and surveillance infrastructure.",A
main,34,WE SENSE TROUBLE: AUTOMATED DISCRIMINATION AND MASS SURVEILLANCE IN PREDICTIVE POLICING IN THE NETHERLANDS,2020,,policy_report,case_study,Netherlands (Roermond),"The Dutch police's Sensing project in Roermond constitutes unlawful mass surveillance and discrimination through predictive policing, violating privacy, data protection, and non-discrimination rights.",1,2,2,1,no,neither,no,"The Sensing project includes indiscriminate mass surveillance because it monitors behaviour by tracking movement which is not targeted at a very specific location (an entire city), nor at specific individuals or groups, and it is not based on reasonable suspicion; the data of all people travelling by car is collected and analysed. || The police present the predictive policing system as a neutral system, guided by objective criminal data statistics, while in reality the Sensing project embodies human choices and biased data, which results in amplifying and entrenching bias in policing. || The use of the concept of ‘mobile banditry’ inevitably leads to a predominant focus on particular groups of people on the grounds of their nationality and ethnicity, while at the same time overlooking people from other ethnic and/or national backgrounds.","The report provides detailed recommendations to Dutch law enforcement, legislature, and data protection authority, including halting the Sensing project, prohibiting algorithmic systems without safeguards, implementing mandatory human rights impact assessments, and creating an independent supervisory authority.",A
main,36,COMMENTS OF THE ELECTRONIC PRIVACY INFORMATION CENTER to the U.S. Department of Justice and Department of Homeland Security Request for Written Submissions on Section 13(e) of EO 14074,2024,,policy_report,policy_analysis,United States,"Law enforcement use of surveillance technologies like facial recognition, predictive algorithms, social media monitoring, and DNA analysis poses severe risks to civil rights and liberties, requiring a framework of ten protective principles.",0,2,2,1,no,neither,no,"Facial recognition is a dangerous and privacy-invasive surveillance technology that law enforcement should not use. || Predictive policing technology is based on discriminatory policing patterns. ... Running the data through a series of math formulas and code does not substantively change the biased nature of the original data that determines the rules in the new algorithm. || The more a child engages with law enforcement, the more likely they are to enter the revolving door of the criminal justice system.","The paper provides extensive recommendations for DOJ and DHS, including prohibiting mass surveillance, requiring warrants, independent audits, data minimization, and transparency. It calls for enforceable safeguards to protect civil rights and civil liberties.",A
main,41,"Paradigm Initiative’s input to the OHCHR, to inform the Special Rapporteur’s 2025 Position Paper on the Human Rights Impacts of Using Artificial Intelligence in Countering Terrorism, including guidance on good practices.",2025,,policy_report,policy_analysis,Africa,"AI in counter-terrorism poses significant human rights risks, particularly through surveillance, predictive policing, and dual-use technologies, and requires robust safeguards and oversight.",2,2,0,0,yes,both,tangential,"In Ghana, governments often monitor journalists and political opponents using military-grade spyware such as Pegasus. African governments frequently justify these highly intrusive actions as efforts to combat terrorism and protect national security. || The 'black box' nature of many AI systems, where the logic behind decisions is not easily explainable, undermines transparency and complicates oversight across borders. || Unregulated sale and transfer of AI tools for counter-terrorism, such as predictive analytics or facial recognition, can facilitate repression and human rights violations.","Recommends embedding human rights safeguards in the AI lifecycle, including impact assessments, transparency, accountability, and oversight mechanisms; references the EU Dual-Use Regulation, Council of Europe Framework Convention, and UNICRI-INTERPOL Toolkit as normative instruments.",A
main,42,China's Digital Silk Road,2019,,other,other,"global (focus on Asia, China, US, Japan)","Panel discussion on China's Digital Silk Road examining strategic, economic, and security implications for US-Japan cooperation.",1,0,0,0,tangential,civil_to_military,no,"China's BDS navigation system is problematic, particularly when China's already demonstrated a willingness to militarize space. The sensors, the enhanced guidance, the dual use of this, in addition to everything it's doing in the cyber domain is problematic.","Calls for US-Japan public-private partnership to compete with China's Digital Silk Road, including strengthening risk financing, international rulemaking on data flows, and capacity-building in emerging Asia.",A
main,43,The Rise of Chinese AI in the Gulf: a Renewal of China's 'Serbia Model',2020,,policy_report,policy_analysis,"Gulf states (Saudi Arabia, UAE), Serbia",China uses a 'Serbia model' of technology transfer from civilian AI/smart city systems to military cooperation to expand influence in the Gulf.,2,1,1,0,yes,civil_to_military,tangential,"Beijing is using a model it pioneered in Serbia to expand its technological and military interests in the Persian Gulf. || China is using lessons it learned interacting with Serbia to improve its approach toward the Middle East by first building up basic infrastructure, then adding on technology systems, and finally launching bilateral military cooperation. || Huawei has strategically marketed its Safe City technology to Saudi Arabia as an advanced, streamlined way to counter extremism and enhance urban safety.","Recommends US counter China by diversifying tech suppliers, ensuring data security, and offering higher quality products; also suggests loosening arms export restrictions.",A
main,50,BRIEF OF AMICUS CURIAE ELECTRONIC PRIVACY INFORMATION CENTER (EPIC) IN SUPPORT OF PLAINTIFFS-APPELLANTS AND URGING REVERSAL,2026,,other,policy_analysis,"USA (Norfolk, Virginia)",Argues that warrantless use of modern ALPR systems violates the Fourth Amendment because they reveal privacies of life and enable discriminatory predictive policing.,2,3,1,0,yes,civil_to_military,yes,"Modern ALPR systems not only amass vast troves of sensitive location information but also knit it together with other information—commercial and otherwise—that allows law enforcement to infer identity and monitor the habits and routines of everyday people. || The decisions made by an ALPR system are cloaked in objectivity and hidden in a proprietary black box, making it nearly impossible for someone to fully vindicate their rights under the Fourth and Fifth Amendments. || AI-enabled ALPRs likewise facilitate abuses of power akin to the general warrant... applied broadly to entire populations, enabling the state to both generate suspicion and marshal evidence post hoc.","Argues for warrant requirement for ALPR systems, increased transparency, and accountability to prevent abuse and discriminatory policing.",A
main,51,EU's AI Act fails to set gold standard for human rights,2024,,policy_report,policy_analysis,EU,"The EU AI Act fails to adequately protect human rights, with loopholes for law enforcement and migration, and allows export of harmful AI systems.",2,2,2,0,tangential,civil_to_military,no,"The AI Act does not stop EU-based companies from exporting AI systems which are banned in the EU, therefore creating a huge risk of violating rights of people in non-EU countries by EU-made technologies that are essentially incompatible with human rights. || The major shortcoming of the EU database is that negotiators agreed on a carve-out for law enforcement, migration, asylum and border control authorities. Providers and deployers of high-risk systems in these areas will be requested to register only a limited amount of information, and only in a non-publicly accessible section of the database. || The blanket exemption for national security risks undermining other rules: The AI Act and its safeguards will not apply to AI systems if they are developed or used solely for the purpose of national security, and regardless of whether this is done by a public authority or a private company.","The paper recommends comprehensive bans on unacceptable AI uses, meaningful transparency and stakeholder engagement, no national security exemption, and extension of human rights safeguards to exported AI systems. It calls for civil society inclusion in implementation.",A
main,52,POLICIAMENTO PREDITIVO EM FORTALEZA: SEGURANÇA PÚBLICA E O USO DE FERRAMENTAS TECNOLÓGICAS NA PREVENÇÃO DO CRIME,2019,,thesis,theoretical,"Fortaleza, Brazil (Jangurussu, Conjunto Palmeiras, AIS-3)",Proposes implementing predictive policing software in Fortaleza to prevent homicides using historical crime data for efficient police resource allocation.,0,1,2,0,no,neither,no,"A ideia central é que, em vez de aumentar o efetivo policial, ou quando ele é reduzido, empregar melhor os policiais a serviço nas áreas onde se sabe que o crime pode ocorrer. Por meio de um algoritmo (sistema que mostra passo a passo os procedimentos necessários para a resolução de uma tarefa) que, alimentado de uma imensa quantidade de dados, poderá prever crimes antes que aconteçam. || O policiamento preditivo é um processo de policiamento ostensivo, com características preventivas diferenciadas, que trabalha com previsões testáveis, ou seja, previsões baseadas em históricos de crimes em determinada área, especialmente em quadrantes de bairros com maior incidência delitiva e que causam maior sensação de insegurança à população. || É possível que, conforme a sociedade adquira confiança na previsão dos sistemas, os moradores de um bairro X onde o algoritmo indique maior probabilidade de crime, acabem passando por ações sem que nem moradores nem os policiais saibam bem o motivo.","The paper proposes a detailed intervention plan for implementing predictive policing in Fortaleza, including strategies, resource allocation, training, and a timeline. It suggests collaboration with SSPDS, SUPESP, and AESP, and emphasizes the need for well-trained police to use the technology effectively.",A
main,56,Privacy Challenges and Big Data in Smart City,2020,,policy_report,case_study,Hong Kong,"The paper examines privacy challenges in Hong Kong's smart city initiatives, highlighting gaps between existing governance, public trust, and socio-political contexts through case studies of smart lampposts and facial recognition.",1,2,1,1,tangential,civil_to_military,no,"The public concern focuses on whether smart lampposts will become a surveillance system similar to mainland China's, conducting facial recognition on everyone on the street, becoming a tool for police and government to suppress protesters. || The new forms of personal data and privacy are deeply embedded in socio-political relations. This boundary between the public and the private domains could not be defined simply in technical and legal terms. || The foremost task is to regain the public's confidence... the government should make a public statement to promise not to implement some politically sensitive technologies, such as automated or random facial recognition.","Recommends rebuilding public trust, enacting a Protection of Freedoms Act-like ordinance, mandating Privacy Impact Assessments (PIA) for government, requiring data flow charts, and establishing an independent body to monitor national security-related data collection.",A
main,57,Sinergia ‒ condiție esențială a succesului în procesul planificării civil-militare în orașul inteligent / Synergy ‒ the essential condition of success in the civil-military planning process of the smart city,2018,,journal_article,theoretical,global,"Civil-military synergy and data sharing are essential for efficient smart city governance and security across peace, crisis, and war.",2,1,1,0,tangential,civil_to_military,no,"Asigurarea securității multidimensionale (sociale, de mediu, de servicii, cibernetice etc.) în orașele inteligente contribuie în mod semnificativ la reducerea cheltuielilor de funcționare a serviciilor publice, alături de reducerea timpului consumat de utilizatori pentru accesul la aceste servicii, participând, astfel, la creșterea nivelului de trai al populației. || Pentru asigurarea securității cetățenilor și a infrastructurilor critice, este necesară cooperarea civil-militară continuă, care să asigure funcționarea eficientă a orașelor la pace, în situații de criză sau la război. || Astfel, sinergia este o condiție esențială pentru asigurarea funcționării eficiente a orașului inteligent, la pace, în situații de criză sau la război.","Recommends integrated civil-military spatial planning, continuous monitoring, and data-sharing platforms for smart city security, with emphasis on legal frameworks and citizen privacy.",A
main,58,Who buys and controls the CCTV? Myanmar's slippery slope to mass surveillance,2022,,policy_report,empirical_qualitative,"Myanmar (Mandalay, Yangon, Naypyidaw)","CCTV infrastructure procured for civilian smart city projects in Myanmar has been repurposed by the military junta for mass surveillance and suppression of dissent, highlighting the urgent need for transparency and human rights safeguards.",3,3,2,1,tangential,civil_to_military,yes,"CCTV cameras form the infrastructural backbone of a host of emerging technologies – including AI applications like facial and emotion recognition. The mission creep embedded in technical and policy design for CCTVs go from simply being installed cameras for ‘safety’, to being equipped to carry out remote biometric identification. || Overarchingly, we point to how opacity is normalised as a feature and not a bug within Myanmar’s technology procurement framework and we provide recommendations for a way forward. || In Myanmar, particularly since the coup, CCTV cameras have become a kind of weapon that repressive forces have seized and are using to silence dissent.","The report provides detailed recommendations to the military junta (stop purchasing repressive technologies, restore democracy) and to the private sector (refrain from selling to authoritarian regimes, conduct human rights impact assessments). It also calls for a moratorium on procurement, data protection legislation, and a right to information law.",A
main,62,China’s Smart Cities Development,2020,,policy_report,case_study,"China, global","China's smart city initiatives are state-led, dual-use technologies enabling mass surveillance domestically and exported globally, posing economic and security challenges to the U.S.",2,2,2,1,yes,both,tangential,"China’s civilian informatization policies have been designed to account for national security interests and augment China’s military power whenever possible. China’s smart cities policies are not sui generis efforts and should not be taken as such; as the latest in a long series of 'urban informatization' policies, they exist as one component of a broader whole.",The report offers multiple policy recommendations: create local task forces to track foreign smart city tech; support U.S. competitiveness internationally; engage in standard-setting bodies; prioritize Five Eyes and allied countries for vulnerability assessment; legislate supply chain protection for critical infrastructure.,A
main,63,Security in Modern Smart Cities: An Information Technology Perspective,2024,,conference_paper,review,global,"This paper provides a comprehensive overview of security systems in smart cities, highlighting key trends, mass surveillance examples, and challenges for implementation.",0,0,1,0,no,neither,no,"9/11 will be remembered as a watershed incident which made the world realize that the threat of mass terrorism is real and close. || Putting a surveillance camera on a roundabout would not stop any crime or terror activity by its own. What it sees, record and send to the command center must be analyzed as well if it has to contribute in a responsive security system for the city. || The security concepts highlighted in this article would help the network designers and system operators in formulating a flawless strategy for future smart cities.","Discusses policy-level challenges including institutional disconnect, need for coordinated framework, governance, and financial strategies (private sector investment, phased implementation).",A
main,64,The Internet of Military Defense Things: A Smart City Assisted Internet of Military Defense Things Architecture,2025,10.1109/IOTM.001.2400160,journal_article,theoretical,global,Proposes an architecture enabling future military forces to leverage Smart City IoT and deploy IoMDT for real-time situational awareness in intelligent urban environments.,3,0,1,0,yes,civil_to_military,yes,"the principle of leveraging existing Smart City infrastructure to enhance accurate and real-time Situational Awareness (SA) can be beneficial for future military operations || As Smart Cities become a reality, these intelligent urban environments will likely impact the future operational environment, where future military forces will have to conduct a range of operations. || we propose an architecture that enables future military forces, in a permissive intelligent urban operational environment, to access Smart City IoT, deploy their own IoMDT, and leverage distributed and opportunistic computing ... to produce and maintain accurate and real-time SA.",None,A
main,65,Will GPS Jammers Proliferate in the Smart City?,2019,,journal_article,review,global,"The normalisation of tracking in the Smart City may lead to wider ownership of GPS jammers, requiring countermeasures and privacy safeguards.",2,1,1,0,yes,both,tangential,"Since the collapse of the Soviet Union, and when GPS became available for civilians in the 1990s, jamming and counter-jamming technologies have created new markets in the civilian realm and ceased to be confined exclusively to conflict zones and repressed states. || As GPS gets incorporated into civilian infrastructure and systems, animosities between adversaries in military conflicts and political animosities in the civilian domain fuse together. || The article offers possible counter-measures and alternative technologies, either built-in or as alternative navigation aids.","The paper recommends stricter laws on privacy and jammer possession, granting more privacy to likely end-users (e.g., commercial drivers), and investing in alternative navigation systems (e.g., eLoran) to reduce GPS dependence.",A
main,66,Public Trust and Political Legitimacy in the Smart City: A Reckoning for Technocracy,2021,10.1177/0162243921992864,journal_article,empirical_quantitative,Hong Kong,"Examines how public trust and political legitimacy affect support for smart city endeavors in Hong Kong using survey data, finding tensions between technocracy and democracy.",0,1,2,0,no,neither,no,"technocracy presents only an illusion of policymaking as 'sanitized' from politics. According to Hartley (2020), 'technocratic systems and policy design logics emerge from social and value-laden settings; neither materializes from a mythical purity of logic but is fashioned in politically and epistemically contested environments' (p. 237). || the smart city phenomenon invites critical reflection about tensions between technocracy and democracy, but this topic remains largely unexploited by empirical literature. || The implication is that the mechanics of smart cities have more legitimacy than the governance of smart cities.","The study suggests that trust in technology and perceptions of democratic participation are important for public support of smart city programs, implying that governments should address privacy and participation concerns to enhance legitimacy.",A
main,70,"Smart cities, backward frontiers: digital urbanism in India's north-east",2019,10.1080/09584935.2019.1647144,journal_article,case_study,Northeast India,"India's Smart Cities Mission in the Northeast is a state-making project integrating frontier space into national territory, accelerating corporate capital entry, while local authorities use bids to request conventional infrastructure.",2,2,2,2,tangential,civil_to_military,no,"All ten smart city bids from the Northeast include reference to surveillance technology for things like traffic control, public transport management, and the 'safety and security' of citizens. In these cities the targets of safety and security campaigns have been local residents rather than generic criminals or miscreants. || The extension of the SCM to the Northeast is the latest in a long history of state-making projects – violent and non-violent – aimed at integrating frontier space into national territory, and in this case, 'backward' peoples into smart citizens. || Adding enhanced technology, facial recognition, and tracking data to this scenario is a frightening prospect for those deemed to be the beneficiaries of 'safety and security' measures, empowering and emboldening a brutal system of occupation.","The paper critiques the SCM's extension to sensitive spaces, highlighting risks of surveillance abuse, governance fragmentation, and the need to consider local customary authorities and military occupation in smart city planning. Recommends caution in implementing digital urbanism in militarized frontiers.",A
main,73,Application of IoT in Military Operations in a Smart City,2018,,conference_paper,case_study,global,"This paper explores how smart city IoT infrastructure can be exploited for military operations to enhance situational awareness during disaster relief, addressing technical and security challenges.",2,0,0,0,yes,civil_to_military,yes,"This paper, which presents work performed by the NATO IST-147 'Military Applications of Internet of Things' group, explores the potential to exploit smart city IoT capabilities in military operations. || In a smart city environment with a significant deployment of Internet of Things (IoT) sensors, there is a potential to revolutionize SA by leveraging this new sensor capability. || The emergence of smart cities has led to the proliferation of such entities around cities either deployed by city authorities or by private individuals. The military may utilize the additional information of these sources in operations.",None,A
main,77,A Survey of Applicability of Military Data Model Architectures for Smart City Data Consumption and Integration,2018,,conference_paper,theoretical,global,Proposes an architectural concept to integrate Smart City data into military information systems using standardized military data models for improved situational awareness.,3,0,1,0,yes,civil_to_military,yes,"In these cases, an existing Smart City infrastructure can greatly assist emergency forces like relief units or supporting military forces by providing the data it already has. || This paper proposes an architectural concept for connecting to the Smart City data at different levels of aggregation. || The paper discusses how the available data and information from a Smart City infrastructure can be utilized to improve the SA of emergency forces like relief units or the military during an operation in a Smart City environment.",None,A
main,78,Exploiting Smart City IoT for Disaster Recovery Operations,2018,,conference_paper,theoretical,global,"Proposes exploiting smart city IoT infrastructure to enhance situational awareness for disaster recovery operations, highlighting integration and security challenges.",2,1,1,0,yes,civil_to_military,yes,"In the event of a natural disaster phenomenon such as an earthquake, the IoT devices within the city such as the traffic cameras, weather, and pollution sensors can be re-tasked to identify emergency conditions such as toxic gases in the air, people trapped in vehicles or rubble, or the status of the power grid. || This paper envisions a HADR operation set in the near future after the advent of smart cities – where IoT technologies are widely deployed within a city infrastructure in order to improve the daily operations of the city... || Much of this work has been performed as part of a NATO Research Task Group (RTG) on Military Applications of Internet of Things (IST-147).","Discusses security and integration challenges; recommends open standards, interoperability, and breaking-glass policies for emergency access to smart city data. Also suggests a priori federation of identity management.",A
main,79,A Survey of Applicability of Military Data Model Architectures for Smart City Data Consumption and Integration,2018,,conference_paper,theoretical,global,Proposes an architectural concept and gateways to integrate Smart City data into military information systems using existing NATO data models.,2,0,0,0,yes,civil_to_military,yes,"In these cases, an existing Smart City infrastructure can greatly assist emergency forces like relief units or supporting military forces by providing the data it already has. || In case of missions within a Smart City environment, the available Smart City data could be used to improve the situational picture and thus contribute to a successful operation. || The paper discusses how the available data and information from a Smart City infrastructure can be utilized to improve the SA of emergency forces like relief units or the military during an operation in a Smart City environment.","None directly, but implications for standardization and interoperability between civilian and military data systems.",A
main,83,Open Data Insights from a Smart Bridge Datathon: A Multi-Stakeholder Observation of Smart City Open Data in Practice,2023,10.3390/smartcities6020032,journal_article,empirical_qualitative,"Amsterdam, Netherlands","Open data from smart city infrastructure has nuanced benefits and risks, including power imbalances, potential for misuse, and challenges of transparency, as revealed by a datathon case study.",1,1,1,0,yes,civil_to_military,no,"The last solo participant who joined late and also did not present was concerned about military, government, and corporations gaining access to the data—noting that open data also means open internationally. || Data are not necessarily accurate: sensors may break, systems can shut down, and information can be wrongly labeled. Open data has the potential to spread false information far from those who have the background knowledge to interpret or correct it. || When considering power dynamics between the public and the data controllers, it is important to note that open data are just one possible stage or avenue for public empowerment.","Recommends careful selection of datasets, registration for data access, and responsive transparency to balance openness with accountability.",A
main,84,Toward an Architecture and Data Model to Enable Interoperability between Federated Mission Networks and IoT-Enabled Smart City Environments,2018,10.1109/MCOM.2018.1800305,journal_article,theoretical,global,Proposes an architecture and data model for interoperability between military federated mission networks and smart city IoT systems to enable military use of urban infrastructure for HADR.,3,0,1,0,yes,civil_to_military,yes,"The emergence of smart city initiatives in many areas of the world has led to rapid development and proliferation of Internet of Things (IoT) technologies. Successful deployments of IoT have resulted in the military looking at the impacts and benefits of IoT, both for directly leveraging IoT within the military environment as well as to interface with smart city environments for urban operations such as humanitarian assistance and disaster response. || We propose an architecture and data model to enable interoperability between FMN and IoT networks in smart city environments. We review the various bottlenecks involved for such an environment and how a reference implementation can be set up to allow multiple partners to exchange data for sharing resources and provide better situational awareness. || The concepts discussed reuse and improvise upon the existing NATO and commercial IoT standards for faster adoption.",Technical recommendations for enabling military-civilian data sharing in smart cities; suggests using MQTT and JSON for interoperability between military and civilian IoT systems in HADR contexts.,A
main,88,Leveraging Civilian IoT Infrastructures to Support Warfighting Activities in Urban Environments,2018,,conference_paper,case_study,"Helsinki, Finland",Civilian Smart City IoT and Open Data can be integrated with military systems via Fog Computing to support HADR operations.,3,0,2,0,yes,civil_to_military,yes,"The increasing importance of urban environments in warfare, especially for counter-terrorism purposes, raises the opportunity to develop innovative military information systems that can easily integrate with civilian Smart City infrastructures and Open Data services to improve situational awareness. || Leveraging Civilian IoT Infrastructures to Support Warfighting Activities in Urban Environments || The emergence of Open Data services, that expose both raw data collected from IoT installations in Smart Cities as well as processed information, raises the opportunity to consider integrating military systems with civilian ones in support of military operations in urban environments.",None,A
main,89,Performance measurement in smart city governance: A case study of an Egyptian city council,2021,10.1108/JAEE-09-2020-0244,journal_article,case_study,Egypt (New Cairo),"Performance measurement systems in smart city governance are institutionalized through cascading macro-micro pressures, with political and military influence shaping political decisions.",0,1,2,0,no,neither,no,Institutionalised measurement systems or performance metrics play a powerful accounting role(s) in shaping and reshaping political decisions and military actions in the city council. || The political pressure from the military regime at the macro (state government) level institutionalises micro-organisational performance metrics utilised in smart city governance. || Performance measurements are seen in practice as a powerful accounting and accountability tool in managing public-private collaboration and hence the overall smart city governance.,Recommends that city policymakers and regulators consider political and military pressures when implementing smart city governance and performance measurement systems; suggests other city councils may benefit from the New Cairo experience.,A
main,95,"Secure the city, revitalize the zone: Smart urbanization in Camden, New Jersey",2018,10.1177/2399654417743767,journal_article,case_study,"Camden, New Jersey, USA","Camden's smart city surveillance and community policing strategy secured the city for zone-based neoliberal revitalization, but did not reduce crime as promised, instead producing new urban fragmentation.",2,2,2,1,yes,military_to_civil,tangential,"Many of these policing technologies and tactics mirrored those used in the United States military’s counterinsurgency efforts in Iraq and Afghanistan (Petraeus, 2006), part of the ongoing militarization of cities worldwide (Graham, 2010). || The security apparatus had to be in place before businesses would come: urban regeneration was predicated on the installation of militarized, citywide surveillance. || The primary impact of the security apparatus was to advance economic ambitions in zones like the Camden Waterfront project. Massive tax breaks may provide the incentive for corporations to locate in the city, but presence of the security apparatus and its properties of social control justifies and secures the investment.","Critiques the use of surveillance-first community policing as a prerequisite for urban revitalization, noting that it did not reduce crime but shifted perceptions. Recommends investment in residential neighborhoods and addressing root causes of poverty rather than relying on technological fixes.",A
main,96,"A Focus on Electromobility within Smart City Solutions—Charging Stations, Renewable Energy, and Air Quality Monitoring",2022,10.3390/s22207841,journal_article,case_study,"Brno, Czech Republic and Glasgow, UK","This paper reviews electromobility, renewable energy, and air quality monitoring in smart cities, discussing their dual-use potential for civilian and military applications.",2,1,1,0,yes,civil_to_military,tangential,"Smart cities are open domains for not only civil applications, but also for military purposes. || The infrastructure of smart cities can be considered as dual-use technology (civil and military) and should be able to help in times of disaster, security incidents, warfare activity... || The sensors in the city itself can bring more information about enemy activities or civil population movements.","The paper suggests that dual-use potential should be considered during the conception and design of smart cities to enhance resilience in crises, but does not provide specific policy recommendations.",A
main,99,Public Trust and Political Legitimacy in the Smart City: A Reckoning for Technocracy,2021,10.1177/0162243921992864,journal_article,empirical_quantitative,Hong Kong,"Examines how public trust and political legitimacy affect support for smart city endeavors in Hong Kong, revealing tensions between technocracy and democracy.",0,1,1,0,no,neither,no,"Technocracy ostensibly transcends the parlor games of politicians and power brokers to inform operable understandings about policy problems. || The technocratic imaginary stakes its political credibility on enhancing transparency, accountability, and effectiveness; these have been seen by governments as building blocks for strengthening trust and legitimacy. || This study's identification of statistically significant relationships between perceptions of legitimacy and smart cities support reflects a theme that is common across discussions about socio-technical imaginaries: loss of democratic control over policy processes captured by elite interests.","None specific. Suggests further research on trust, legitimacy, and democratic participation in smart city governance.",A
main,100,"Smart Cities, Surveillance and Speed in Imphal, Manipur",2024,10.1080/00856401.2024.2381997,journal_article,empirical_qualitative,"Imphal, Manipur, Northeast India","Enhanced surveillance under India's Smart Cities Mission in Imphal resonates with civilian authorities, armed forces, and citizens as a promise of development, despite decades of existing surveillance and counter-insurgency.",2,2,2,1,tangential,civil_to_military,yes,"Surveillant assemblages resonate powerfully in Northeast Indian cities, where both vertical (e.g. military/paramilitary-civilian) and horizontal (e.g. neighbour-neighbour) surveillance has been woven into the fabric of urban life over decades. || Enhanced surveillance under the SCM is grafted into this existing surveillance assemblage. The population can be monitored as they move through urban space, and there are fewer glitches and blackspots, fewer human errors or head turns. || The extension of the SCM to the Northeast is part of a longer project of enrolling the frontier into national development by making legible, governable space.","The paper critiques the SCM's one-size-fits-all approach in frontier regions, suggesting that surveillance technologies map existing spatial politics rather than transform them. It implies the need for context-sensitive urban policy that accounts for militarized histories and ethnic tensions.",A
main,103,"Smart Cities as ""Big Brother Only to the Dialogue Masses"": The Limits of Personal Privacy and Personal Surveillance",2022,,journal_article,theoretical,Europe and North America (focus on Netherlands),"Smart city projects that process only non-personal data still pose surveillance risks, requiring a broader understanding of surveillance beyond individual identification.",1,2,2,0,no,neither,no,"The idea behind this novel approach to smartness can be condensed into a statement offered by one of Stratumseind Living Lab's actors: 'We are Big Brother only to the masses.' || In order to reveal the underlying dynamics of power and how these might lead to surveillance abuse—even, or especially, when surveillance is based on the processing of seemingly non-personal data—concrete surveillance practices and their logics need to be examined. || The securitizing logic of surveillance within the Stratumseind Living Lab and other smart cities is transforming public spaces into consumption spaces.","The paper argues that data protection law's focus on personal data is inadequate for regulating smart city surveillance of aggregates, and calls for regulatory adaptation to address group privacy and the transformation of public space.",A
main,109,Radio Frequency IoT Sensors in Military Operations in a Smart City,2018,,conference_paper,case_study,global,This paper presents the development of a low-cost RF IoT sensor using COTS software defined radios for military spectrum monitoring and tracking in smart cities.,2,0,1,0,yes,civil_to_military,tangential,"This paper presents work performed by the NATO IST-147 'Military Applications of Internet of Things' group to explore the potential to exploit civilian Internet of Things (IoT) software defined radio infrastructure as radio frequency sensors for military operations. || Several scenarios are considered ranging from spectrum analysis, direction finding, and information fusion/tracking. || With the ability to leverage multiple software defined sensor sources from the Internet of Things, using directional modulation in the physical layer becomes a valuable asset as, by just replacing the antenna stage of already deployed radios, it substantively enhances security of the transmitted data while also preventing detection and spoofing of your desired sensors or other contributing network nodes.",None,A
main,113,Decision-support system for safety and security assessment and management in smart cities,2024,10.1007/s11042-023-16020-6,journal_article,case_study,"Europe (Greece, Czech Republic, Spain)","A Decision Support System for anti-terrorist urban security in smart cities, integrating threat analysis, evacuation, and traffic monitoring to support real-time decision-making.",0,0,1,0,no,neither,no,"This paper introduces a comprehensive Decision Support System developed as part of the S4AllCitites project, designed to seamlessly integrate with existing legacy systems in Smart Cities. || The system empowers public and private security operators with real time decision support capabilities during both prevention and intervention stages of potential attacks. || By integrating with existing smart city systems, the proposed DSS empowers decision-makers and operators during the planning and response phases, providing proactive threat anticipation and facilitating effective decision-making processes.","The system can inform urban planning and security design, integrating with CPTED (Crime Prevention through Environmental Design) principles to proactively incorporate security measures into smart city infrastructure.",A
main,115,"Contesting Digital Futures: Urban Politics, Alternative Economies, and the Movement for Technological Sovereignty in Barcelona",2020,10.1111/anti.12522,journal_article,empirical_qualitative,"Barcelona, Spain","Explores alternative digital development practices of the technological sovereignty movement in Barcelona, advancing prefigurative urban politics and postcapitalist economies beyond critiques of the smart city.",0,2,1,0,no,neither,no,"the algorithms that process such data are hidden from view, subject to intellectual property protections. || smart city programs turn political issues of urban governance into problems with 'technical' solutions. || the TS movement offers an example of how urban residents can exercise political agency through forms of creative experimentation with digital technologies—performing alternative economic practices and enacting forms of radical democracy against the 'post-political' turn in urban governance.","Discusses municipal government support for technological sovereignty, including migration to open-source systems, ethical digital standards, and subsidies for cooperative enterprises. Notes limitations of state power and electoral cycles.",A
main,116,Improving network resources allocation in smart cities video surveillance,2018,10.1016/j.comnet.2018.01.042,journal_article,empirical_quantitative,global,"Proposes a multilevel resources broker for heterogeneous networks to allocate resources for video surveillance in smart cities and military borderline security, balancing QoS and cost.",2,0,1,0,yes,civil_to_military,no,"In this article, a heterogeneous network scenario is considered to implement a multi-purpose real time video surveillance application which can be applied to both smart cities and military surveillance such as borderline security. || Since the analyzed scenario can be applied to military surveillance, a variety of kinds of resources are present. Since the main scenario to be analyzed is a military borderline security application, a variety of MNOs and technologies are considered to be available. || The availability of a LSA pool of military frequencies is also considered as network resources to be allocated whenever necessary.",None,A
main,117,"Illiberal smart urbanism? Lessons from the politics of state-led smart securitisation in Miskolc, Hungary",2023,10.1177/00420980221100462,journal_article,empirical_qualitative,"Miskolc, Hungary","Smart urbanism in Miskolc is overtly politicized under an illiberal regime, using CCTV surveillance to consolidate right-wing populist securitization, challenging post-political accounts.",1,2,2,2,no,neither,no,"In contrast to mainstream post-political understandings of smart urbanism, Miskolc’s smart surveillance project is wrapped up in an explicitly right-wing populist, and in certain respects racialised social ordering campaign. || The smart cameras are a key manifestation of this populist politics but they also reproduce the illiberal smart city through engineering a new form of normative consensus around securitisation. || Our effort to confront the unprecedented begins with the recognition that we hunt the puppet master, not the puppet.","The paper suggests that state-led smart urbanism in illiberal contexts can entrench exclusionary policies, and that local governments may be forced to maintain securitization due to electoral pressures, limiting emancipatory alternatives.",A
main,120,"Speculative futures: Cities, data, and governance beyond smart urbanism",2016,10.1177/0308518X16651445,journal_article,theoretical,global,"Urban big data governance enacts speculative futures that anticipate and securitize against risks, but cannot divest itself of existing socio-spatial inequalities, projecting them forward.",2,2,2,1,tangential,civil_to_military,yes,"EMOTIVE is furthermore interesting insofar as it is demonstrative of the ways in which corporate and state forms of governance (and governmentality) are increasingly difficult to separate as data and security have become progressively imbricated in an ever-intensifying '(big) data-security assemblage' which privileges and enables data-driven forms of securitization (Aradau and Blanke, 2015). || The urban derivative abstracts extant inequalities into algorithmic projections of possible urban futures, such that enactments of algorithmic governmentality reassemble the city in its own geographically uneven image. || Insofar as (urban) big data look to the future, it cannot but anticipate socio-spatially stratified cities. This is because the security calculus is dependent on the urban derivative which, contra Amoore's (2011, 2014) theorization of the data derivative, is not indifferent to actual conditions on the ground.",Critiques predictive policing and sentiment analytics as reinforcing urban inequalities; suggests that data-driven governance should be attentive to representation biases and the persistence of socio-spatial stratification. Notes the potential for counter-data projects like the Citizens Police Data Project to invert power imbalances.,A
main,122,중국 인공지능산업의 발전과 사회적 규제 논의 - 개인정보 보호와 디지털권위주의를 중심으로 -,2022,,journal_article,policy_analysis,China,Analysis of China's AI regulation shows that privacy protection is strengthened for corporate misuse but government surveillance for national security remains unregulated.,0,1,2,0,tangential,civil_to_military,no,"디지털 권위주의는 AI를 포함한 디지털 기술을 활용하여 국가 이데올로기를 강화하거나 시민에 대한 통제와 감시를 일상화하여 정치적 통제를 확대하는 체제를 말한다. || 스마트시티는 정보통신기술(ICT)과 데이터 컴퓨팅, 영상인식 등 AI기술을 기반으로 도시기반시설을 촘촘히 연결하여 치안, 교통, 행정, 교육 등에 첨단 인프라가 적용된 지능형 도시를 말한다. || AI 기술이 전쟁, 테러, 범죄 등에 악용될 경우 그 피해는 심각할 것이다.","Suggests China needs to develop social regulation to minimize AI's negative effects, especially government surveillance, to gain international trust.",A
main,129,"Computational Intelligence Methods for Green Technology and Sustainable Development: Proceedings of the International Conference GTSD2024, Volume 1",2024,10.1007/978-3-031-76197-3,edited_volume,other,global,"This edited volume presents proceedings from GTSD2024, covering computational intelligence for green technology and sustainable development across diverse engineering applications.",0,0,0,0,no,neither,no,,None,A
main,130,Fabrication of space: The design of everyday life in South Korean Songdo,2023,10.1177/00420980221115051,journal_article,empirical_qualitative,"South Korea (Songdo, Incheon)","Songdo's smart city design is a hybrid fabrication of space enabled by the fusion of 'seeing like a state' and 'seeing like a corporation', normalizing surveillance and social control through semi-gated communities.",2,2,2,0,tangential,civil_to_military,yes,"Securitised by the ubiquitous digital tools of centralised surveillance, First World dispenses with hard borders and rests instead on a concept of ‘soft’ gatedness || The provision of safety is shifted entirely to the apatu's privately run central security office and the main lobbies of buildings that one cannot enter unannounced. ... We have 400 CCTVs in our block || Seeing like a state and seeing like a corporation overlap in their common vision of making society legible and thus manageable, whereby systems of control and extraction of profit can be more efficiently consolidated and normalised","The paper suggests that the hybrid state-corporate model of urban governance normalizes surveillance and reduces public space, with implications for urban planning and the need for more participatory and less securitized approaches.",A
main,131,The Challenge of Big Data and Data Science,2019,10.1146/annurev-polisci-090216-023229,journal_article,review,global,"Reviews societal impacts of big data and data science for political science, including smart cities, cyber-warfare, and ethical challenges.",1,1,1,0,tangential,both,no,"Big data and data science are transforming the world in ways that spawn new concerns for social scientists, such as the impacts of the internet on citizens and the media, the repercussions of smart cities, the possibilities of cyber-warfare and cyber-terrorism... || Because the decisions about what data are collected, how they are processed, and how they are used all involve choices, often influenced by who has power and who does not, these systems are inherently political. They can easily become technocratic, overly influenced by corporate interests, and perhaps most alarmingly, the basis for the 'panoptic' city... || A number of writers (Harcourt 2007, Mbadiwe 2018, Williams et al. 2018) have worried that algorithms used to assign bail, decide on sentences, or place prisoners in various levels of detention rely on predictions that are not causal, that reproduce stereotypes, and that exacerbate racial biases.","Discusses ethical issues of algorithmic decision-making (bail, sentencing, police stops, campaign mobilization) and calls for political scientists to be involved in designing social institutions and policies. No specific policy recommendations.",A
main,139,The Future Possibilities and Security Challenges of City Digitalization,2023,10.3390/smartcities6010008,journal_article,case_study,Rotterdam (Netherlands) and Brno (Czech Republic),"City digitalization is highly individual and while current platforms visualize data, they lack advanced AI functions; security risks and military dual-use potential must be considered from the start.",2,1,1,0,yes,both,tangential,"The technical design of a smart city should also be considered from the perspective of ensuring the defence of the state from two different perspectives: Misuse of the technical infrastructure by the enemy to support their attack... The use of the smart city’s technical infrastructure to support the defence of its own territory when attacked by the enemy. || The use of the smart city infrastructure by the military is, according to [69], possible in different areas: Sensors deployed in buildings can provide data on air quality, chemical/smoke, radiation, and gas to indicate various types of chemical leaks, explosions, and hostile activities in areas. || The architecture of the smart city and army technologies would need to be developed in mutual compliance to avoid interoperability issues. Only then will it be possible to take advantage of all the benefits that cooperation between smart city technologies and the army offers.",Recommends that security and possible misuse be considered from the beginning of hardware and software design; essential or critical infrastructure systems must comply with relevant legislation; smart city and military technologies should be developed in mutual compliance for interoperability.,A
main,146,Integrated mass surveillance system for large scale events,2016,,conference_paper,other,global,Presents a crowdsensing-based mass surveillance system for large events to monitor crowd dynamics and enable targeted interventions by authorities.,1,1,1,0,no,neither,no,"We have developed an integrated mass surveillance system based on crowdsensing data, where the system helps authorities and organizers in information gathering about the actual dynamics of the crowd. || If the organizers and authorities can obtain valid information about the crowd dynamics, they would be able to perform quick and targeted interventions. || The system in default does not send alert messages directly to the participants as it could lead to even greater panic.",None,A
main,159,How Fear of Crime Affects Needs for Privacy & Safety: Acceptance of Surveillance Technologies in Smart Cities,2016,,conference_paper,empirical_quantitative,Germany (primarily North-Rhine Westphalia),"Individual perceived crime threat significantly influences acceptance of surveillance technologies in urban environments, with higher fear correlating with lower privacy concerns in public spaces.",0,1,1,0,no,neither,no,"people usually do not know, which of their actions are monitored or how or for what purpose surveillance data is further processed and used || the assessment of individual privacy and safety needs provides an explanation for the identified acceptance patterns. In public spaces, people have a higher need for safety, i.e. they 'sacrifice' their privacy rights for a higher safety from potential crime assaults || the predominantly technology-centered planning of infrastructural city concepts, without integrating citizens into the decision-making processes, seems not sufficient to cover persons’ attitudes regarding safety and privacy concerns in the context of smart cities","Suggests that urban surveillance planning should consider citizen diversity in perceived crime threat, and that ethical-normative approaches should be complemented by user-focused perspectives.",A
main,160,Introduction,2018,10.1007/978-3-319-75232-7_1,book_chapter,theoretical,global,Megacities require new intelligence frameworks integrating civilian and military data for situational awareness and stability prediction.,2,1,2,0,tangential,civil_to_military,tangential,"Therefore, there is a need for a common intelligence framework that captures military operations, urban operations, emergency response operations, and city behavior. By creating such a framework, the sharing of information and common understanding of potential instabilities can be recognized and communicated across interested parties. || Both the US Army and the World Bank are studying megacities, in an effort to define indicators through which to manage or describe these urban environments. || Based on the rise of the Internet of Things and Smart City technologies, future intelligence techniques for megacities will be data focused.","Suggests need for a common intelligence framework integrating military and civilian data for megacity stability, implying cross-sector coordination challenges.",A
main,173,"Realtime Urbanism: The Architecture of Packets, Pixels, and Neurons",2025,,journal_article,theoretical,global,"Realtime urbanism is a mode of spatial governance emerging from computation, communication, and immersive media, operating across urban space with minimal delay, rooted in imperial infrastructures with contemporary consequences of violence and control.",2,2,3,2,yes,both,yes,"Realtime systems produce a latency-driven epistemology, naturalize control as responsiveness, and collapse deliberation into automation. || Realtime urbanism is not neutral. It is a political formation rooted in imperial infrastructures with contemporary consequences. || The ability to sense, model, and intervene with minimal delay defines the current trajectory of military, entertainment, and urban systems. Realtime is the shared operational condition that enables all three.","Calls for architecture to confront complicity, reject techno-solutionism, and align with movements of refusal and emancipation; no specific policy recommendations.",A
main,200,Studying Surveillance AI-cologies in Public Safety: How AI Is in the World and the World in AI,2024,10.24908/ss.v22i2.16104,journal_article,empirical_qualitative,"Netherlands (The Hague, Scheveningen)","The paper argues that AI-aided surveillance in public safety forms complex 'surveillance AI-cologies' requiring a quintuple helix and ELSA framework for democratic governance, exemplified by a Living Lab in Scheveningen.",1,2,2,0,no,neither,no,"Using AI in public safety might carry the increased risk of contributing to opaque decision making, structural inequalities, and the further manifestation of systemic injustices. || It is crucial to problematise the technological impetus not only to avoid unnecessary investments in the rush to implement AI but also to avoid other (unintended) societal effects. || The development of democratically controlled AI surveillance requires the systematic consideration of ethical, legal, and social aspects (ELSA) within the quintuple helix (public, private, civil society, academia, nature).","The paper advocates for democratic control of AI surveillance, matching investment in technological infrastructure with democratic infrastructure, and considering 'No Surveillance AI-cologies' as a valid option. It calls for inclusive stakeholder engagement and ethical oversight.",A
main,207,Hidden in Plain Sight: Toward a Smart Future in Eindhoven,2019,10.1080/20507828.2019.1705558,journal_article,case_study,"Eindhoven, Netherlands","Examines the pervasive, often hidden deployment of smart technologies in Eindhoven, revealing how citizens are subjected to data collection and surveillance without consent, and questions the normalization of mass-surveillance.",0,2,2,0,no,neither,no,"Traces of such a proliferation of 'smartness' appear dotted throughout the city in the form of cameras and sensors, without much disclosure regarding who owns them and what they are used for. || Eindhoven’s citizens are subjected to various data-collection systems and living-lab experiments without their knowledge or agreement, as well as without any idea of the potential consequences and implications. || the only way to opt-out of participation is to opt-out of the city.",Highlights the need for transparency and regulation in smart city data collection; criticizes the voluntary sensor registry as ineffective and calls for addressing the normalization of surveillance.,A
main,212,THE ROLE OF ADDITIONAL INFORMATION IN OBTAINING INFORMATION,2019,10.7906/indecs.17.3.2,journal_article,theoretical,global,"Additional information transmitted in public communication can be obtained via OSINT, illustrated through an online game.",0,0,0,0,no,neither,no,"In public communication the destination of the information is not a specific person or object. Therefore, additional information can be obtained by anyone. || The technology of Open Source Intelligence is one of the basic elements of the social engineering information palette. || The game's summary is an example of how examining transmitted information from other angles can influence information acquisition.",None,A
main,220,"Surveillance, race, and social sorting in the United Arab Emirates",2021,10.1177/02633957211009719,journal_article,empirical_qualitative,United Arab Emirates,"Surveillance technologies in the UAE are not race-neutral but reinforce ethno-racial hierarchies and state control, embedded in colonial legacies and global War on Terror networks.",2,3,2,1,yes,both,tangential,"Surveillance technologies are today easily commodified and circulate through the private surveillance industry. In the wake of the WoT, the rampant privatisation of warfare, from the use of Private Military and Security Companies (PMSCs), logistics firms for the housing and feeding of troops, to contracting private surveillance firms, has helped to both grow and imbed this private surveillance industry well beyond conflict zones. || Despite claims to being race-neutral and scientific, surveillance technologies have an embedded racial bias and operate according to context to (re)produce forms of state control and racial social relations. || The biometric ID itself becomes the node, which determines all interactions with the state, integrating every relation, even with basic infrastructures like hospitals, telecommunications, and water, into its remit.","Critiques the transfer of surveillance technologies and counterterror legislation from Western states to the UAE, highlighting how such transfers reinforce authoritarian governance and racial hierarchies. Recommends moving beyond a focus on liberal democracies to examine non-Western contexts.",A
main,225,Kommersiell sporing – nasjonal risiko,2022,10.23865/intpol.v80.3096,journal_article,policy_analysis,"Norway, global","Commercial digital tracking and sale of personal data pose national security risks as they can be exploited by foreign powers for espionage, sabotage, and subversion.",2,2,1,0,yes,civil_to_military,yes,"Datasettenes digitale natur medfører større detaljgrad, maskinlesbarhet optimalisert for automatisering, lange tidsserier, sanntidspotensial og mindre ressurskrevende datainnhenting sammenlignet med analoge metoder. || Kommersiell digital overvåkning har blitt så omfattende at det medfører en stor datalekkasje inn i et uoversiktlig, globalt marked. || Artikkelen vil vise eksempler på hvordan data har blitt anvendt for etterretning og sporing av enkeltpersoner, tilrettelegging for dataangrep, kartlegging av skjermede lokalisasjoner, samt som et verktøy i påvirkningsoperasjoner rettet mot grupper.","Argues that strong privacy legislation should be viewed as a collective security tool, not a bureaucratic straightjacket, and that data control and privacy are national security issues.",A
main,259,Cybersecurity as a Politikum: Implications of Security Discourses for Infrastructures,2016,10.1145/3011883.3011887,conference_paper,theoretical,global,"Security is an ambiguous, contested concept; its framing in discourse shapes ICT infrastructure governance and access, making cybersecurity a political matter (Politikum).",1,2,1,0,no,neither,no,"Security is a contested concept rather than a fixed goal. The way it is conveyed and understood (i.e. in terms of threat models and trusted parties) shapes how technologies and technological infrastructures are designed and operated. || When something is framed as a security issue, it can motivate actions which have structural impacts on an ICT infrastructure. Within governance processes, cybersecurity arguments can justify certain actions and practices which have effects on the overall infrastructure and can further or counter other, non-security related aspects. || The political role of framing becomes clearer when we look at the function of security arguments within (infrastructure) governance. On the one hand, framing a security issue in a certain way is a feasible tool to justify certain activities. On the other hand, framing something as a security issue can justify extraordinary measures that would otherwise be deemed undesirable.","The paper argues for increased transparency and democratic control in security decision-making, and suggests that making security frames explicit can improve communication and accountability in infrastructure governance.",A
main,262,"Urban military geographies: New directions in the (re)production of space, militarism, and the urban",2023,10.1111/gec3.12727,journal_article,review,global (primarily European and North American cities),"This review uses Lefebvre's spatial triad to conceptualize urban military geographies in peacetime, showing how cities are privileged sites for reproducing militarism and how military presence shapes urban space.",1,1,2,1,tangential,military_to_civil,no,"control technologies developed for military purposes have become more intertwined with the new architectures of urban life and the 'spaces of discipline' (Foucault, 1991), creating a strong link between citizenship, consumption and militarism. || the discursive and material construction of smart cities (Vanolo, 2014; Wiig, 2018; Wiig & Wyly, 2016) have supported the development of hybrid systems that enable the tracking of citizens' habits and behaviours. || these processes, which combine military and civilian activities, respond to a twofold need within contemporary cities: firstly, to mobilise control infrastructures for purposes of defence and preparation for war; secondly, to support processes of valorisation and financialisation of urban time and space, through surveillance tools originally developed by the armed forces.",None,A
main,263,Your face is not new to me – Regulating the surveillance power of facial recognition technologies,2023,10.14763/2023.1.1699,journal_article,theoretical,Europe (with references to US and Asia),"Facial recognition technologies used by law enforcement can be regulated proportionately under EU data protection law and the AI Act, rather than banned outright, to balance surveillance benefits with fundamental rights.",1,2,1,0,no,neither,no,"FRTs are one of the cutting-edge applications of artificial intelligence and big data for surveillance purposes. The uses of these biometric technologies are widespread in our cities. However, they may result in serious abuses against the rights of people and minorities, or even in new kinds of mass surveillance. || FRTs produce an 'informatization of the body' (Van Der Ploeg, 2005), whereby body parts are objectivised and become direct sources of digital information for automated external controls to which the person is subjected. || The EDPB and the EDPS have also stressed that it is crucial to ensure clarity concerning the relationship between the Proposal and existing legislation (EDPB & EDPS, 2021, §15).","Recommends regulating FRTs under EU data protection law and the AI Act, with proportionality as the guiding principle; calls for clear rules on legal basis, data retention, bias mitigation, and independent authorisation for use by law enforcement.",A
main,272,A Crowdsensing Platform for Mass Surveillance,2016,,conference_paper,empirical_quantitative,global,Presents a crowdsensing-based mass surveillance system using mobile phone data to monitor crowd dynamics in real time for event safety.,0,0,1,0,no,neither,no,"We have developed an integrated mass surveillance system based on crowdsensing data, where the system helps authorities and organizers in information gathering about the actual dynamics of the crowd. || The authorities need reliable surveillance systems which can provide better monitoring solutions to understand the movement of the crowd in a real time manner. || The vast majority of visitors of today's large events already have a mobile device... Data from these sensors are collectable and by processing them valuable information can be obtained.",None,A
main,285,URBAN OPERATING SYSTEMS: Diagramming the City,2017,10.1111/1468-2427.12479,journal_article,theoretical,global,"Urban Operating Systems transfer rationalities from military and corporate domains to the city, constructing a new urban diagram of control based on functional simplification and heterogeneous reintegration.",2,2,3,0,yes,both,tangential,"This article aims to examine the emerging Urban OS, tracing its historical roots within military and corporate domains whilst also establishing how its contemporary application may generate new relations and embody a new logic of urban control. || Drawing on rationalities and techniques originally developed in the interface between the defence, corporate and IT sectors, Urban OS prioritize a highly technocratic style of integrative urban control. || The Urban OS, as an essential component of the smart city, emerges as a new urban diagram which 'does not function to represent, even something real, but rather constructs a real that is to come, a new type of reality' (Deleuze and Guattari, 1987: 142).",The paper calls for scrutiny of the epistemological underpinnings of computational urbanism and suggests that the progressive potential of smart cities depends on subjecting their modes of calculation to democratic debate. It does not offer specific policy recommendations.,A
main,290,Future Cities: Trends and Implications,2019,,policy_report,policy_analysis,global,"Examines future urban trends (smart cities, environment, infrastructure, demographics, actors) and their military implications for UK operations, highlighting opportunities and risks.",2,1,2,1,tangential,both,yes,"Existing and emergent smart city technology has the potential to be used by the UK military to gain significant advantages in their operations within urban environments. || The military will increasingly operate in an environment of pervasive surveillance. This will reduce their ability to operate undetected. || The concept of smart city is an evolving process in which cities aim to become more 'liveable' and resilient and, hence, able to respond more quickly to new challenges [as they] bring together hard infrastructure, social capital including local skills and community institutions and [digital] technologies to fuel sustainable economic development.","Provides extensive military recommendations: develop urban database, train cultural advisors, invest in cyber capabilities, explore autonomous vehicles, and adapt force structure for urban operations.",A
main,308,Territorialising the cloud or clouding the territory? Volumetric vulnerabilities and the militarised conjunctures of Singapore’s smart city-state,2024,10.1016/j.polgeo.2024.103211,journal_article,empirical_qualitative,Singapore,The volumetric characteristics of cloud computing create new expressions of territoriality that reveal vulnerabilities and militarised conjunctures in Singapore's smart city-state.,3,2,2,2,yes,both,yes,"The overlap of 'city' and 'state' causes matters of national security to be urban as much as they are national concerns. The defensive role of the military has caused Singapore to become a 'key theoretical site for applying a governmentality optic, given the contiguous relationship with sovereign nation-state-power'. || if you just look at the capacity on the public clouds' workload running everywhere – core, edge, and very distributed – I think that makes the problem around threat detection and threat remediation very much more acute, because your attack surface is therefore much, much, much wider. || MINDEF/SAF can leverage our digital factory rapidly to meet operational needs, I think that is something we can offer the smart city conversation on how to develop products that meet changing needs in a very rapid way.",Discusses the need for geofencing and data localisation strategies to territorialise cloud data; recommends policy reviews for cloud security in smart city contexts; highlights the role of digital factories and public-private partnerships in managing volumetric vulnerabilities; emphasises the importance of civil-military fusion in national security strategy.,A
main,328,Digital cities and their commercial aesthetics: The celebration of monarchy in Bangkok,2025,10.1177/00420980251363790,journal_article,empirical_qualitative,"Bangkok, Thailand","Digital urban infrastructure in Bangkok facilitates cheap and efficient circulation of royal visual propaganda, reinforcing monarchical authority and normalizing urban inequality.",0,1,1,0,no,neither,no,This article argues that the expanding role of digital urban infrastructure in Bangkok has revitalised a visual aesthetic designed to uphold royal authority. || Digital infrastructure provided a cheap and horizontally far-reaching mode of communication which replicated pre-existing images. || The everyday encounters with images of the monarchy in commercial spaces and online platforms thus serve as an intimate and unavoidable imposition of royal influence.,None,A
main,343,"Tweets of surveillance: Traffic, Twitter, and securitization in Beirut, Lebanon",2017,10.1177/1463499617729296,journal_article,empirical_qualitative,"Beirut, Lebanon","The Twitter account for Beirut's Traffic Management Center illustrates how social media technology serves as a portal for state securitization and legitimacy, while also enabling citizen challenges to state authority.",1,2,2,1,no,neither,no,"The Twitter profile page for Beirut's Traffic Management Center shows a control room with policemen sitting in front of numerous monitors that display live feeds from the city's traffic cameras. It is an image highlighting not merely the state's ability to harness technology in the management of vehicular mobility, but also how technology itself becomes a terrain for the securitization of urban public space. || In broadcasting the state's capacity to remotely monitor traffic, these images suggest the ubiquity – made possible by smart technologies – of the state surveillance of public life. || By making it possible for citizens to 'watch from below,' the technology of Twitter becomes a political terrain, a platform for the social struggle over the notions and practices of security.","The paper suggests that smart technologies in urban governance can both reinforce state authority and enable citizen contestation, highlighting the need for transparent and accountable use of surveillance technologies in public space.",A
main,356,Roads Infrastructure Digital Twin: A Step Toward Smarter Cities Realization,2021,10.1109/MNET.011.2000398,journal_article,empirical_quantitative,global,"Proposes a Digital Twin Box for roads infrastructure to enable smart city applications, including object detection and recognition for security, tourism, and autonomous driving.",1,0,2,0,yes,civil_to_military,tangential,"The outcome of the latter step would be of utmost importance to many other services and domains such as national security. || Also, the national security authorities can also use the platform to search for a suspicious person/car just by using their picture/its plate number to see the different places visited by that person/car, respectively. || The combination and fusion of all gathered and processed data will give a better understanding of the contextual circumstances when accessing the data. The resulting database would be of great importance for many other services and domains such as tourism, insurance and national security.",None,A
main,362,A systematic literature review of open innovation in the public sector: comparing barriers and governance strategies of digital and non-digital open innovation,2022,10.1080/14719037.2020.1838787,journal_article,review,global,"Compares barriers and governance strategies between digital and non-digital open innovation in the public sector, finding relational barriers dominate non-digital OI and capacity/technical barriers dominate digital OI.",0,0,0,0,no,neither,no,"The results of this review indicate that relational barriers are relatively more influential for non-digital OI. ... On the other hand, capacity- and technical-related barriers emerge as the major challenge for digital OI. || Such transformation from relational barriers to capacity- and technical-related barriers indicates that digital technologies may reduce the need for direct government-stakeholder interaction that is usually full of tensions, but simultaneously they bring about new capacity-related challenges to steer the technologies. || Our review also reveals that to remove the barriers of OI, governance strategies need to be appropriately adopted by governments.","Discusses governance strategies for open innovation: political commitment, intermediaries, top-down mandates for public-public OI, supportive/persuasive strategies for offline citizen participation, reward/review for online participation, and data quality management/legal frameworks for digital public-private OI.",A
main,441,CollectiveOS Exobody Node Program (IX-1): A Comprehensive Technical and Operational Analysis of the First Civilian-Legal Telepresence Platform,2025,,grey_lit,other,global,"The IX-1 Exobody Node Program is a civilian-legal telepresence platform that rejects militarization and surveillance capitalism, using certified hardware and immutable logging to ensure safety and accountability.",0,0,0,0,no,neither,no,"The IX-1 emerges as a distinct third vector, rejecting both militarization and surveillance capitalism in favor of a new paradigm: Human-Centric Augmentation. || It asserts that the future of robotics need not be defined by the lethal autonomy of the battlefield or the privacy-eroding surveillance of the smart city. || The IX-1 is not a monolithic robot; it is a distributed 'exosystem' comprising three distinct physical domains—Neural, Ground, and Air—linked by a unified software nervous system.",None explicitly beyond promoting civilian-legal certification and compliance frameworks for robotics.,A
main,491,Intelligent 5G Networks Designed and Integrated for Globalized Operations (INDIGO),2022,,,,,,,,,,,,,,,A
main,508,Algorithmic Governance and the International Politics of Big Tech,2021,10.1017/S1537592721003145,journal_article,theoretical,global,"Algorithmic governance by Big Tech creates new private authorities and mediates state-corporate relations, requiring IR scholars to engage with these issues.",2,3,1,0,tangential,civil_to_military,yes,"Google’s image recognition algorithms have helped inform target selection for US drone strikes in the 'War on Terror' (Amoore 2020). || In 'algorithmic governance,' deference to automated decision-making makes algorithms 'a source and factor of social order' (Just and Latzer 2017, 246). || The opacity of algorithms makes it difficult to know precisely when one is being influenced by algorithms and then to identify specific harms.","Discusses need for regulation (antitrust, privacy, speech), corporate responsibility, and international frameworks like GDPR and Digital Services Act. Highlights challenges of legitimating Big Tech's private authority.",A
main,511,영국 경찰기관의 빅 데이터 활용 관리와 정책 시사점에 관한 연구,2019,,journal_article,policy_analysis,"UK (England, Wales) and South Korea","Examines UK police big data systems and integration efforts, drawing policy implications for Korean police.",1,1,1,0,tangential,civil_to_military,no,"random hit rates were less than 1%, intelligence-led hit rates were 5%, and algorithm-based predictions were 10 times more accurate than random and 2 times more accurate than intelligence-led predictions. || The integration of databases was intended to enable qualitative and quantitative improvements in Big Data analysis, allowing law enforcement agencies to effectively deal with organized, cross-regional, and cyber crimes. || If police big data were to be fully integrated with the data owned by GCHQ, it would have significant implications for individual privacy and human rights.","Recommends establishment of a national data strategy, a central control tower for big data, and legal reforms to balance efficiency with privacy rights.",A
main,513,"Post-racial politics, pre-emption and in/security",2024,10.1177/13675494231168177,journal_article,theoretical,global,"Predictive policing and counter-terrorism algorithms mobilise post-racial logics that renew racial oppression while appearing race-neutral, making security indistinguishable from insecurity.",2,3,2,1,yes,military_to_civil,tangential,"PredPol software was developed... using algorithms used for predicting earthquake aftershocks to anticipate the location of crime 'hot spots'... Brantingham was motivated to develop PredPol through his original Pentagon-funded work, which forecasted battlefield casualties in Iraq. Other projects included research funded by the US Department of Defense which attempted to model 'gang' violence in California via Iraqi insurgent attacks (González, 2015). || algorithmic systems involved in the calculus of risk for state securitization are racializing assemblages. The features that matter in identifying a future terrorist and determining levels of threat operate... upon logics of racialisation that are encoded into specific computational parameters. Algorithms do not become racialised when encountering data imbued with elements of sociopolitical difference but rather mobilise logics of racialisation in order to process data assemblages (p. 31). || Policing does not have a 'racist history'. Policing makes race and is inextricable from it. Algorithms cannot 'code out' race from American policing because race is an originary policing technology, just as policing is a bedrock racializing technology.","Critiques the UK's Prevent and Channel counter-terrorism programmes, highlighting their racialized and pre-emptive nature, and the way they normalise surveillance and intervention on Muslim populations. Recommends recognising the in/security and containment logic of the War on Terror.",A
main,516,"Embodied Data, Shifting Perspective: Future Wake and the Politics of Predictive Policing",2024,,book_chapter,case_study,"US, Netherlands","Examines the artistic project Future Wake that uses predictive algorithms to predict police killings, shifting focus from offenders to victims, to critically reflect on the politics and logics of predictive policing and algorithmic violence.",0,3,2,0,no,neither,no,"Predictive policing is a form of big data surveillance in which historical crime data is analysed for the purpose of predicting in which geographical areas there is an increased likelihood that crime will occur. || What data law enforcement collects, their methods for analyzing and interpreting it, and the way it informs their practice are all part of a fundamentally social process. Characterizing predictive models as “just math,” and fetishizing computation as an objective process, obscures the social side of algorithmic decision-making. || By transforming abstract data points into faces, Future Wake destabilizes this neutrality and objectivity of data, and highlights how real people are impacted by such datafied predictions.","None explicitly, but calls for transparency and critical democratic inspection of AI systems.",A
main,518,"Optimization of the homicide predictive classification algorithm: a study applied to the military police of Minas Gerais state, Brazil",2025,10.1108/DTA-03-2025-0170,journal_article,empirical_quantitative,Brazil (Minas Gerais state),Optimizes a Homicide Predictive Classification algorithm for the Military Police of Minas Gerais to enhance predictive accuracy and support focused deterrence strategies.,1,2,1,0,no,neither,no,"Unlike COMPAS, which operates as a proprietary recidivism assessment tool with limited transparency, HPC Test 6 offers open mathematical formulations and explicit variable weighting, ensuring reproducibility and being auditable. || Critics point to the opacity of algorithmic processes and the lack of public oversight, which may undermine police legitimacy and deepen public distrust. || As O'Neil (2016) warns, predictive systems reflect the fallibility of their human creators and may inadvertently reinforce social inequalities.","Recommends integrating additional datasets (prison management, civil registry) and emphasizes transparency, institutional oversight, and focused deterrence strategies.",A
main,522,Tackling Delinquency in the Era of Social Credit System: Prospects and Risks,2021,10.17150/2500-4255.2021.15(3).282-294,journal_article,theoretical,China,"The Chinese Social Credit System transforms punishment into a diffuse, permanent consequence separated from culpable acts, undermining legal liability institutions.",2,2,2,0,tangential,civil_to_military,yes,"Основным модусом действия ССК и связанных с ней механизмов контроля является не что иное, как инструментализация человеческого поведения в целях его последующих модификации и прогнозирования, что уже отмечалось в недавней работе американской исследовательницы Ш. Зубофф. || Алгоритмическая архитектура ССК освобождает наказание от безусловной связи с правонарушением, виной, законной мерой и сколь-либо прозрачными процедурами, заставляя субъекта с повышенным вниманием относиться к своим повседневным занятиям и привычкам. || Развивающаяся алгоритмизация этих механизмов влечет превращение субъекта права в 'цифровую личность', перманентно находящуюся под угрозой применения наказания.",Concludes that risks of the Social Credit System outweigh benefits due to erosion of legal state principles and individual rights guarantees; implies need for caution in implementing similar systems.,A
main,523,A Survey of Applicability of Military Data Model Architectures for Smart City Data Consumption and Integration,2018,,conference_paper,theoretical,global,Proposes architecture for integrating Smart City data into military information systems using standardized military data models to improve situational awareness.,3,0,1,0,yes,civil_to_military,yes,"In these cases, an existing Smart City infrastructure can greatly assist emergency forces like relief units or supporting military forces by providing the data it already has. || The paper discusses how the available data and information from a Smart City infrastructure can be utilized to improve the SA of emergency forces like relief units or the military during an operation in a Smart City environment. || For the integration of the Smart City information into the federated information space we propose to map the IoT information to existing military data models.",None,A
main,527,"Neoliberalisation of Security, Austerity and the ‘End of Public Policy’: Governing Crime in Memphis (TN, USA) Through Predictive Policing, Community, Grants and Police ‘Mission Creep’",2018,,journal_article,empirical_qualitative,"Memphis, Tennessee, USA","The paper argues that neoliberalisation and austerity in Memphis security policymaking lead to the 'end of public policy' as conscious government action, replaced by contradictory patchworks of state intervention/disengagement.",0,2,2,1,no,neither,no,"Data analysis and advanced technology provide policymakers and the public an illusion of objectivity, which is particularly appealing in times of fiscal constraint and requests for accountability (Ferguson, 2012, 269; Townsend, 2015). || Predictive policing is the most comprehensive way in which data and algorithms have permeated urban security. A hyper-technological version of hot-spot policing, predictive policing analyses historical spatial patterns of reported crimes and real-time CCTV data to decide where and when police patrols should be deployed with preventive function. || The deployment of cameras in White neighbourhoods versus 'safety zones' in Black neighbourhoods is evidence of the way urban security has become a means to govern and reproduce socio-economic relationships (cf. Simon, 2007; Camp and Heatherton, 2016; Hinton, 2016): reassuring the rich, policing the (racialised) poor.","The paper warns that austerity-driven security policymaking replaces conscious public policy with contradictory patchworks, and calls for addressing structural root causes of crime. It highlights the inefficiency of militarised policing and the need for social policy investment.",A
main,531,Attaining Security Through Algorithms: Perspectives of Refugees and Data Experts,2021,,book_chapter,empirical_qualitative,"Estonia, Turkey, Syria","Refugees and data experts have contrasting perspectives on police risk-scoring algorithms, revealing a double security paradox where refugees are both at risk and perceived as risks, amid concerns about bias, division, and algorithmic opacity.",1,2,2,1,no,neither,no,"We develop seemingly smart algorithms, but in reality, they are black boxes and we don't actually know the intricacies of how they operate. This poses all sorts of risks. || The algorithms are perceived to construct further social borders in society and justify extant ideas about marginalized groups. || One of the main concerns related to use of a PRSA or similar algorithmic solutions is that such systems may create further divisions in society based on certain categories that may be related to race, ethnicity, ideology, social class or even appearance.",Recommends including data subjects' views in algorithmic development and adding transparency to algorithms to increase trust in authorities. Calls for ensuring algorithms are just and fair in mediating diverse experiences.,A
main,533,"Repressive connectivity and digital resistance: internet shutdowns, speech and networked counterpublics in Manipur",2026,10.1080/01436597.2025.2600560,journal_article,theoretical,India (Manipur),"Internet shutdowns are acts of epistemic violence and infrastructural control that weaponize digital infrastructures to suppress dissent, but also catalyze adaptive resistance and subaltern counterpublics.",2,3,2,1,tangential,civil_to_military,tangential,"Internet shutdowns, algorithmic censorship and data extraction exemplify what this article terms repressive connectivity: a logic in which digital infrastructures serve as instruments of surveillance, exclusion and epistemic control (Deibert 2022; Zuboff 2019). || The shift from democratic pluralism to a technocratic and opaque regime of control suggests not merely a regulatory overreach but an epistemic transformation – where knowledge production, dissent and public deliberation are increasingly shaped by logics of secrecy, invisibility and algorithmic governance (Pasquale 2015). || Internet shutdowns in this context extend those colonial logics by enacting what Santos calls epistemicide: the erasure, distortion, or silencing of subaltern knowledge through state-engineered disconnection.","Calls for international legal frameworks to hold states accountable for internet shutdowns as human rights violations, and advocates for epistemic and infrastructural justice, including community-owned mesh networks and encryption tools. References UN HRC Resolution 32/13 and ICCPR General Comment No. 34.",A
main,535,"Pre-crime, Post-criminology, and the Captivity of Ultramodern Desire",2020,10.1007/s11196-020-09719-4,journal_article,theoretical,global,"Hyper-securitization in the ultramodern era, through pre-crime sign-optics and post-criminology sign-exchange values, produces clinical captivity by reducing inter-relatedness through de-vitalization and finalization.",0,2,3,0,no,neither,no,The pre-crime society of Deleuzian control is both a metaphor about and a meditation on the conditions of relational captivity. || The optics of hyper-securitization refer to the cultural signs of dataveillance. || The datafication of subjects and the problematic ontological and epistemological claims of this dataism.,None. The paper provides a critical diagnosis of hyper-securitization but does not offer specific policy recommendations.,A
main,536,Ambivalent Morality: Negotiating the (Neo)Colonial Conditions of Policing at the Urban Margins,2025,10.1111/1468-4446.70066,journal_article,empirical_qualitative,Chile (Santiago),"Police officers negotiate neocolonial conditions of predictive policing through ambivalent morality, hybrid discourses that both reinforce and deflect poverty as a source of crime.",1,2,2,0,tangential,neither,no,"We are guided 100% by hard data [""Nos guiamos 100% del dato duro""] (Police Officer, Fieldnotes 07.2022). || Here you can see 'broken windows' theory [""la teoria de la ventana rota""], you know, how Giuliani’s and Bratton’s theory about crime fully works here [""aqui funciona tupido y parejo""] (Professional 2, Fieldnotes 07.2022). || Tell me, how the hell am I going to interfere with that? [""Dime, como chucha voy a intervenir en eso?""] (Officer 3 on Coleros, Fieldnotes 07.2022).",None,A
main,537,"Developing CTS 4-o: a CTS research agenda on AI, terrorism and counter-terrorism",2025,10.1080/17539153.2025.2485610,journal_article,theoretical,global,"Argues that Critical Terrorism Studies must engage with AI in terrorism and counter-terrorism, exposing how AI-driven security exacerbates inequalities while reifying the status quo.",0,2,0,0,no,neither,no,"AI is not merely a neutral technological tool but also a complex sociotechnical system that shapes and is shaped by power dynamics, political interests and security imaginaries. || Despite the narratives of reliability, objectiveness and value-free technology that somewhat hide this issue, AI is trained on data that have been produced by humans, based on societal dynamics. || The use of technology is usually narrated and imagined as the way to achieve 'secure society'... Nonetheless, the questions of whose security, security for whom, and who is a threat and for whom are rarely asked.","Discusses the EU AI Act and exceptions for counter-terrorism, highlighting how the constructed exceptionality of terrorism permeates AI regulation. Calls for critical scrutiny of AI-driven counter-terrorism policies.",A
main,538,"Shaping Migrants as Threats: Multilayered Discretion, Criminalization, and Risk Assessment Tools",2021,10.5204/ijcjsd.2041,journal_article,empirical_qualitative,Norway,"Risk assessment tools in Norwegian policing of migration translate European threat frames into local practices, criminalizing migrants through multilayered discretion and net-widening effects.",1,2,2,1,no,neither,no,"Through its large Risk Analysis Unit and its Europe-wide network for collating data on border crossings (Frontex Risk Analysis Network), Frontex “exports” risk thinking to member state agencies, reinforcing the threat and security frames in operation on [the] national level, while contributing to the prioritisation of migration controls at the external borders above other tasks. || Risk analysis revealing border vulnerabilities and threats is, therefore, important for supporting decisions about resource allocation at both the EU and Norwegian level. || The way risk and crime predictions are co-constructed and context-dependent also directs our attention to the understandings of crime that different actors and software work with and reproduce in policing.",The paper critiques the use of risk assessment tools that criminalize migrants and recommends more inclusive approaches aligned with the UN Convention on the Rights of the Child. It highlights the need to evaluate the consequences of preemptive policing and to consider migrant security in risk analysis.,A
main,552,"Understanding Artificial Intelligence: Fundamentals, Use Cases and Methods for a Corporate AI Journey",2020,10.1007/978-3-030-25271-7,other,theoretical,global,"This book provides a comprehensive overview of AI fundamentals, use cases, and methods for corporate AI adoption, emphasizing ethical considerations and strategic implementation.",2,2,1,0,yes,civil_to_military,tangential,"AI-controlled drones, which not only carry out the flight autonomously, but also independently recognize and fight targets (people and things). || Without Explainable Artificial Intelligence, AI applications remain a black box, making a critical analysis of the underlying processes and the results difficult or impossible. || The goals of the Chinese government can be described in a few words. They want to reward good behavior by citizens and encourage them to stay out of trouble.","Discusses policy implications such as GDPR, need for ethical guidelines, investment in AI, and the role of government in promoting education and legal frameworks. Recommends a balance between regulation and innovation.",A
main,554,Inclusive smart public spaces: insights from Smart Cities and Suburbs,2024,,book_chapter,case_study,"Perth, Western Australia, Australia","Explores how smart public spaces can both enhance and challenge inclusivity, using two case studies from the Australian Smart Cities and Suburbs scheme.",0,1,1,0,no,neither,no,"The use of information and communication technologies to address the production and management of public spaces is presented as a way of addressing some of these issues and improving the inclusivity of public spaces. || The way that this data from public places is captured, used, and stored can shape the capacity for digital technologies to produce inclusive public space. || Data captured through private sector operators can often be restricted to public access or only be made available to government and other third-party access through fee or licence, effectively privatizing knowledge about public spaces.",None,A
main,555,"E-Governance and Ethical AI: Balancing Automation, Privacy, and Human Rights",2025,10.4018/979-8-3373-0817-3.ch014,book_chapter,theoretical,global,"AI integration in e-governance enhances public service delivery but raises ethical concerns that require balanced regulatory frameworks to ensure fairness, accountability, and human rights.",1,2,1,0,tangential,civil_to_military,no,"AI-driven surveillance tools, such as facial recognition systems, have raised privacy concerns due to potential government overreach and mass data collection. || AI-based decision-making in governance often functions as a 'black-box,' making it difficult to interpret how certain decisions are made. || Algorithmic bias remains a significant challenge, as AI models trained on historical data may reinforce existing societal disparities, leading to discriminatory outcomes in areas such as welfare distribution and law enforcement.","Discusses legal frameworks (EU AI Act, GDPR, India's DPDP Act) and proposes strategies for ethical AI including transparency, human-in-the-loop, and global collaboration to align AI governance with democratic values.",A
main,568,The Classical Liberal Case for Privacy in a World of Surveillance and Technological Change,2018,10.1007/978-3-319-96583-3,book,theoretical,global,"Presents a classical liberal case for privacy based on information exchange, limited government, and evolutionary technological change.",0,1,1,0,no,neither,no,"We produce a torrent of data even as we do the most trivial activities. ... The digitization of everything has produced digital records of everything. All this information has enormous value. || The classical liberal case for privacy has four elements: the information exchange model of privacy, the protection of privacy against both governments and fellow citizens, a liberal perspective on privacy policy choices, and an understanding of the evolutionary nature of privacy norms and technologies. || Privacy is not simply an absence of information about us in the minds of others; rather it is the control we have over information about ourselves.","Advocates for limited government intervention and market-based solutions for privacy protection. Criticizes the GDPR for undermining consumer sovereignty and creating perverse data markets. Recommends empowering individuals through education, privacy-enhancing technologies, and strong property rights in data.",A
main,572,The Development of Smart Awareness among Ukraine's Youth in Modern Conditions,2023,,book_chapter,empirical_mixed,Ukraine,"Examines the development of smart awareness among Ukrainian youth, finding it remains at an intuitive-practical level despite war-driven acceleration of e-services.",0,1,1,1,no,neither,no,"The Smart City is not only about technology. But today, when data is the new 'gold,' in the hands of authoritarian governments or even those who do not know how to manage masses of information, Smart Cities can become entire centers of surveillance, as demonstrated by authoritarian countries. || If the Smart City technology develops within the limits of a democratic society and comprehensively appeals to its residents and local authorities, if it is controlled by people, then yes, I think this is our future. || The existence of video surveillance systems in Ukrainian cities during the occupation of Ukrainian territories made it possible to record the crimes of the Russians in order to initiate future procedural actions.","Recommends developing citizen competencies for smart consumption, involving residents in smart city discussions, and creating public platforms for idea generation; mentions need for socially responsible institutions.",A
main,574,Seeing like an algorithm: operative images and emergent subjects,2021,10.1007/s00146-020-01067-y,journal_article,theoretical,global (with emphasis on US and China),"Algorithmic vision reconfigures the image from representational to operational, enabling algorithmic governance that produces emergent subjects through pattern-finding and risk calculus.",2,2,2,1,yes,civil_to_military,yes,The data set has been traced to research papers published by Chinese AI SaaS companies associated with the surveillance techniques used by the Chinese military to target and monitor the activities of Uyghur populations in remote northwest China || Algorithmic vision reveals subjects to power in a mode that requires a new approach towards analyzing the entanglement and invisiblization of the human in automated decision-making systems. || What can be accelerated and increased in prison?... Farocki reveals that this black box of decisions that caused one man to take another's life contained nothing but a human corruption of power.,Implies need for ethical regulations on future use of personal information and dataset governance; critiques prioritization of surveillance technologies over individual rights.,A
main,594,The Impact of Smart City Model on National Security,2020,,journal_article,policy_analysis,global,"Smart city models, while beneficial, create significant national security risks from cyberattacks, requiring technical, political, and societal measures.",0,2,2,0,no,neither,no,"Smart cities could help overcome traditional problems of big cities, such as pollution, traffic congestion and administrative corruption. They can stimulate economic productivity, accommodate population growth, and make lives more convenient, but at the same time, they raise many security threats to national security. || Closed source smart city models raise questions regarding security and privacy, from one side the city developer in this model is one company who owns the operation systems, and so has access to all of the information of the cities, knows where is the weaknesses and from where the danger can come. From another side it could also leave a backdoor to have illegal access to information when needed. || The fact that all data would be in the hands of the smart city’s managers can constitute a serious threat to democracy. The local, or the central, government, enjoying full access to citizens’ data, would be able to have full knowledge of their interests, attitudes, preferences and priorities through analyzing data.","Recommends measures at technical (tracing/offensive capabilities, early warning, backup networks, environment security), political (alliances, agreements, information-sharing), and societal (education, awareness) levels to reduce national security risks in smart cities.",A
main,599,Exploiting Smart City IoT for Disaster Recovery Operations,2018,,conference_paper,theoretical,global,"Smart city IoT infrastructure can be repurposed for military disaster recovery operations to enhance situational awareness, but integration raises security and interoperability challenges.",2,1,1,0,tangential,civil_to_military,yes,"In the event of a natural disaster phenomenon such as an earthquake, the IoT devices within the city such as the traffic cameras, weather, and pollution sensors can be re-tasked to identify emergency conditions such as toxic gases in the air, people trapped in vehicles or rubble, or the status of the power grid. || Much of this work has been performed as part of a NATO Research Task Group (RTG) on Military Applications of Internet of Things (IST-147). || The interconnected smart city system can also constitute an additional attack surface on HADR applications – in fact a recent study has shown that many of the systems operated by cities are insecure or misconfigured.","Recommends open standards, interoperability, and security measures (e.g., TPM, breaking-glass policies) for integrating civilian IoT with military HADR systems.",A
main,604,Algorithmic Surveillance and the Erosion of Privacy: Reconciling National Security and Human Rights in the Digital Era – A Comparative Study of the USA and UAE,2025,,conference_paper,policy_analysis,UAE and USA,"This paper critically examines the regulatory, legal, and ethical implications of algorithmic surveillance in the UAE and USA, proposing a comparative framework for reconciling national security with human rights.",0,1,0,0,no,neither,no,"The rise of algorithmic surveillance in the United States and the United Arab Emirates presents profound challenges to privacy, due process, and human rights. || This paper critically examines the regulatory, legal, and ethical implications of algorithmic surveillance in both countries, proposing a comparative framework for reconciling national security imperatives with human rights protections. || the UAE’s centralized approach prioritizes security over privacy, while the U.S. emphasizes legal accountability and civil liberties despite technological challenges.","Proposes a structured five-phase roadmap for AI governance: Pilot Sandbox & Risk Assessment, Legal Codification & Policy Framework, Institutional Capacity Building & Governance, Nationwide AI Deployment & Monitoring, and Continuous Evaluation & Legal Adaptation.",A
main,615,A Predictive Policing Application to Support Patrol Planning in Smart Cities,2017,,conference_paper,empirical_quantitative,"Natal, Brazil","Presents ROTA-Analytics, a web-based predictive policing module that uses machine learning to forecast crime incidence and support patrol planning in Natal's smart city initiative.",0,0,1,0,no,neither,no,ROTA-Analytics is a web-based application which aims to provide crime incidence forecasting as outputs. || This crime incident forecasting helps patrol supervisors to elaborate the list of predefined locations (points) and staying time at which each police vehicle must patrol. || The adoption of ROTA modules in the police activities has produced impressive strategic and operational results.,None. The paper describes a technical system for police resource allocation but does not discuss broader policy implications or recommendations.,A
main,616,Leveraging Civilian IoT Infrastructures to Support Warfighting Activities in Urban Environments,2018,,conference_paper,empirical_quantitative,"Helsinki, Finland","Leveraging civilian Smart City IoT and Open Data infrastructures can support military HADR operations, demonstrated through a case study integrating SPF with Helsinki's Digitraffic service.",2,0,0,0,yes,civil_to_military,tangential,"The increasing importance of urban environments in warfare, especially for counter-terrorism purposes, raises the opportunity to develop innovative military information systems that can easily integrate with civilian Smart City infrastructures and Open Data services to improve situational awareness. || The emergence of Open Data services, that expose both raw data collected from IoT installations in Smart Cities as well as processed information, raises the opportunity to consider integrating military systems with civilian ones in support of military operations in urban environments. || This paper presents an evaluation of the capabilities of SPF, the Fog-as-a-Service platform we designed for tactical environments, in supporting a hypothetical but realistic HADR mission in the Helsinki Smart City.",None,A
main,638,"Smart Cities as ""Big Brother Only to the Dialogue Masses"": The Limits of Personal Privacy and Personal Surveillance",2022,,journal_article,theoretical,Netherlands (Eindhoven) and Chicago,"Smart city projects processing only non-personal data still pose surveillance risks through securitizing logic that manages populations as aggregates, transforming public space into consumption space, and current data protection law fails to address this.",0,1,3,0,no,neither,no,The idea behind this novel approach to smartness can be condensed into a statement offered by one of Stratumseind Living Lab’s actors: 'We are Big Brother only to the masses.' || As Foucault (2009: 4) put it: the overarching question of security is 'how to keep a type of (behaviour) within socially and economically acceptable limits and around an average that will be considered as optimal for a given social functioning.' || the securitizing logic of surveillance within the Stratumseind Living Lab and other smart cities is transforming public spaces into consumption spaces.,Calls for adapting data protection law to address group privacy and the transformation of public space into consumption space; argues that privacy in public should protect political participation and sociability.,A
main,640,Privacy and Ethics in a Smart City: Towards Attaining Digital Sovereignty,2023,10.1007/978-3-031-24946-4_4,book_chapter,theoretical,global,"Argues that smart city systems pose privacy and ethical challenges due to surveillance capitalism, advocating for digital sovereignty through regulatory principles and user control.",1,1,1,0,tangential,civil_to_military,yes,"Fitness tracking app Strava gives away location of secret US army bases: https://www.theguardian.com/world/2018/jan/28/fitness-tracking-app-gives-away-location-of-secret-us-army-bases. || their cost for raw material is zero. They do not need to produce their product, i.e., information, it is being derived by running algorithms with a bare-bone minimum cost. || behavioral surplus had produced a stunning 3590% increase in revenue in less than four years for Google.","Discusses GDPR principles (purpose specification, data minimization, transparency, data protection by design, impact assessment, consent) and Europe's AI Act as foundations for digital sovereignty; recommends continuous monitoring and inspection.",A
main,641,Das Polizieren der Zukunft,2015,,journal_article,theoretical,"Germany, USA","Predictive policing, as an application of Big Data, produces a narrative of unlimited control over the future that reinforces securitization of space, stereotyping, and the erosion of the presumption of innocence.",1,2,2,1,no,neither,no,"Predictive policing, in essence, is taking data from disparate sources, analyzing them and then using results to anticipate, prevent and respond more effectively to future crime. || Die Erzählung von Big Data ist vor allem eine Erzählung der unbegrenzten Planbarkeit, Kontingenzreduktion und Kontingenzbewältigung, eine Erzählung über mit hoher Wahrscheinlichkeit garantierbare Erwartungssicherheit und letztlich eine Erzählung über die Kontrollierbarkeit von Zukunft. || Daten gelten schließlich als wertfrei und moralisch neutral. Das sind sie aber keineswegs, weder in der Auswahl noch in der Auswertung und Interpretation.","The paper critiques predictive policing for undermining legal standards (presumption of innocence) and reinforcing social inequalities, but does not offer specific policy recommendations.",A
main,642,Compliance-Industrial Complex: The Operating System of a Pre-Crime Society,2022,10.1007/978-3-031-19224-1,other,theoretical,global,"The compliance-industrial complex, a hybrid of regulatory and surveillance capitalism, creates a pre-crime society through securitized, criminalized compliance that transfers state sovereignty to corporations and subjects individuals to algorithmic governance.",3,3,2,0,yes,military_to_civil,yes,"Compliance, as I argue, is fast becoming a new logic of governance, supported by the apparatuses of corporate security and private intelligence. || The compliance-industrial complex translates noble ideas into practices of control and pre-emption of future risks, into new forms of hybrid policing; it shapes the ways in which we are governed, profiled, sorted, surveilled, nudged, risk-assessed, punished, sanctioned—as workers, clients, customers, suppliers, and humans. || What we are dealing with here is not mere contractualization or outsourcing, but a privatization and pluralization of policing and the securitization of ethics at a more fundamental level.","The paper critiques the current policy trajectory of anti-policies and securitized compliance, warning of the creation of a pre-crime society and the transfer of sovereign power to corporations. It calls for rethinking governance approaches to avoid the unintended consequences of algorithmic control and surveillance.",A
main,647,Dracula Urbanism and Smart City Mania: Urban Change in the Twenty-First Century,2026,10.4324/9781003468271,other,empirical_qualitative,"Miami (USA), Mexico City (Mexico), Chicago (USA)","Smart city development is a Dracula-like force that reproduces inequality and spatial destruction through banal kill-offs, parasitic governance, and planetary operations.",0,1,3,3,no,neither,no,"The foundational afflicting act in smart developing we see across the globe: real-estate state kill-offs in cities. These actors quietly kill off the ways, activity spaces, and city presences of the supposedly degenerate in planning’s unbroken flow (the deemed toxic poor, anti-civic residents). || A banal eviscerating becomes an unexceptional thing, an end product of ordinary acts innocuously put in motion. || Dracula urbanism and its leading edge, smart developing, as a kind of banal postcolonial project.",None,A
main,648,Remotely Piloted Aircrafts Toward Smart Cities,2017,,conference_paper,case_study,"Natal/RN, Brazil","Remotely piloted aircraft (RPAs) are presented as versatile tools for smart city applications, with a case study of the SpaceVANT project in Natal, Brazil, developed through Triple Helix collaboration.",2,0,1,0,tangential,military_to_civil,no,"The SpaceVANT project was firstly conceived to support sounding rocket launch operations in CLBI. However, due to the many feasible uses and features that can be embedded to the platform, the project evolved to a wider view of applications. || The RPA emerges as an integrating vehicle of great importance in the development and sustainability of smart cities, being a vector for strengthening the innovation ecosystem covered in the Triple Helix (Universities, Governments and Industry) and used for the well-being of the Society, which is at the heart of the cities of the future. || RPAs can help track, trace, detect, and recognize criminals accurately. ... In a country of continental dimensions, thousands of terrestrial and fluvial borders, dense tropical forests and other geographical features that make it difficult to control territorial boundaries, may consider that the extensive use of RPA is a powerful security tool.",Discusses Brazilian regulatory framework (ANAC RBAC-E no 94) for RPA operations and the need for aerodrome standards. Highlights Triple Helix collaboration as a model for innovation policy.,A
main,652,The Impact of Smart City Model on National Security,2020,,journal_article,theoretical,global,"Smart city models, while improving quality of life, create significant national security threats through cyber vulnerabilities that can be exploited by state and non-state actors.",1,0,1,0,no,neither,no,"Smart cities could help overcome traditional problems of big cities, such as pollution, traffic congestion and administrative corruption. They can stimulate economic productivity, accommodate population growth, and make lives more convenient, but at the same time, they raise many security threats to national security. || If these services are targeted by a successful cyber-attack, the consequences in that case would be unaffordable to national security and to people’s lives. || Smart cities represent a lifestyle totally based on making use of such unprecedented technological developments as artificial Intelligence systems, the Internet of things and big data, with the aim of having high quality of life for people. However, they create several threats to national security, which make the smart city model questionable from security perspective.","Recommends three levels of measures: technical (tracing/offensive capabilities, early warning, backup networks, environment security), political (alliances, agreements, information sharing), and societal (education, awareness, corporate responsibility) to reduce national security risks in smart cities.",A
main,653,Smart City Crime Prevention Services: The Incheon Free Economic Zone Case,2020,10.3390/su12145658,journal_article,empirical_quantitative,South Korea (Incheon Free Economic Zone),"This study analyzes the performance and limitations of smart crime prevention services in the Incheon Free Economic Zone, emphasizing the need for data accuracy, linkage, and specialized institutions.",0,0,1,0,no,neither,no,"The limitations of technology and equipment performance for smart security service operation... Collection sensitivity and frequent false alarms, due to the immaturity of the applied technology, have become a problem in the IFEZ smart security service. || The limitations of data linkage and tracking technologies were also observed... video data for confirming wanted vehicles and traffic conditions are in a format that only collects vehicle numbers by video and that does not allow such data to be processed into information that can continuously be used by the authorities. || Limitations to integrated data use among departments and organizations need to be addressed for smart city services. Integrated services like the smart city differ from existing digitization services focusing on single services and require the convergence of multiple departments and services.","The paper recommends establishing consistent processes for data linkage, developing specialized institutions and experts, and improving technology performance to reduce false alarms and enhance data usability.",A
main,658,The Tragedy of Smart Cities in Egypt. How the Smart City is Used towards Political and Social Ordering and Exclusion,2022,10.5604/01.3001.0016.0985,journal_article,case_study,Egypt,"Smart cities in Egypt, particularly the New Administrative Capital, are used by political and military authorities as instruments of social and political ordering, exclusion, and segregation, not just for sustainable development.",0,2,2,1,no,neither,no,"Life in the NAC has a Janus face: on the one hand, inhabitants of the city have access to better services, modern smart infrastructure, first-class education and health care, and high-tech digital technologies; on the other hand, they are prisoners of the system with less freedom than many other citizens of the country. || The smart technologies are not used for civic participation, protection of civil liberties or crime prevention. They are rather used for data-driven policing and deep control. || The smart city can become an instrument to structure and organise society which may result in social exclusion and even effective segregation.","The paper calls for research and debate on societal risks of smart cities, including misuse of cybernetic control, the 'terror of technology', and the smart city as a disciplinary strategy. It highlights the need for greater scrutiny of technology-driven urban governance.",A
main,660,Die „drohende Gefahr“ als Schlüsselbegriff einer Sekuritisierung des Rechts,2020,10.1515/zfrs-2021-0001,journal_article,theoretical,Germany,"The expanded concept of 'imminent danger' in German police law enables a securitization of law through preemptive control over time and space, exemplified by the endangerer figure, new police laws, and predictive policing.",0,0,0,0,no,neither,no,"Die Vorstellung von drohenden Gefahren im Sinne bloß vermutbarer, zukünftiger Gefahren noch diffusen Charakters wird im Polizeirecht und der polizeilichen Praxis immer verbreiteter. || Das eröffnet einem ‚governing through crime‘ (Simon) neuartige Möglichkeiten und lässt sich als Zeichen einer weitgefassten präventiven Sekuritisierung lesen, die nicht ohne totalitäre Gefahren ist. || Predictive policing produziert auf diese Weise eine Kriminogenisierung des Raumes, bei der die identifizierten Gebiete als permanente Risikoträger wahrgenommen werden; der Raum selbst steht unter Verdacht...","The paper critiques the securitization of law through expanded police powers and calls for critical attention to the risks of preemptive control, but does not offer specific policy recommendations.",A
main,664,Prohibited AI surveillance practices in the Artificial Intelligence Act: promises and pitfalls in protecting fundamental rights,2024,,book_chapter,policy_analysis,European Union,"Evaluates the EU AI Act's prohibitions on AI surveillance, arguing that broad exceptions undermine fundamental rights protection despite expanded prohibitions.",0,1,0,0,no,neither,no,"The AI Act sets only partial prohibitions on the use of real-time remote biometric identification, predictive policing, emotion recognition and biometric categorisation systems, severely limiting their cope and allowing for a large number of exceptions. || The ECtHR concluded that the measures taken against the person concerned were particularly restrictive in view of his peaceful protest, which did not pose any threat to public safety. || The AI Act acknowledges the primary objective to protect fundamental rights as well as commits not to weaken the EU’s high data protection standards by stating that the AI Act should be without prejudice to existing EU law.","Recommends that Member States implement fundamental rights-based approach, refrain from authorizing real-time biometric identification, and ensure effective enforcement mechanisms.",A
main,665,From Automation to Autonomy: Technological Sovereignty for Better Data Care in Smart Cities,2021,10.1007/978-981-15-8670-5_13,book_chapter,theoretical,global,"Argues for DataCare model to implement technological sovereignty in smart cities, balancing urban data automation with citizen empowerment and ethical data governance.",1,2,2,0,tangential,civil_to_military,no,"Smart cities are a continuation of using tools—science and technology—as a mechanism to predict, control and shape urban environments. (p. 324) || Through the compression of time between data collection, interpretation, decision-making and intervention, as well as (false) claims to objectivity and neutrality, fully automated data-driven systems bypass and undermine the need for public deliberation and democratic control. (p. 326) || DataCare aims to increase data transparency and autonomy, showcase new business opportunities, and empower citizens and community. (abstract, p. 319)","Proposes DataCare model as a practical framework for cities to implement technological sovereignty through data awareness, literacy, action, and futures scenarios. Recommends open standards, interoperability, and decentralised data architectures.",A
main,668,Trust and the Smart City,2022,10.4000/chinaperspectives.14024,journal_article,theoretical,"Hong Kong, Greater Bay Area (China)","The smart city must be understood through the prism of trust and distrust, as trust is essential for the legitimacy and acceptability of urban digital governance.",1,2,1,0,no,neither,no,"The smart city lies somewhere between a material fact and an urban narrative. It is primarily material, in the sense that it refers to precise policy programmes and infrastructure associated with the digitalisation of public services. || For Ip and Cheng, such data and its related algorithms are not morally neutral (O’Neil 2016; Eubanks 2018; Susskind 2018). In their article, they argue that the development of smart cities could be morally problematic due to their pervasiveness, opacity, and diffused accountability. || Individuals usually have very little idea about how these algorithms work. In other words, residents of smart cities are living in a 'black-box society' (Pasquale 2015).","The paper discusses the need for trust-building, ethical standardisation frameworks for smart city data, and attention to data security, confidentiality, and transparency to avoid exacerbating public distrust. It also notes the importance of coherent narratives around smart city initiatives.",A
main,670,Diving into the Iceberg: Establishing Transparency in AI for Law Enforcement,2024,10.15166/2499-8249/794,journal_article,policy_analysis,EU,"The paper argues that while the LED and AI Act together can enhance transparency in AI for law enforcement, structural limitations and practices of actors impede meaningful public scrutiny, especially in national security and predictive policing.",1,3,2,0,tangential,civil_to_military,tangential,"Clearview AI’s operations highlight key issues surrounding the intersection of AI technologies, data protection regulations, and law enforcement practices. On one hand, personal data protection frameworks such as the GDPR serve as a crucial safeguard against the misuse of technologies like facial recognition. On the other hand, the effectiveness of these frameworks is often contingent on individual awareness and the ability to exercise rights such as the right to information and the right of access. || The right to information and of access provide an important step to reveal the tip of an iceberg. However, structurally the LED provides 'individualist claims subject to individualist remedies', and cannot correspond to effects of AI technologies at a population-level. || Both the LED and the AI Act fail to lift the 'veil of secrecy' surrounding national security data practices, which obstructs collective governance and delays accountability for individuals challenging AI use in national security.","Recommends harmonizing transparency obligations across security actors, narrowing national security exceptions, and incorporating transparency obligations into police legislation and criminal procedural frameworks to ensure public scrutiny.",A
main,671,A serious game empowering the prediction of potential terrorist actions,2016,10.1080/18335330.2016.1161222,journal_article,case_study,"Europe (Italy, with EU police organizations)",This paper introduces a serious game to generate training datasets for reasoning algorithms that predict terrorist actions in urban environments.,0,0,0,0,no,neither,no,"The main value proposition of all the above systems is the effective coverage and surveillance of large urban areas in a way that minimises the number of human resources (e.g. patrolling policemen/officers) required. || The anticipation of terrorist actions could allow Law Enforcement Agencies (LEAs) to proactively deal with them thereby minimising their adverse effects. || The development of systems for predicting potential terrorist attacks hinges on devising appropriate reasoning and analytics techniques that could operate over information collected from various sources, including sensor sources, human operators and open source information (OSINT).",None beyond suggesting the game as a tool for LEAs to improve threat prediction and resource allocation.,A
main,672,Studying Surveillance AI-cologies in Public Safety: How AI Is in the World and the World in AI,2024,10.24908/ss.v22i2.16104,journal_article,empirical_qualitative,Netherlands,"Proposes the concept of 'surveillance AI-cology' and a methodology for studying AI surveillance in public safety through a quintuple helix and ELSA framework, illustrated with a Living Lab in Scheveningen.",0,2,2,0,no,neither,no,"Using AI in public safety might carry the increased risk of contributing to opaque decision making, structural inequalities, and the further manifestation of systemic injustices. || The general intention to turn the boulevard into a venue that is more attractive to 'upscale tourism' might influence the definition of suspicious patterns and pre-emptive intervention. || Surveillance AI-cologies are made up of interconnected collections of disparate actors (technological, human, more-than-human, organisational, etc.), all implicated in AI-aided surveillance tasks.","Recommends systematic inclusion of ELSA and quintuple helix stakeholders in AI surveillance development, and calls for democratic control, public engagement, and investment in democratic infrastructure.",A
main,675,"Automating Crime Prevention, Surveillance, and Military Operations",2021,10.1007/978-3-030-73276-9,edited_volume,theoretical,global,"Automation in crime prevention, surveillance, and military operations changes knowledge production, power dynamics, and fundamental rights, requiring critical analysis.",2,3,1,2,tangential,civil_to_military,no,"The central thesis of the chapter is that automation is changing knowledge production and creating new language in crime and social control and potentially impacting the already delicate process of the re-distribution of power by influencing elections and indirectly the constitutional framework of a given society. (Završnik & Klobasa, Ch. 1) || Mathematics helped invent new concepts such as 'meaning extraction', 'sentiment analysis', 'opinion mining', and 'computational treatment of subjectivity in text'. (Završnik & Klobasa, Ch. 1) || Algorithms do not only make visible by reproducing an otherwise inaccessible reality... Algorithmic vision produces a reality from which to act, a reality filled with blind spots, inaccurate objects, and biases. (Hogue, Ch. 10)","The book implies a need for regulation, transparency, and human rights safeguards in the use of automation in criminal justice and military operations, but does not offer specific policy recommendations.",A
main,677,Smart cities and the architecture of security: pastoral power and the scripted design of public space,2018,10.1186/s40410-018-0090-8,journal_article,theoretical,Netherlands (Eindhoven),"Smart city technologies use pastoral power through behavioral scripting (light, sound, smell) to secure public space, moving from exclusion to inclusion.",0,1,3,0,no,neither,no,"we show that the securitisation of urban space can also be pursued by positive triggers for behaviour. || the architecture of security is now a 'scripted architecture': the design of public space to introduce defaults for desirable behaviour by using non-physical elements of the built environment, such as light, smell and sound. || The focus in this form of pastoral architecture is on inclusion rather than exclusion, on positive rather than negative incentives, and on psychological mechanisms of behaviour rather than physical deterrence.","The paper critiques the depoliticized nature of smart city initiatives and highlights the role of private companies in shaping urban governance, urging policymakers to consider the political implications of behavioral scripting and public-private partnerships.",A
main,679,"Big Data, Crime and Social Control",2018,,edited_volume,theoretical,global,"Examines the legal, ethical, and social implications of big data analytics in crime and social control, highlighting challenges to civil liberties, democracy, and social justice.",2,3,2,0,yes,both,yes,"The new mathematical language serves security purposes well... the mathematical sciences offer a grammar of combinatorial possibilities that allows for things – people, objects and data – to be arranged together, for links to be made. || The homeland security apparatus has successfully lobbied for extraordinary funding... But when it comes to striking at the heart of terror financing... the prerogatives of financiers and the secretive wealthy trump homeland security concerns. || The goal of framelessness: that of total information capture.","Discusses need for regulatory solutions, judicial oversight, and best practices to address privacy, discrimination, and accountability in big data-driven crime control.",A
main,680,"Tweets of surveillance: Traffic, Twitter, and securitization in Beirut, Lebanon",2017,10.1177/1463499617729296,journal_article,empirical_qualitative,"Beirut, Lebanon","The Twitter account for Beirut's Traffic Management Center serves as a portal to view how the state secures its legitimacy through surveillance and securitization of urban space, while also being a site of contestation by citizens.",0,2,2,1,no,neither,no,"the surveillance camera represents the cool efficiency and capacity for precision associated with technology (p.329) || the regulatory logic of these 'tweets of surveillance' is one that encourages self-regulation (p.330) || In a militarized urban landscape, one territorialized by divisive political claims situated within a volatile geopolitical context (p.333)","None explicitly discussed, but the paper calls for greater ethnographic engagement with smart urbanism in the Global South and highlights the tensions and possibilities of these technologies.",A
main,683,Smart Cities and Their Impact on the Colombian Navy,2024,10.1007/978-3-031-49799-5_69,conference_paper,other,Colombia,"Smart city concepts and technologies can enhance the Colombian Navy's operational capabilities, reduce technological dependence, and foster innovation.",1,0,0,0,tangential,civil_to_military,no,"Maritime security and surveillance: Through the implementation of technologies for real-time tracking and monitoring detection, maritime security of suspicious activities can be improved. || It promotes the development of R&D projects, not only in officers but also in sailors in training, through their degree projects and research workshops. || collaborative work and transfer of knowledge and technology",None,A
main,686,Prohibited AI surveillance practices in the Artificial Intelligence Act: promises and pitfalls in protecting fundamental rights,2024,,book_chapter,policy_analysis,European Union,"The EU AI Act's prohibitions on AI surveillance practices are partial and contain broad exceptions, failing to fully protect fundamental rights from mass surveillance and predictive policing.",1,2,1,0,no,neither,no,"The AI Act aims to prohibit unacceptable AI practices which contradicts EU values of respect for human dignity, freedom, equality, democracy and the rule of law and fundamental rights enshrined in the Charter, including the right to non-discrimination, to data protection and to privacy and the rights of the child (recital 28). || The AI Act sets only partial prohibitions on the use of real-time remote biometric identification, predictive policing, emotion recognition and biometric categorisation systems, severely limiting their cope and allowing for a large number of exceptions. || The ECtHR noted that national legislation lacks detailed rules governing the scope and application of measures relating to the use of facial recognition technology. It also considered that there was a lack of safeguards against the misuse and abuse of those technologies.","The chapter critically evaluates the EU AI Act's prohibitions on AI surveillance, highlighting gaps and exceptions that may undermine fundamental rights. It recommends that Member States fully endorse a fundamental rights-based approach, refrain from introducing new AI surveillance tools, and implement effective enforcement mechanisms.",A
main,690,Digitalisation of public administration under martial law in Ukraine and the case of Smart City Kyiv,2025,10.13130/2723-9195/2025-2-70,journal_article,case_study,Ukraine (Kyiv),"Examines the digitalisation of public administration in Kyiv under martial law, highlighting the dual-use of smart city technologies for civilian governance and wartime security.",2,1,1,1,yes,civil_to_military,tangential,"The Air Alarm application was created to provide additional information about the situation in different regions of the country. This unique case became an alternative to the outdated street notification system. || The chatbot e-Vorog has become a powerful tool of public intelligence. || During the war, the Reserve+ application appeared – an electronic office where information about the status of conscripts and reservists could be obtained.","Proposes legislative unification (adoption of a Smart City Law), public consensus, technological development, information campaigns, and scientific approach to digitalisation. Emphasises post-war reconstruction using smart city concepts.",A
main,695,Responsible civilian drones,2023,10.3920/978-90-8686-943-5_10,book_chapter,theoretical,"Netherlands, European Union","Civilian drones, due to their military origin, pose dual-use risks and raise fundamental human rights concerns, requiring citizen involvement in design.",2,0,0,0,yes,military_to_civil,yes,"There is always the risk of ‘dual use’: where functionality in one domain may be useful in other domains as well and where this other use may be counterproductive. || It is important to keep the military origin of drones in mind when considering their use in a non-military, civilian, context. || there is the risk of dual use: drones have a military origin, and this technology is now being further used and developed in a civilian setting. The values embodied in these technologies do not automatically reflect societal needs.",Discusses EU U-space regulation and the need for citizen involvement in co-designing drone services to address privacy and security concerns.,A
main,698,Integrating digitization into public administration: Impact on national security and the economy through spatial planning,2024,10.55214/25768484.v8i5.1740,journal_article,theoretical,global,"Digitization in spatial planning creates dual-use security risks, as civil urban technologies can be repurposed for military purposes and smart cities introduce vulnerabilities threatening national security.",2,0,1,0,yes,both,tangential,"Every level of digital technology serves two purposes: first, it creates a digital space where security is also required, leading to the formation of cybersecurity, information security, network security, and digital infrastructure; second, it reinforces and ensures security (e.g., a unified system of video surveillance cameras that allows for real-time recording of threats and taking appropriate actions to eliminate them). || Understanding how the collaboration between spatial planning/development experts and military experts developed and then broke down in Los Angeles in particular demonstrates how a shared understanding of the rapidly growing urban crisis as a national security crisis helped to turn urban planning concerns into strategic challenges that needed to be addressed by deploying techniques and technologies of command, control, computers, communications, intelligence, surveillance, and reconnaissance. || The dense smart city infrastructure reframes the city for its residents as a 'platform for services'.","Recommends that integrating digitization into public administration within spatial planning must consider impacts on national security and the economy, and that city administrators should set clear boundaries for partnerships with defense communities.",A
main,718,Urbicide in Israel’s War on Gaza: Architecture of Erasure and the Unmaking of Urban Life (2023–2025),2025,10.34230/fiad.1740210,journal_article,empirical_mixed,"Gaza Strip, Palestine","Urbicide in Gaza is a deliberate strategy of spatial erasure and home unmaking within settler-colonial warfare, not merely collateral damage.",0,0,0,3,tangential,civil_to_military,no,"urbicide—the deliberate killing of the city as a living space—has emerged as a defining feature of asymmetric and settler-colonial conflicts. || the erasure of infrastructure, housing, and essential services served not only as a means of military incapacitation but as a deliberate strategy to dismantle Gaza as a space of urban life, memory, and sovereignty. || Hospitals, schools, mosques, media institutions, and universities have been struck under the rationale of dual-use or symbolic alignment with resistance.","None explicitly, but calls for further research on post-urbicidal recovery, politics of memory, and spatial justice.",B
main,720,The atrocities of war leave profound impacts,2023,,book_chapter,case_study,"Palestine (West Bank, Gaza)","Urbicide in Palestine is a systematic, intentional destruction of urban space using architecture and planning as tools of colonial control and military domination.",1,1,2,3,tangential,civil_to_military,no,"The military elites did not traverse the city using conventional roads or public spaces but created alternative routes through the urban fabric, a strategy we term 'forced routes' or 'walking through walls.' || I term 'design by destruction'. This manipulation turns our professional skills into tools for enforcing dominance, illustrating a stark misuse of urban planning and architectural design. || It was more than I could bear to think of them using our bathrooms, opening my drawers, and misplacing our clothes or personal items.","Calls for decolonizing knowledge and universities, and for recognizing urbicide as a war crime or crime against humanity similar to genocide.",B
main,724,The Threat Posed by Commercial First- Person View (FPV) Unmanned Aerial Vehicles (UAVs) Modified by Asymmetrical Warfare Actors,2024,10.4324/9781003520160-4,book_chapter,other,global,"Commercial off-the-shelf UAVs are easily modified by non-state actors for asymmetric warfare, posing an existential threat that requires understanding their design, operation, and countermeasures.",2,1,0,1,yes,civil_to_military,yes,"Distinctions between 'civilian and military' have now virtually vanished; with the 'war-fighting footprint' changing such that there are no defined battlefronts, nor distinguishable combatants. || Technology is inherently dual-use using commercial inertial navigation units, found in toy helicopters and Wii controllers, ideal for indigenous modification. || Unfortunately, 'Dual-use cannot be legislated against. How do you prevent lines of code from a civilian coder being used in military items?' || UtD implementation isn't just about platform acquisition, it is rather a revolutionary transformation of digital products, combining sensors' inputs, with information architecture to exploit the potential of real-time UAV operations.","Advocates for pre-sale legislative action and design modifications (e.g., omitting weapon mounting points, increasing radar reflectivity) to limit exploitation. Discusses UK Parliamentary inquiry on domestic threat of drones and need for counter-drone systems.",B
main,725,Western Fantasy and Tropical Nightmare: Spectacular architecture and urban warfare in Rio,2021,10.4324/9781003112464-29,book_chapter,case_study,"Rio de Janeiro, Brazil","Spectacular architecture and mega-events in Rio de Janeiro are intertwined with urban warfare, forced evictions, and racial violence, creating a pattern of uneven development and control termed 'riofication'.",2,1,1,3,tangential,military_to_civil,no,"Control and its technologies are imported or created locally and have turned the old capital of Brazil into a testing ground for new forms of apartheid and intensive population control, under a dystopian regime. || From the occupied territories of Palestine under high-tech spatial and vertical domination to the hills and slums of Rio, there continues to be an intense exchange of occupation and control tactics, territorial advancement strategies, weapons and drones. || The Museum of Evictions, a landscape of the ruins of forced displacement, has a special meaning when the future does not look promising for the vast majority of the population.",None,B
main,727,Spatialization of oppression: Contemporary politics of architecture and the urban,2023,10.4324/9781003112464-2,book_chapter,theoretical,global,"Architecture and urban space are active political forces that produce oppression, spectacle, and control through data, media, and spatial violence.",0,1,1,1,no,neither,no,"The excessive production of big data, made possible and supported by 'algorithmic governmentality' ('big data' usually means anything that can be digitized and recorded), conceals who is making profit from it and hides the level of surveillance that it enables. || What we lose as a result of this algorithmic governmentality, Mattern argues, is the exposure to alterity, something that was easily accessible and possible when one wandered physically through a city. || For architecture and the urban to have relevance in the 21st Century, we cannot merely reignite the approaches of thought and design that were operative in the last century... architecture and urban space should be understood as political forces in and of themselves.","None explicitly stated; the chapter calls for rethinking architecture and urban space as political forces, but does not offer specific policy recommendations.",B
main,729,Concentration of Urban Violence in Fortaleza and Strategies for Crime Prevention,2021,10.1177/07340168211038043,journal_article,empirical_quantitative,"Fortaleza, Brazil","Spatial analysis of violent crime concentration in Fortaleza shows strong correlation with socio-economic vulnerability and urban disorder, enabling targeted resource allocation for crime prevention.",0,1,1,0,no,neither,no,"The results demonstrate how locations characterized by high levels of violence are spatially correlated with more vulnerable locations in terms of both socio-economic-demographics and urban disorder. || There is a spatial association between violent crimes and aggregate sectors of strong vulnerability in the city, which was confirmed by the statistical correlation between the SVI and the different components of the RAI. || Applications of evidence-based policing, data-driven policies, and community-oriented strategies to reduce crime have hitherto primarily been conducted in the United States and other Western-industrialized cities, but they could also find fertile ground in Latin America.","Proposes targeted crime prevention strategies combining ostensible policing, community policing, urban infrastructure improvements, and social capital fostering in 124 identified high-risk micro-territories, based on cost-benefit analysis for resource allocation.",B
main,730,Disappearing Palestine: Israel's Experiments in Human Despair,2008,,other,theoretical,Israel/Palestine,"Israel's systematic dispossession and ethnic cleansing of Palestinians aims to erase Palestine and its people through legal, military, and bureaucratic means.",0,0,0,3,no,neither,no,"Israel has turned the increasingly confined spaces left to the Palestinians not only into open-air cages but also into laboratories where experiments to encourage Palestinian despair, and ultimately emigration, are being refined. || The gradual ethnic cleansing of the Palestinians from their homeland, on both sides of today's Green Line, is likely to take place with few witnesses to record it. || The purpose of the tower-and-stockades 'was to change the map of eretz Israel by erecting new settlements, to make it as difficult as possible to solve the problems of this land by means of division or cantonization.'",Calls for international recognition of Palestinian rights and an end to support for Israeli occupation; advocates for a reappearance of Palestine and its people.,B
main,732,Urban Violence and Militarization,2015,http://dx.doi.org/10.1016/B978-0-08-097086-8.74064-5,book_chapter,theoretical,global,Cities and violence are mutually constitutive; contemporary urban militarization blurs military-domestic lines through technology transfer and surveillance.,2,1,1,2,tangential,military_to_civil,no,"Drones have been marketed – and used – for policing within the US: what Wall and Monahan (2011) call a 'drone stare' has moved from Afghan and Iraqi warzones into US cities. || There has also been a militarization of urban policing through drawing on military surveillance technology and techniques for policing uses. || moves to allow military agencies notionally targeting those 'outside' the state to increasingly conduct surveillance domestically, and for policing agencies 'inside' to work with military agencies 'outside' in order to access intelligence on citizens.","Argues against excessive militarization and surveillance in response to urban violence; advocates for responses that build urban community and resist fear (e.g., 'we're not afraid' campaign).",B
main,739,"Leviathan's Architect: Urbicide, Urban Renewal, and the Right to the City in Turkish Kurdistan",2022,10.1353/hrq.2022.0014,journal_article,case_study,"Turkey (Southeastern Turkey, Turkish Kurdistan)","Post-conflict razing and reconstruction in Turkish Kurdistan securitizes urban space, displaces Kurds, and imposes state designs, but also sharpens Kurdish identity and agency.",1,2,2,3,no,neither,no,"The act of urbicide—literally, killing the city—erodes Lefebvre's right to the city both as a participatory oeuvre and as a schedule of enumerated freedoms. || The state has harnessed tabula rasa reconstruction for its own ends, displacing and dispossessing residents as it seeks to remake the physical as well as social fabric of Kurdish-majority cities. || The upheaval has been disorienting for residents, but in other ways it has sharpened Kurdish identity and agency.","The paper calls for a new political language for planning and design that hinges on history and inclusion rather than Realpolitik, and highlights the need for accountability for civilian deaths and the protection of cultural heritage.",B
main,740,Wargaming and the Just War,,,book_chapter,theoretical,global,"Wargaming can contribute to analyzing just war considerations, especially with AI in urban warfare, but current wargames often omit civilian elements needed for ethical evaluation.",0,0,1,1,no,neither,no,"Battles today are increasingly being fought within urban environments, where King (2021) and others see that the density of people and infrastructure, and concepts such as smart cities challenge the prosecution of war. || Urban conflicts offer new challenges as to how they should be wargamed (Burden, 2023a) and how to keep war just, and the USECT model provide one potential framework to help in this. || Unfortunately, most wargames do not represent the civilian population to any meaningful degree (Burden, in press).",None,B
main,742,Robowar™ dreams: US military technophilia and global south urbanisation,2008,10.1080/13604810801933511,journal_article,theoretical,global south,"Critically examines US military's technophiliac efforts to adapt its Revolution in Military Affairs to urban warfare in global south cities, warning of automated, robotized warfare.",0,2,3,3,no,neither,no,"The first key effort to redirect the RMA to the purported challenges of US forces attempting to dominate and control global south cities involves programmes designed to saturate such cities with myriads of networked surveillance systems. || The overwhelming rhetoric in such efforts emphasises that new military techno-science, specifically developed to address cities, will turn global south urban environments into areas that US forces can completely dominate, using their technological advantages, with minimum casualties to themselves. || The central challenge of CTS, according to DARPA, will be to build up fully representative data profiles on the 'normal' time-space movement patterns of entire subject cities so that algorithms could then use statistical modelling to 'determine what is normal and what is not'.","None explicitly, but implies need for critical scrutiny of military urban research and the dangers of autonomous weapons.",B
main,747,Time-series satellite remote sensing reveals gradually increasing war damage in the Gaza Strip,2024,10.1093/nsr/nwae304,journal_article,empirical_quantitative,Gaza Strip (Palestine),"High-resolution satellite imagery and deep learning enable near real-time detection and quantification of escalating war damage to buildings, infrastructure, and agricultural land in the Gaza Strip.",0,0,0,2,no,neither,no,"In this study, we define urban annihilation by aerial or artillery bombardment as the systematic destruction of buildings, critical infrastructure and cultural heritage within conflict areas, which manifests as significant changes in the urban landscape detectable and measurable via high-resolution satellite imagery. || We found that 15.4% of structures were destroyed, 18.7% severely damaged, 11.8% moderately damaged and 12.5% slightly damaged. || The LuoJia3-01 satellite data are crucial for impartial conflict monitoring, and our innovative methodology offers a cost-effective, scalable approach to assess future conflicts in various global contexts.","The paper calls for an immediate ceasefire and highlights the methodology's potential for impartial conflict monitoring, UXO risk assessment, and post-conflict reconstruction planning.",B
main,748,Urbicide in Israel’s War on Gaza: Architecture of Erasure and the Unmaking of Urban Life (2023–2025),2025,http://doi.org/10.34230/fiad.1740210,journal_article,empirical_mixed,"Gaza, Palestine","Urbicide in Gaza (2023-2025) is a deliberate strategy of spatial erasure and home unmaking, not collateral damage, serving settler-colonial domination.",0,0,0,3,no,neither,no,"The unmaking of urban life is shown to be not collateral, but integral to a strategic logic aimed at disabling civic infrastructure, displacing populations, and erasing the viability of future sovereignty. || Urbicide, in this sense, names a modality of structural elimination deeply embedded in broader regimes of domination, whether nationalist, colonial, or imperial. || The destruction of public archives, municipal records, and cultural landmarks suggests a deeper goal: the erasure of memory and continuity. Gaza is not merely being bombed—it is being unmade as a space of collective identity and political potential.","Calls for further research on post-urbicidal urban recovery, politics of memory, and spatial justice in colonial and postcolonial contexts. No specific policy recommendations.",B
main,749,Urbicide in Israel’s War on Gaza: Architecture of Erasure and the Unmaking of Urban Life (2023–2025),2025,http://doi.org/10.34230/fiad.1740210,journal_article,empirical_mixed,"Gaza Strip, Palestine","Urbicide in Gaza (2023–2025) is a deliberate settler-colonial strategy of spatial erasure, not collateral damage, aimed at dismantling urban life, memory, and sovereignty.",1,0,1,3,tangential,civil_to_military,no,"Hospitals, schools, mosques, media institutions, and universities have been struck under the rationale of dual-use or symbolic alignment with resistance. || The destruction of Gaza’s built environment between 2023 and 2025 constitutes what may be termed a Spatial Nakba—an intentional strategy of architectural erasure and forced spatial reconfiguration. || Urbicide in Gaza between 2023 and 2025 operates not as a byproduct of war but as a central pillar of Israel’s military and spatial strategy.","Calls for further research on post-urbicidal urban recovery, politics of memory, and spatial justice; notes that reconstruction is denied through permit systems and material restrictions.",B
main,750,Constructing Urbicide in the Modern War on Terror: Surveillance and the Politics of Categorical Exclusion in Public Space in Xinjiang,,,,,,,,,,,,,,,,B
main,751,Radar the Next Generation Sensors as Robots,2003,,conference_paper,theoretical,global,"Proposes a futuristic 'Sensors as Robots' concept for autonomous, collaborative ISR sensor systems for military and civilian applications.",2,0,1,0,yes,both,no,"Future military and civilian requirements will be stressing and will require innovative sensors and sensor configurations. || Sensors as Robots technology will help to accelerate this process for both military and civilian applications. || we foresee military applications in the vein of the surveillance of hostile urban battlefield situations as well as monitoring functions inherent to peacekeeping activities; civilian applications such as crop production assessment/management and WIC assessment/management; industrial applications that include factory smoke emissions monitoring, production assembly assessment and management, facility management, and inventory shipment and tracking.",None,B
main,755,"Leviathan's Architect: Urbicide, Urban Renewal, and the Right to the City in Turkish Kurdistan",2022,10.1353/hrq.2022.0014,journal_article,case_study,"Turkey (Southeastern Turkey, Turkish Kurdistan: Sur/Diyarbakır, Nusaybin)","Post-conflict razing and reconstruction in Turkish Kurdistan is a form of securitized development that remakes urban space to erase Kurdish identity and impose state control, but residents resist through memory projects and cultural activism.",1,2,2,3,no,neither,no,"Urbicide can mean 'place annihilation,' or the 'destruction of major features of the urban environment and civil ecology.' It can also mean wrecking the idea of the city as a diverse, tolerant, livable space. || The state has harnessed tabula rasa reconstruction for its own ends, displacing and dispossessing residents as it seeks to remake the physical as well as social fabric of Kurdish-majority cities. || The new designs instead cultivate life patterns that are more individualistic and less gregarious. ... Vernacular and communal architecture have been replaced with housing units and apartment towers that cut people off from their neighbors and integrate them into state agencies and mortgage regimes.","The paper calls for a new political language for planning and design that hinges on history and inclusion rather than Realpolitik, and highlights the need for effective investigations and accountability for civilian deaths during curfews.",B
main,776,Time-series satellite remote sensing reveals gradually increasing war damage in the Gaza Strip,2024,10.1093/nsr/nwae304,journal_article,empirical_quantitative,Gaza Strip,"Integrating deep learning with high-resolution satellite data enables near real-time detection of war damage, revealing progressively increasing destruction in Gaza from Oct 2023 to Mar 2024.",0,0,0,0,no,neither,no,"We developed an automated method to detect war damage to buildings and farmland and locate missile craters using these data. || We found 3747 missile craters across five governorates in the Gaza Strip, which serve as a historical record in determining accurate estimates of potential unexploded ordnance (UXO) locations and assisting in demining and chemical decontamination. || These first-time findings highlight the urgent need for an immediate ceasefire to prevent further damage and support the release of hostages and subsequent reconstruction efforts.","Calls for immediate ceasefire and reconstruction; methodology offers cost-effective, scalable approach for conflict monitoring and post-war reconstruction planning.",B
main,812,Factored reasoning for monitoring dynamic team and goal formation,2009,10.1016/j.inffus.2008.05.005,journal_article,empirical_quantitative,"Baghdad, Iraq",Presents a particle filtering algorithm that reasons locally about unit positions and globally about team structure and goals to detect threats in asymmetric urban warfare.,0,0,1,1,no,neither,no,"The setting for our study is an asymmetric urban warfare environment in which uncoordinated or loosely coordinated units may attempt to attack an important target. The task is to detect a threat such as an ambush, as early as possible. || We attempt to provide decision-makers with early warnings, by simultaneously monitoring the positions of units, the teams to which they belong, and the goals of units. || In our experiments, we use a map of central Baghdad that has 119 streets and 79 intersections.",None,B
main,820,The Wayfarer modular navigation payload for intelligent robot infrastructure,2005,10.1117/12.604046,conference_paper,other,"United States (Burlington, MA, and urban/natural test environments)",This paper presents the development of a modular navigation payload for the iRobot PackBot to enable fully autonomous urban reconnaissance missions for military applications.,2,0,0,2,tangential,neither,yes,iRobot Corporation is a world leader in developing mobile robots for combat operations. Our man-portable PackBot Scout robots have been used to explore Taliban caves in Afghanistan and insurgent strongholds in Najaf. || The Wayfarer Project is an applied research effort that is tightly focused on developing robust techniques for autonomous reconnaissance in urban environments. || We are developing a modular navigation payload that will provide urban navigation capabilities for the PackBot or any other robot using the PackBot payload interface.,None,B
main,822,An Advanced Telereflexive Tactical Response Robot,2001,,journal_article,other,,Describes a tactical response robot for law enforcement and urban warfare with reflexive teleoperation and human-centered mapping.,0,0,0,0,no,neither,no,"ROBART III is intended as an advanced demonstration platform for non-lethal tactical response, extending the concepts of reflexive teleoperation into the realm of coordinated weapons control (i.e., sensor-aided control of mobility, camera, and weapon functions) in law enforcement and urban warfare scenarios. || The system is able to confront intruders with a laser-sighted tranquilizer dart gun, and automatically track a moving target with the use of various sensors. || A human-centered mapping scheme ensures more accurate first-time interpretation of navigational landmarks as the robot builds its world model, while orthogonal navigation exploits the fact that the majority of man-made structures are characterized by parallel and orthogonal walls.",None,B
main,828,Rapid assessment of large-scale urban destruction in conflict zones using hypergraph-based visual-structural machine learning,2025,10.1016/j.jer.2024.08.006,journal_article,empirical_quantitative,"Mariupol, Ukraine (Zhovtnevyi and Levoberezhny districts)","Proposes ViT2G, a visual-graph machine learning framework using hypergraphs and Vision Transformers to rapidly assess urban damage from war using satellite imagery, outperforming traditional methods.",0,0,1,1,no,neither,no,"In an era marked by increasing geopolitical conflicts, the accurate and swift assessment of urban damage in war-affected areas is crucial for implementing effective emergency responses and sustainable recovery planning. || advanced forms of warfare, such as missile attacks and drone strikes, have targeted civilian infrastructure such as residential buildings, schools and hospitals, exacerbating the humanitarian situation. || The ViT2G framework employs a novel approach by utilizing hypergraph structures and Vision Transformers (ViT), enabling a more detailed representation of urban areas than traditional graph-based methods.","Potential policy relevance for humanitarian organisations and urban planners for emergency response and reconstruction planning in conflict zones, but no specific policy recommendations are discussed.",B
main,836,An automated security response robot,1998,,,,,,,,,,,,,,,B
snowball,W2014717813,Algorithmic War: Everyday Geographies of the War on Terror,2009,10.1111/j.1467-8330.2008.00655.x,journal_article,theoretical,global,"Algorithmic security technologies in the war on terror blur military, commercial, and civil spheres, producing violent geographies through pre-emptive calculation and targeting in everyday life.",3,2,2,1,yes,both,yes,"It is not that algorithmic techniques have their origins strictly in the military domain (though, as we will see, many of them do), nor that society is strictly undergoing renewed militarization, but that security practices oscillate back and forth across different domains. || The promise that algorithmic calculations held out to the commercial authorities of the 1990s—to enable surveillance from a distance, to make market judgements in advance, to generate patterns of normal and atypical consumer behaviour—is now being re-made in the context of state security desires. || The association rules of the algorithm claim precisely to identify associations, to connect together here and there, to link that location of suspicion and this embodied risk, to suture together the forces of war in one place and the possibility of threat in the spaces of everyday life.","The paper critiques the privatization of security and the transfer of commercial data-mining techniques to state security, suggesting that these practices conceal violence and discrimination. It implies a need for greater transparency and democratic oversight of algorithmic security systems, but does not offer specific policy recommendations.",Graham 2006:forward
snowball,W2359831387,Unplug and Play: Manufacturing Collapse in Gaza,2011,,journal_article,case_study,"Gaza Strip, Palestine/Israel","Infrastructural networks in post-disengagement Gaza function as geopolitical sites of spatial control and biopolitical tools to regulate and suppress life, manufacturing a regulated humanitarian collapse.",2,1,2,3,yes,civil_to_military,no,"Infrastructure networks are thus the life support systems of modern societies, source of their vitality and yet source of its own fragility and manipulation. || The destruction of the power plant added to, and enhanced, what already was a chronic dependency on a legacy of colonial infrastructure used to manipulate and regulate the life of the colonized. || The concept of infrastructural violence provides a particularly useful lens through which to study the systematic politics of spatial reengineering that undoes the ordinary geographies of everyday life by generating and unfolding a hostile topography of infrastructure networks for purposes of population management and repression as well as territorial segregation and control.","The paper argues that targeting civilian infrastructure constitutes war crimes and collective punishment under international law, and calls for expanding the referents of political violence to include the material fabric of urban life. It highlights the role of human rights organizations in challenging these practices.",Graham 2006:forward
snowball,W2157402500,"Constructing resilience through security and surveillance: The politics, practices and tensions of security-driven resilience",2015,10.1177/0967010614557884,journal_article,empirical_qualitative,"UK (Birmingham, London)","Security-driven resilience, drawing on surveillance and military technologies, generates tensions between state security and community cohesion that may subvert resilience's founding principles.",2,1,2,1,yes,military_to_civil,no,"military technologies have been increasingly utilized in civic spaces, posing a series of questions about social control, citizenship and the ability to construct community resilience in local areas amidst state attempts to label the same areas as 'dangerous'. || Of the high-specification surveillance cameras in 'Project Champion', 150 came equipped with Automated Number Plate Recognition (ANPR) capability, developed from former military technology that could automatically monitor all vehicles entering and exiting the areas; whilst a further 72 covert cameras were camouflaged within street signs, furniture and other features of the urban landscape. || the opacity of many security-driven resilience initiatives, the politicized nature of hierarchical relationships within resilience practice, and the specific politics that such arrangements produce mean such aspirations are not always easy to realize.",Highlights need for transparent governance and community engagement in security-driven resilience; warns against co-opting local safety agendas for national security; describes erosion of police-community trust as a key consequence.,Graham 2006:forward
snowball,W2323921964,Postmortem city: Towards an urban geopolitics,2004,10.1080/1360481042000242148,journal_article,theoretical,global,"The paper argues that warfare and political violence are intimately woven into the fabric of cities and urban planning, and calls for an urban geopolitics to confront the militarisation of urban space.",0,0,0,3,tangential,both,no,"War and the city have intimately shaped each other throughout urban and military history. ""There is ... a direct reciprocity between war and cities"", writes the geographer Ken Hewitt. ""The latter are the more thoroughgoing constructs of collective life, containing the definitive human places. War is the most thorough-going or consciously prosecuted occasion of collective violence that destroys places."" (Hewitt, 1983, p. 258). || Even a leading US Air Force planner had to concede that this direct targeting of so-called 'dual-use' (military/civilian) electrical infrastructure in 1991 ""shut down water purification and sewage treatment plants. As a result, epidemics of gastroenteritis, cholera, and typhoid broke out, leading to as many as 100,000 civilian deaths and the doubling of infant mortality rates"" (Rizer, 2001). || Urban terrorism and state counter-terror tend to be umbilically connected. In the end, they tend, tragically, to be self-perpetuating in an endless circle of intensifying atrocity.",Calls for urban social science to confront militarisation of urban space and develop an urban geopolitics. Advocates for nurturing multicultural urban spaces as a normative response to fundamentalisms.,Graham 2006:forward
snowball,W2171371442,"From urban catastrophe to 'model' city? Politics, security and development in post-conflict Kigali",2013,,journal_article,empirical_qualitative,Rwanda (Kigali),"Kigali's transformation from post-genocide catastrophe to a 'model' city was achieved through political consolidation, donor support, and securitisation strategies that tightly control urban space, but this may suppress underlying conflicts.",0,1,2,2,no,neither,no,"The government’s overriding concern with national security issues, combined with its need for legitimacy, has led to sustained efforts to create a city that is tightly controlled through a range of strategies that project it as a ‘model’ space, both domestically and internationally. || The emphasis on order and urban reorganisation to some degree parallels the rural social engineering discussed elsewhere. || The expropriations in the name of the Master Plan discussed earlier have proved highly controversial, and the relative absence of social violence in the city should not obscure the use of actual or threatened violence by the state in relation to these kinds of state-society interactions.",The paper implies that post-conflict urban governance must balance security with inclusive civic engagement to avoid suppressing conflicts that may resurface. It highlights risks of elite-driven planning that excludes the poor.,Graham 2006:forward
snowball,W1913938051,When Life Itself is War: On the Urbanization of Military and Security Doctrine,2012,10.1111/j.1468-2427.2011.01026.x,journal_article,theoretical,global,"New ideologies of permanent war are radically intensifying the militarization of urban life through the 'new military urbanism', which normalizes the targeting of everyday urban sites, circulations, and populations.",2,2,3,3,yes,both,yes,"The new military urbanism's second foundation is the fusing and blurring of civilian and military applications of control, surveillance, communications, simulation and targeting technologies. This is not surprising given that control technologies with military origins are now fundamental bases for virtually all acts of digitally mediated urban life and consumption in advanced industrial cities, and that commercial modifications of such technologies are in turn being widely re-appropriated by the military. || French philosopher Gilles Deleuze (1992) famously termed contemporary societies 'societies of control'. Because networked electronic control and surveillance devices are now distributed through society, Deleuze argued that everyday urban life is now modulated by a sense of ever-present tracking, scrutiny and electronic calculation. || Defined as political violence intentionally designed to erase or 'kill' cities, urbicidal violence can involve the ethno-nationalist targeting of spaces of cosmopolitan mixing (as in the Balkans in the 1990s); the systematic devastation of the means of modern urban living (as with the de-electrification of Iraq in 1991, the 2006–08 siege of Gaza or the 2006 attack on Lebanon); or the simple erasure of those demonized people and places that are cast out as unmodern, barbarian, unclean, pathological or subhuman.","Calls for critical urban research to expose and confront the normalization of the new military urbanism, and to explore how social and political mobilizations can obstruct and challenge these norms. Suggests need for comparative work on how securitization is refracted through different national and urban contexts.",Graham 2006:forward
snowball,W1963997592,"Network-Centric Violence, Critical Infrastructure and the Urbanization of Security",2009,10.1177/0967010609342879,journal_article,theoretical,global,"Contemporary urban warfare targets critical infrastructure because it is constitutive of metropolitan life, revealing a reciprocal dynamic of urban securitization.",2,1,2,2,yes,civil_to_military,tangential,"The sanctions regime did not target infrastructure per se, it prevented the reconstruction, repair or maintenance of a number of infrastructural sites on the basis that they comprised 'dual use' facilities of potential importance to the Iraqi military. || Targeting critical infrastructure in order to disrupt urbanity thus comprises a historically specific form of violence. || Network-centric warfare was conceived in the post-Cold War period as an element of the so-called Revolution in Military Affairs (RMA). It refers to a doctrine based on domination of the information spectrum supported by the use of precision munitions, mobile forces, and accurate real-time modelling of enemy forces and infrastructures.","The paper argues that securitization of urban infrastructure (hardening, surveillance) is insufficient because it protects material substrate but not networked interconnectivity, and calls for a security studies that appreciates the complex ecology of metropolitan subjectivity.",Graham 2006:forward
snowball,W2916778134,"EXPERIENCES OF URBAN MILITARISM: Spatial Stigma, Ruins and Everyday Life",2019,10.1111/1468-2427.12797,journal_article,empirical_qualitative,"Lydda-Lod, Israel","Examines how poor Palestinians in Lydda experience spatial stigma and militarism through an uneasy combination of denigration, care, and historical awareness.",0,0,0,3,no,neither,no,"Urban geopolitics has compellingly connected cities and broader geopolitical processes, identified cities as key targets of military interventions, and conceptualized the destruction of buildings as a distinct form of political violence. || The ruins and empty spaces of the old Arab city are some of the visible material traces of the mass displacement of Palestinians in July 1948, when the Israeli army expelled all the 20,000 Palestinian residents of the city... || By studying the interplay between interpretive and affective responses to a built environment that has been targeted and 'blemished' by militarism, this article resonates with Mona Harb's recent call to 'diversify urban studies' perspectives on the city at war'.",None. The paper calls for a new perspective on urban militarism focused on everyday life but does not offer specific policy recommendations.,Graham 2006:forward
snowball,W2116991136,Policing Development: Urban Renewal as Neo-liberal Security Strategy,2010,10.1177/0042098009349772,journal_article,empirical_qualitative,"Cape Town, South Africa","Post-apartheid policing in Cape Town townships, driven by neoliberal security ideology, reproduces aggressive apartheid-era policing, securitizes urban renewal, and undermines development by containing rather than addressing root causes of crime.",0,0,1,2,no,neither,no,"current approaches to urban renewal risk exacerbating social instability by reproducing aggressive forms of policing associated with the apartheid era. || Policing on the Cape Flats today is perhaps best understood not an example of bad policing or misdirected policing but, rather, from the point of view of the neo-liberal city, necessary policing. || The result of conflating crime reduction with development has been a widening of the police net, in which millions of poor South Africans are caught up every year, with insufficient change in what happens to those caught in it.",The paper critiques security-driven urban renewal and recommends addressing root causes of crime (socioeconomic development) rather than relying on aggressive policing and containment. It highlights the counterproductive effects of militarized policing on community trust and development.,Graham 2006:forward
snowball,W1777030935,Living Beirut's Security Zones: An Investigation of the Modalities and Practice of Urban Security,2012,10.1111/j.1548-744X.2012.01074.x,journal_article,empirical_qualitative,"Beirut, Lebanon","Security in Beirut is fragmented, overlapping, and reflects political divisions, reinforcing social hierarchies and constraining daily urban practices.",0,0,0,1,no,neither,no,"These days, I feel that I am back in the village except that those who are harassing me, inquiring about my whereabouts and ordering me around are 100 strangers, dressed in different costumes, playing police... || A certain 'normalization' of security has occurred in the perception of many city dwellers who see security elements as part of the daily hassles they deal with. || Like capital, security has become one more form in which existing social hierarchies are consolidated and/or challenged and new ones imposed.",None,Graham 2006:forward
snowball,W2164611119,The uneven geographies of the Olympic carceral: from exceptionalism to normalisation,2015,10.1111/geoj.12081,journal_article,empirical_qualitative,"London, Sochi, Rio de Janeiro","Olympic security planning creates hyper-carceral spaces that normalise exceptional security measures, producing uneven geographies and transferring military-carceral strategies across host cities.",1,1,2,2,tangential,military_to_civil,no,"This again connects with an enduring set of processes by which, slowly but surely, we see military–threat–response technologies and procedures being repurposed for use in the civic realm (Graham 2010). || In such spatial configurations the rule of law is suspended to facilitate extraordinary social control where citizens can be literally stripped of political rights (homo sacer) altering the established relationship between the state/sovereign and the citizenry within a particular territory, most graphically represented by the prisoner camp. || the spatial imprints and uneven geographies of such strategies can be seen to represent a contemporary carceral archipelago where the spaces that are secured, and their social and material effect on adjacent areas, the host city, or the wider nation, are relevant to contemporary urban restructuring debates within geography","Critiques the normalisation of exceptional security measures in mega-events, highlighting the need for proportionality and the risks of permanent security legacies that exacerbate urban inequalities.",Graham 2006:forward
snowball,W2606254568,Housing as Battleground: Targeting the City in the Battles of Algiers,2017,10.1111/ciso.12118,journal_article,case_study,"Algiers, Algeria","During the Algerian War, housing in Algiers was militarized through the state of exception, transforming dwellings into tools of surveillance, control, and resistance.",1,2,2,3,tangential,civil_to_military,no,"What has received less attention, however, is the degree to which housing complexes and residential districts also became targets of strategic militarization. || The sudden proliferation of emergency dwellings, like those erected in the Mahieddine and the Clos Salembier, represented a new stage in the militarization of housing in Algiers. || In this context, military officers became self-styled urban theorists as the numerous bidonvilles (shantytowns) in Algiers were placed directly under their control, and new emergency dwelling models––above all the cité de transit––were codified as their weapons of choice.","The paper discusses the state of emergency as a legal framework enabling militarized urban transformation, and notes its later reapplication in France for rehousing bidonville residents, with implications for contemporary states of emergency.",Graham 2006:forward
snowball,W2172126569,“Homeland” Insecurities? Katrina and the Politics of “Security” in Metropolitan America,2006,10.1177/1206331205283671,journal_article,policy_analysis,United States (New Orleans),"The Bush administration's post-9/11 focus on terrorism undermined urban preparedness for natural disasters like Katrina, revealing the politics of security.",0,0,0,1,no,neither,no,"In disturbing echoes of Baghdad and Fallujah, U.S. Army commanders, in response to Katrina, talked openly in the Army Times about the need to launch 'urban combat' operations to 'take back' the city from 'insurgents' who had bred anarchy and violence. || The Katrina disaster unerringly revealed some of the stark politics that surround 'security' in the post-9/11 United States. || Such a policy shift may have directly contributed to the scale and devastation of Katrina. In early 2004, the federal government withdrew moneys from levee maintenance around New Orleans to pay for homeland security programs and the Iraq war budget.",Critiques the diversion of resources from disaster mitigation to antiterror spending; implies need for balanced security policies that address natural hazards and climate change.,Graham 2006:forward
snowball,W2168920878,From ‘Violence-complacent’ to ‘Terrorist-ready’: Post-9/11 Framing of the US Super Bowl,2011,,journal_article,empirical_qualitative,US,"Post-9/11 news media framed the Super Bowl as both vulnerable and safe, incorporating these frames into pro-growth discourse to maintain hegemonic ideology and justify militarization of urban space.",0,1,2,1,tangential,military_to_civil,no,"The massive security build-up that accompanies the Super Bowl is thus presented as the ‘new normal’. || In post-9/11 era, the Super Bowl is both ‘vulnerable’ and ‘the safest place on earth’. And we are ‘privileged’ host communities and football fans, even as we are surveilled, digitally scanned, corralled, barricaded and patted-down. || Rather than re-place the pro-growth discourse, these frames were effectively incorporated by journalists into the pro-growth discourse—both vulnerability and safety are now presented as contributing to the ‘fact’ that hosting a Super Bowl is good for the city-as-a-whole.","None explicitly. The paper critiques the militarization of urban space and the acceptance of security measures, but offers no policy recommendations.",Graham 2006:forward
snowball,W2002387436,"Privatizing Security, Securitizing Policing: The Case of the G20 in Toronto, Canada",2014,10.1111/ips.12052,journal_article,case_study,"Toronto, Canada","Examines how the privatization and securitization of policing during the G20 in Toronto blur internal/external security, militarize urban space, and undermine democratic accountability.",2,1,2,2,tangential,military_to_civil,no,"Long-range acoustical devices (LRADs), or 'sound cannons,' were originally developed by the US military for use against Somali pirates and Iraqi insurgents, only to be later tested 'at home' in the space of the city during Pittsburgh's 2009 hosting of the G20. || The idea that 'security is coming home' (Coaffee and Wood 2006) shapes cities in particular ways... the 'reciprocal dynamic of urban securitization' or the 'urbanization of security' (Coward 2009:399) in which 'the security agenda is urbanized and urbanity is insofar as it induces insecurity and vulnerability—securitized' has particular implications for cities. || increased militarization is not only fought through the city but is related to what some have called 'urbicide' and a war on cities (Campbell, Graham and Monk 2007; Cowen 2007).",Recommends repeal of the Public Works Protection Act (later enacted); emphasizes need for public debate on acquisition of military-grade equipment by police; highlights accountability gaps and constitutional concerns with security regulations.,Graham 2006:forward
snowball,W3173822692,"Governing the Contested City: Geographies of Displacement in Diyarbakır, Turkey",2021,10.1111/anti.12753,journal_article,empirical_qualitative,Turkey (Diyarbakır),"Urban renewal projects in Suriçi, as part of a post-conflict urban regime, rendered Kurdish lower-class dwellers displaceable and paved the way for subsequent destruction during urban warfare.",0,0,0,3,no,neither,no,"This abrupt shift from renewal schemes aiming to forge a governmental spatio-politics to draconian measures that Öktem (2019) describes as 'urbicide' requires examining the processes that inform the spatiality of politics in the successive conjunctures of non-conflict and conflict. || The idea of securitisation through marketisation has invigorated urban imaginaries that devalue lower-class Kurdish dweller's experience attached to place. The post-conflict rehabilitation has stripped dwellers of their right to the city by depicting their everyday forms of urbanity as unfit. || Displaceability here is crucial to understand how the violence expressed in further re-militarisation of space during and after the urban warfare became possible. As 'the state of being susceptible to involuntary distancing from' urban material and cultural resources and right to the city (Yiftachel 2020:154), displaceability 'holds large parts of urban society in suspense, often living on borrowed time in conditions of growing vulnerability and uncertainty'.",None,Graham 2006:forward
snowball,W4225117531,Slow urbicide: Accounting for the shifting temporalities of political violence in the West Bank,2022,10.1016/j.geoforum.2022.04.012,journal_article,empirical_qualitative,"West Bank, Palestine/Israel","The paper proposes 'slow urbicide' to capture the gradual, attritional destruction of Palestinian urbanity in the West Bank through Israeli settlement policies and environmental violence.",0,0,0,3,no,neither,no,"The article proposes the concept of 'slow urbicide' to account for the shifting temporalities of urbicidal violence as much as for its reliance on, or activation of, human and more-than-human agencies and forces. || Slow urbicide... involves a gradual destruction of Palestinian urbanity through such strategies as physical strangulation, obscure systems of land administration, bureaucratic neglect, pollution, and obliteration of the vernacular landscape. || The policy of intense, cartographically premeditated settlement in the West Bank... mobilizes one form of urbanity (Israeli) against another (Palestinian) and is deliberately aimed at the suppression of the latter.",None,Graham 2006:forward
snowball,W4402932612,Atmospheric geographies of (counter)terrorism,2024,10.1177/03091325241268951,journal_article,theoretical,"Western Europe (with references to UK, France, Germany, Israel/Palestine, Colombia, Lebanon, Indonesia)","This paper argues for an atmospheric approach to studying everyday urban experiences of (counter)terrorism, focusing on diffuse, felt experiences and the role of crowds and difference.",1,2,3,2,tangential,neither,no,"We argue that thinking atmospherically about the spaces of urban encounters with (counter)terrorism is important, firstly, to identify and question feelings and dispositions shaped by discourses, practices, and infrastructures of (counter)terrorism; secondly, to contribute spatial perspectives of felt experience to literatures on security and (counter)terrorism in geography and beyond; thirdly, to connect official understandings of (counter)terrorism with its everyday felt experiences and materialities. || Counterterrorism is replete with examples of specific policing and practices acting 'beyond the realm of the observable' and becoming embodied at the everyday level [...] that warrant consideration here for their atmospheric aspects and impacts. || How then might different atmospheres come into being through the performance of variously expressive activities amongst such materialities? There are evident parallels here when it comes to such a concern with both the material realities of urban environments and their role in securing people and institutions from the threat of terrorism, and the host of practices of policing and securing that seek to set a certain tone amongst this.","Discusses UK Protect Duty consultation and EU SafeCi project; highlights the need for policy to engage with diverse publics and the atmospheric/affective impacts of counterterrorism measures, not just physical security.",Graham 2006:forward
snowball,W2913763107,"The State, Sewers, and Security: How Does the Egyptian State Reframe Environmental Disasters as Terrorist Threats?",2019,10.1080/24694452.2018.1497474,journal_article,case_study,Egypt (Alexandria),"The Egyptian state reframed the 2015 Alexandria floods as a terrorist attack to entrench repressive rule, obfuscating infrastructural neglect and climate change.",1,2,1,1,no,neither,no,"Blaming terrorists for targeting Egypt's urban sanitation infrastructure, however, revealed how the state's narrative of terrorism and security extended into its repressive approach to urban environmental governance. || Terrorism became the master discourse through which the floods were now to be understood; this narrative shifted the urgency of improving environmental governance or infrastructural development to a focus on terrorism's attendant state response, increased security. || I argue that in the current political moment in Egypt and across the globe, the discourse of terrorism and its attendant statist response of security have become important forces in urban environmental governance and infrastructural development.","The paper critiques the use of terrorism discourse to justify securitization and repressive governance, and calls for attention to infrastructural neglect and climate change rather than security responses.",Graham 2006:forward
snowball,W1777222574,Security Zones and New York City's Shrinking Public Space,2010,10.1111/j.1468-2427.2009.00899.x,journal_article,empirical_mixed,"New York City, USA (Lower Manhattan)","This paper empirically measures the extent of security zones in Lower Manhattan, finding that 27% of non-building area is now secured, and argues this new land use shrinks public space and threatens democratic urban life.",0,1,0,1,no,neither,no,"We argue that this new type of land use is an important and permanent feature of twenty-first century global cities. || Public spaces are the lifeblood of cities. More than simple physical entities, truly public spaces are sites of interaction in which individuals are sometimes forced to interact with those whom they usually criticize or dislike. || The diminution of the public realm was palpable in both neighborhoods: clearly, the security zone is a new type of land use and deserves more earnest consideration by the planning and development community.","The paper recommends that cities inventory their public realm, balance security with openness, and consider more flexible security measures. It notes that pedestrianization for security purposes might be politically palatable.",Graham 2006:forward
snowball,W3215403016,"21 Militarized Civic Ritual: Pentagon, Police, and US Professional Football",2021,10.1057/978-1-137-56854-0_21,book_chapter,theoretical,United States,"Militarized civic rituals, exemplified by the NFL's relationship with the US military and homeland security, have become routine in US cities, blurring civilian-military boundaries and legally equating fans with citizen-soldiers.",3,2,2,2,yes,both,tangential,"In this chapter I suggest that militarized civic rituals have now become an ever-present feature of US urban life and represent a troubling new conflation between military and civilian discourses and practices employed through sport, particularly the NFL and the Super Bowl. || This effectively means that the NFL is legally viewed the same as a Pentagon supplier, and the fans in attendance, and the citizens in the urban spaces, are the soldiers at war. || Legally equated with a soldier at war, the NFL fan's call of duty is perceived through a mobile phone application, everyday citizens recruited to assist, in the name of patriotism, in terrorism prevention. This blurs legal and operational separations between intelligence-gathering and citizenship and further collapses civilian-military boundaries suggesting a changed notion of duty for all US residents.","Discusses the SAFETY Act (2002) which provides liability protection to anti-terrorism technology sellers, including the NFL, and the Government Contractor Defense that immunizes sellers against claims from terrorist acts; notes that citizens are not informed of their legal status as soldiers and lack the benefits (e.g., veteran pensions, medical care) that actual soldiers receive; recommends awareness of militarization and its implications for citizenship.",Graham 2006:forward
snowball,W2094381533,An Intelligent Surveillance Platform for Large Metropolitan Areas with Dense Sensor Deployment,2013,10.3390/s130607414,journal_article,case_study,global,A technical description of an intelligent video surveillance platform using low-cost sensors and multiple AI engines for autonomous alarm detection in urban environments.,0,0,0,0,no,neither,no,"This paper presents an intelligent surveillance platform based on the usage of large numbers of inexpensive sensors designed and developed inside the European Eureka Celtic project HuSIMS. || The fact that the system is using low resolution visual sensors provides an additional advantage regarding governance and politics: the provided image does not usually allow recognition of people’s faces, which makes the system more respectful of privacy. || HuSIMS' main target is to provide real-time alerts for irregular activity in both indoors and outdoors scenarios.",None,Graham 2006:forward
snowball,W1832331872,Competitive Cities and Secure Nations: Conflict and Convergence in Urban Waterfront Agendas after 9/11,2006,,journal_article,empirical_qualitative,North America (US and Canada),"Post-9/11 port security and competitive city waterfront redevelopment agendas are both conflicting and converging, with implications for social justice.",0,0,0,1,no,neither,no,"While proponents of competitive city projects appear directly concerned with promoting a particular vision of capitalist urban development in contrast to the national security agenda of port and border securitization, we contend that a simple dichotomy between 'economy' and 'security' cannot capture their complex intermingling. || The securitization of urban ports against potential terrorism in the US is imagined by government officials and security strategists as a front-line strategy in the protection of goods that flow into national transportation systems. || Whether urban waterfronts are rebuilt and policed in the interests of national security, local property developers and professional condominium residents, or all of these simultaneously, a large proportion of urban citizens are not a part of that picture.","The paper highlights the exclusionary implications of the convergence of security and economic agendas for marginalized groups, emphasizing the need for attention to spatial justice in waterfront cities.",Graham 2006:forward
snowball,W2587864690,Future war in cities: Urbanization's challenge to strategic studies in the 21st century,2016,10.1017/S1816383117000066,journal_article,theoretical,global,"Western militaries must engage with urban studies to develop nuanced strategies for diverse urban environments, moving beyond a narrow focus on megacities.",0,0,0,0,no,neither,no,"One of the continuing weaknesses of Western strategic studies is the paucity of serious research on the role of the city in armed conflict. || Because cities represent crucibles of civilization, it is uncomfortable to regard them as arenas for future armed conflict or as scenes of humanitarian emergency. || In the coming years, if we are to better understand the city as an armed conflict zone, an urban-oriented strand of strategic studies needs to be developed by security scholars working in close conjunction with the macro- and micro-level schools identified earlier.","Recommends developing an urban-oriented strategic studies, engaging with urban specialists, and using discriminate force to reduce civilian casualties and uphold humanitarian law.",Graham 2006:forward
snowball,W2107347220,Urban resilience and national security: the role for planning,2008,10.1680/udap.2008.161.4.173,journal_article,case_study,"UK, with references to USA, Israel/Palestine, Northern Ireland","This paper analyzes how counter-terrorism urban resilience has become embedded in planning, shifting from crude militaristic fortification to a more integrated role for built environment professionals, raising concerns about proportionality and co-option.",1,0,1,2,tangential,military_to_civil,no,"'blast resistant design specialists and the tools they use to understand explosions are Cold War legacies...such specialists were deployed to defend not civilian buildings, but military facilities such as missile silos or bunkers. Now, however, in response to the threat of terrorist attack against civil buildings, civil planners are being urged to incorporate resilience for counter-terrorism.' (para 3.2) || 'The link between the military and planning in Israel must be viewed not only in a historical context but also in terms of different strategies of intervention at national, regional and local scales creating a 'security scape' preoccupied with 'impending threats, defence strategies and precautionary measures'.' (para 3.1) || 'The truth is we do not design buildings to withstand bomb blasts because bomb blasts are the exception to the rule…the key point is the defining of the line between risk and recklessness.' (para 3.2, quoting Finch 1996)","Discusses UK policy implications: Contest strategy, National Security Strategy, need for planning training, integration of counter-terrorism into building design, tension between proportionality and over-reaction, and potential for co-option of planning profession into security agenda.",Graham 2006:forward
snowball,W2084783988,Violence and domestic space: demolition and destruction of homes in the occupied Palestinian territories,2011,10.1080/13602365.2011.547011,journal_article,case_study,"occupied Palestinian territories (West Bank, East Jerusalem, Gaza)","Examines systematic demolition of Palestinian homes as violence, dispossession, and ethnic cleansing, using planning and military tactics to control urban space.",0,0,0,3,no,neither,no,"In that demolition I lost everything. I lost all the memories of my life—pictures, documents, belongings from my childhood, my wedding, our years in Saudi Arabia. Everything that meant something to me personally. We lost all our possessions—our furniture, appliances. All our savings from all those years of work were gone. || Israel has turned urban planning into a tool of the government, to be used to help prevent the expansion of the city's non-Jewish population. In East Jerusalem in particular, it is a way of limiting the number of new homes built in Arab neighbourhoods, and thereby ensuring that the Arab percentage of the city's population—28.8% in 1967—does not grow beyond this level. || The most disturbing thing to me is that there is an absolutely wild west in the occupied territories. Brigade Commanders, Regiment Commanders and Company Commanders do whatever comes to their minds. No one checks them, and no one stops them.",Calls for an end to house demolitions and occupation; highlights the need for international pressure and recognition of planning as a tool of dispossession.,Graham 2006:forward
snowball,W3123083941,The geo-historical legacies of urban security governance and the Vancouver 2010 Olympics,2015,10.1111/geoj.12070,journal_article,empirical_qualitative,Canada (Vancouver),"Mega-events like the Olympics catalyse long-term militarisation of urban policing through joint training and jurisdictional blurring, as seen in the Vancouver Police Department's Military Liaison Unit.",0,0,1,1,yes,both,no,"The paper furthers Stephen Graham’s (2010) New Military Urbanism that considers the circulation of military expertise between neo-colonial frontiers of military intervention with Western urban spaces. || In this way, models of ‘pacification’, ‘militarisation’ and ‘control’, as the practical means through which the West prosecutes its military interventions, are remerging in Western urban contexts through a ‘boomerang effect’. || The MLU has trained members who are currently serving in Afghanistan and Sudan, demonstrating how the military police model is applicable to their own geo-political operations.",The paper highlights under-recognised security legacies of mega-events and calls for empirical attention to institutional-level geographies of policing and militarisation.,Graham 2006:forward
snowball,W2047871490,Spatial Alternatives and Counter-Sovereignties in Israel/Palestine,2014,10.1111/ips.12040,journal_article,theoretical,"Israel/Palestine (Jerusalem, West Bank, mixed cities)",Explores how micro-level spatial alternatives and counter-sovereignties can challenge hyper-securitized spatial logics and foster nonviolent overlapment in the Israeli-Palestinian conflict.,0,0,0,2,no,neither,no,"Graham (2004) distinguishes Israeli construction (for example, new settlements, barriers, and roads) with the de-construction of the urban and infrastructural assets of the Palestinians (demolishing houses, for example), labeled 'urbicide.' || Sari Hanafi (2005) terms the destruction of the full spectrum of Palestinian life—erased from the land—as 'spacio-cide.' || Weizman (2004) and Weizman and Lein (2002) focus on the developmental aspect of Israel's strategy in the Occupied Territories. They argue that the Israeli strategy in the Occupied Territories centers on three-dimensional control over the totality of space: infrastructure, the environment, and sub- and above-surface domains—a combination which orchestrates a 'politics of verticality' using planning and architecture.","Suggests rethinking sovereignty through fragmented, counter-, and social sovereignties at micro and local scales; advocates for shared governance of contested sites like Temple Mount/Haram al-Sharif via community-based authorities; notes potential of civil society activism and everyday practices to create spaces of nonviolent overlapment.",Graham 2006:forward|Weizman 2007:forward
snowball,W4404468963,The Emergence of a Military Urban in and of War,2025,10.1080/24694452.2024.2422856,journal_article,theoretical,United States,"Traces the historical-conceptual emergence of a 'military urban' in U.S. military practice, where the urban becomes a distinct object of knowledge and management, enabling new forms of military action.",0,2,2,0,no,neither,no,"a gradual shift has occurred in terms of how the armed forces have begun to think of and act on the urban as a distinct object that can be made “known” and managed in and through a specialized knowledge. || The entire urban environment must be addressed simultaneously and systematically by applying power to disable hostile elements and enable those environmental elements that are essential to the city’s functioning. || just as a living organism relies on flows (in food, air and water), and flows out (waste) to stay alive, a city also requires flows",None explicitly; offers critical understanding of military epistemology and its weaponization of knowledge for urban warfare.,Graham 2006:forward
snowball,W2107959609,The Intimate Entrenchment of Philadelphia's Drug War,2015,10.1080/21622671.2015.1047898,journal_article,empirical_qualitative,"Philadelphia, USA","The drug war in Philadelphia's inner city is maintained through militarized discourse and practices, but residents resist by occupying and defending the block as intimate spaces of survival and community.",1,1,2,2,tangential,military_to_civil,no,"Through the military transfer programme implemented by congress in the 1990s, the PPD has a weapons arsenal supplied directly by the armed forces. In April 2013, there was a brief scandal when the PPD lost an M-16 assault rifle... Department officials noted that they were in possession of 1355 M-16 assault rifles in their arsenal. The weapons were given to the department by the US army.","The paper critiques the militarized approach to drug enforcement and suggests that policy should recognize the importance of semi-public spaces for residents' survival and community, rather than treating them solely as front lines of a war.",Graham 2006:forward
snowball,W2039221755,Walking Through Walls: The Invisible War,2015,10.1177/1206331213512919,journal_article,empirical_qualitative,Palestine (Nablus),"The Israeli 'walking through walls' strategy during the 2002 invasion of Nablus constitutes urban warfare that destroys domestic space and suspends everyday life, while inhabitants develop 'making-do' tactics to resist and cope.",0,0,0,3,no,neither,no,"The Israeli assault and the 'walking through walls' mark a twofold military strategy. On one hand, it undermines the already slow modernization of the Palestinian urban society; ... On the other hand, it is of deliberate urban destruction that is closely integrated with Israeli's overall colonization efforts through carefully planned construction of place and space as a broader strategy of annihilation of the Palestinian landscape (Graham, 2004). || The 'walking through walls' not only turned inside space into outside space and the private domain to the thoroughfare, but also transformed the meaning of everyday space into a 'forbidden space' where it became a medium of warfare. || This article signifies that warfare, like everything else, is being urbanized and cities are the key sites: 'War has entered the city again—the sphere of the everyday, the private realm of the house' (Misselwitz & Weizman, 2003, p. 272; cf. Graham, 2004).","The paper suggests that planning in conflict zones should incorporate the lived experience and 'making-do' tactics of inhabitants, but does not provide specific policy recommendations.",Graham 2006:forward|Weizman 2007:forward
snowball,W4315699709,"Violent infrastructure, nationalist stigmatisation and spatial erasure",2024,10.1177/02633957221148070,journal_article,empirical_qualitative,Turkey (Diyarbakir),"Turkish nationalist infrastructure in Diyarbakir inflicts symbolic violence by stigmatizing and erasing Kurdish identity, but Kurdish residents also resist and reaffirm their identity through the same space.",0,0,0,3,no,neither,no,"In general, urban infrastructure is a mechanism of state power. But, through the case of the imposing presence of Turkish nationalist infrastructure in the Kurdish city Diyarbakir, it demonstrates that when tied to an antagonistic nationalist political project, this infrastructure is often purposefully built to violently cleanse urban spaces of the national 'other'. || Statues, murals and slogans cannot injure, maim or kill. So, the Turkish infrastructure in Dağkapı Square does not result in any physical violence. Instead, my interlocutors' experiences reveal that it inflicts a form of symbolic violence as the infrastructure works to stigmatise and erase their Kurdish identity. || That is not abnormal. Remember how I used to be beaten up in school for speaking Kurdish? Before that I spoke Kurdish, but I never knew that I was Kurdish. But when I was beaten up I really understood that I was Kurdish, I felt Kurdish, and I wanted to say, 'I am Kurdish'. When we lined up for lunch the teacher would say, Ne mutlu Türküm diyene. But we would whisper to each other Ne mutlu Kürdüm diyene.",None,Graham 2006:forward
snowball,W1578662885,The war on teenage terrorists: Philly's 'Flash Mob Riots' and the banality of post-9/11 securitization,2011,10.1080/13604813.2011.630856,journal_article,case_study,"Philadelphia, USA",Philadelphia's response to gatherings of African American youth as 'flash mobs' uses banal post-9/11 antiterrorism discourse to justify aggressive policing and reinforce historical racial and class segregation.,0,2,2,1,no,neither,no,"This paper interprets a recent, aggressive state crackdown on public gatherings of African American youth in the streets of Philadelphia's commercial districts against the backdrop of historical geographies of race and disinvestment. Drawing on news accounts and government publications, and deploying theories of securitization and space, it joins those who argue that the performance of security in everyday spaces works to conceal the social relations undergirding the post-9/11 security state. We consider how city officials and others have constructed the collective figure of the 'flash mob' as a perpetrator of urban terrorism and the subject of state intervention.","Critiques the use of antiterrorism legislation and surveillance to preempt youth gatherings and curtail civil rights, calling for closer attention to the social warrant of racialized space and banal terrorism.",Graham 2006:forward
snowball,W4320725784,Suspicious cities: An analysis of the securitisation of urban everyday life in London and Brussels,2023,10.1080/17539153.2023.2176408,journal_article,empirical_qualitative,"London, UK; Brussels, Belgium","Urban everyday life in London and Brussels has been incrementally securitised under counterterrorism, with human and non-human bodies increasingly assigned suspiciousness, constituting a process of urban segregation with ethical implications for collective responsibility.",0,1,1,1,no,neither,no,"I conceptualise urban everyday life as an entanglement of intra-acting sites, objects, and people. || the securitisation of everyday life in European metropoles constitutes a process of urban segregation. || everyone and everything that intra-acts in urban everyday life is also to some extent responsible for its securitisation","Calls for critical reflection and resistance to securitisation, but no specific policy recommendations.",Graham 2006:forward
snowball,W2133517802,Walls and shadows: The occupation of Baghdad,2007,10.1080/13604810701687993,journal_article,other,"Baghdad, Iraq","The occupation of Baghdad created a segregated, dual city of walls and shadows, where American military control and isolation fostered violence, racism, and failure.",0,0,0,2,no,neither,no,"The paper examines the complex dynamics of urban occupation from the author's particular vantage, exploring how technology, doctrine, psychology, and tactics interrelate in the high-stress combat environment. Drawing wider conclusions from his experience, the author argues that the occupation of Baghdad offers a bleak vision of our urban future, a future where security for the few promotes a violent anarchy for the many, a future of walls and the shadows they cast. || The overall system comprised a dispersal of fortress-like FOBs, each surrounded by enormous concrete barriers and guarded by watchtowers manned by machine-gun crews, connected by routes running along the major expressways, which themselves hosted military convoys, patrols and checkpoints, all forming a lattice of American quasi-control laid over the teeming metropolis of Baghdad like a second city, an American network deliberately separate from, bypassing and avoiding as much of the real city as possible. || That is, going outside the wire, leaving the FOB, was not just to enter into a city full of hostile people, but it was to enter a city that was, in itself, hostile, that was, in its very roads and sidewalks, the enemy. It was as if Baghdad itself was trying to kill us.","None, but the paper implies that militarized segregation and lack of cultural engagement are counterproductive.",Graham 2006:forward
snowball,W4308214329,The Applicability of International Humanitarian Law in Peacetime Urban Civilian Operations: Analysing the Deployment of the Army to Fight Gang Violence in the Cape Flats,2021,10.25159/2521-2583/9576,journal_article,policy_analysis,"South Africa, Cape Town","Analyses whether the military deployment against Cape Flats gang violence is justified under IHL, concluding the violence is an 'other situation of violence' not triggering armed conflict law.",0,0,0,0,no,neither,no,"The situation of gang violence in Cape Town cannot be classified as urban warfare. ... it is not a military operation, but the main proponents and victims are civilians. || Stupart argues that the army is not well suited for combating gangsterism in Cape Town because soldiers are trained to 'find, fix and finish' their 'enemy'. ... gang members are not distinguishable from civilians. || The Cape Flats comprise of purpose-built ghettos with no communal amenities and no employment opportunities either. These new settlements were designed in such a way as to limit the number of points of exit and entry, in a bid to ensure that the inhabitants could easily be policed and cordoned off by the apartheid government.",Implies that a multi-pronged socio-economic approach is needed rather than military intervention; highlights the politicisation of gang violence as a barrier to effective policy.,Graham 2006:forward
snowball,W4402515781,"In dangerous times: War, reconstruction and the city",2024,10.1080/00187259.2024.2363897,journal_article,theoretical,"global, with focus on Middle East (Lebanon, Syria, Palestine, Iraq, Gaza, Yugoslavia)","The article argues that urban destruction and reconstruction are linked through a post-conflict-catastrophe complex that reinforces neocolonial relations, militarism, and neoliberal marketization.",1,1,1,3,tangential,civil_to_military,tangential,"The central argument: cities today are both productive of and produced by scale-jumping flows of people, ideas, goods, finance, technology, and aesthetic practices, all mediated by complex assemblages of institutions and regulation, above, below and shooting through, the state. (p. 205) || What some call urbicide (Graham 2004, 2011), however, is most devastatingly visible in contemporary late-modern warfare (Belcher 2011), itself a product of global transformations that fragment states and give rise to a range of sub-state political and military forces. (p. 205) || Israel's use of two such systems, known as Lavender and Where's Daddy?, may be indicative of what's to come. These systems are used to create kill lists of suspected Hamas fighters and 'operatives' down to the lowest levels. These suspects are targeted not in battle, but often tracked to their homes, where they are killed along with their families, often multiple generations at a time (Abraham 2024; Tharoor 2024). Without meaningful human oversight, and combined with the unprecedented destructive power of today's weapons, contemporary urban warfare gives lie to technophilic dreams of the sanitary smart bomb. (p. 206)","The article critiques the Post-Conflict/Catastrophe Complex (P3C) and its neoliberal reconstruction policies, calling for anthropological engagement with alternative paths that prioritize local agency, peace, security, and sustainable economic revival over market-driven approaches. It advocates for critical voices to engage 'war where it is made' (p. 207).",Graham 2006:forward
snowball,W2913346170,Predictive Policing: Review of Benefits and Drawbacks,2019,10.1080/01900692.2019.1575664,journal_article,review,global,Predictive policing lacks a clear evidence base; claimed benefits and drawbacks are not empirically supported.,1,2,1,0,no,neither,no,Predictive policing is the collection and analysis of data about previous crimes for identification and statistical prediction of individuals or geospatial areas with an increased probability of criminal activity to help developing policing intervention and prevention strategies and tactics. || The risk here is that predictive policing could result in less effective and maybe even discriminatory police interventions. || We conclude that the current thrust of predictive policing initiatives is based on convincing arguments and anecdotal evidence rather than on systematic empirical research.,Urges independent empirical testing of both benefits and drawbacks to build an evidence base for predictive policing.,Kitchin 2014:forward
snowball,W1898484762,Is Big Data challenging criminology?,2016,10.1177/1362480615586614,journal_article,theoretical,global,"Big Data and predictive policing challenge traditional criminology by sidelining theory and causation in favour of correlation, but this approach has serious limitations.",1,2,1,0,no,neither,no,"The disregard of theory means that a lot of Big Data analysis (like the random forest algorithm described above) will be regarded as a 'black box'. As Brennan and Oliver (2013: 558) state, 'their logic can be inscrutable to human users … This failure to offer explanatory tools might be awkward for decision makers who must provide justifications for their decisions (e.g., judges, probation officers, and parole boards).' || Because these techniques make predictions with seeming clairvoyance based on methods that people who rely on those predictions cannot understand, there is an 'aura' around the predictions. There are no opportunities to challenge claims about future behaviour based on particular alleged correlations (e.g. race and crime) as they remain hidden. || If there are initial biases in the crimes noticed by police (for example racial bias affecting initial patrolling patterns), then this will be fed back into the algorithm and 'confirm' police biases (see Pasquale, 2015: 39–42). This feedback effect is self-perpetuating, thus unable to be solved by regular updating.","Discusses implications for predictive policing and criminal justice decisions, urging that decisions require causal understanding, transparency, and evaluation through experiments or quasi-experiments.",Kitchin 2014:forward
snowball,W2904032123,Predictive Policing and the Politics of Patterns,2019,10.1093/bjc/azy060,journal_article,empirical_qualitative,"Norway, Germany, Switzerland, Europe, United States, Australia","Patterns are the epistemological core of predictive policing, but they vary in rationalities and conceal assumptions, making them political.",0,3,2,1,no,neither,no,"Patterns are the epistemological core of predictive policing. With the move towards digital prediction tools, the authority of the pattern is rearticulated and reinforced in police work. || The clean surface of the pattern makes it impossible to defend oneself against their results. || Unless patterns are accompanied and contextualized by explanatory material, they render policing decisions opaque.","The paper calls for greater transparency and reflection on pattern-based policing, suggesting that patterns should be accompanied by explanatory material to allow police officers and affected citizens to interrogate the assumptions behind predictions.",Kitchin 2014:forward
snowball,W3180001917,Data Matters: The Politics and Practices of Digital Border and Migration Management,2022,10.1080/14650045.2021.1940538,journal_article,theoretical,global,"This introduction argues that data in border and migration management must be studied as matters of concern, knowledge production, and material infrastructure to understand their performative and political effects.",2,2,1,0,tangential,both,tangential,"What he describes as the constitution of the 'multipurpose drone' indeed speaks closely to specific modes of seeing, knowing, and acting that become pre-structured through the interaction between human actors, technology, and data. For Loukinas, the alleged 'versatility' of drone technology can thus be mobilised as an analytical lens to reconstruct how diverging types of knowledge and ensuing action can be constituted from a single body of data, depending on the specific relations that data form with their surroundings. || When complex, mutable algorithms analyse large amounts of data, the ways in which recommendations for specific actions (e.g., let this person pass; single out and further question that person) come into being can become difficult or even impossible to understand (Amoore 2011; Côté-Boucher 2010; Leese 2014). A lack of insight into analytical processes in turn undercuts the possibility to challenge and contest decisions. || Data are increasingly used as evidence that supports or falsifies claims made by travellers or asylum seekers. Whereas such claims would in the past need to be manually investigated and their acceptance or rejection would be left to the discretion of border guards or bureaucrats (Magalhães 2018), data are now considered to be telling an unquestionable truth.",The paper calls for empirical engagement with data practices and infrastructures to expose power asymmetries and contest depoliticizing technocratic language. It suggests that scholars should 'stay with the trouble' and treat data as matters of concern to open them up for political debate and intervention.,Kitchin 2014:forward
snowball,W2538090753,Beyond data as representation: The performativity of Big Data in surveillance,2016,,journal_article,theoretical,global,"Data-based surveillance produces suspect subjectivities parasitically on other data-based subjectivations, requiring a performative rather than representationalist account.",0,2,1,0,no,civil_to_military,no,"Surveillance is not a separate application of Big Data but a potential that emerges from all uses of data analysis. || The performativity of data in surveillance is parasitical to such other performatives. Thus, no data remains innocent: All ways in which we can become a subject also are ways to become a suspect. || Data-based surveillance is legitimized by the circumspect collection of data which are then put into new relations. It is based on the power relations that emanate by the possibility to cite a wide range of data in contexts of effective authority and governance.",None,Kitchin 2014:forward
snowball,W2615184001,"Big Data, urban governance, and the ontological politics of hyperindividualism",2017,10.1177/2053951716682537,journal_article,theoretical,"USA (New York City, Camden, New Jersey)","Big Data's ontology of hyperindividualism reduces governance to management of atomistic behavior, undermines urban complexity, erodes democracy, and eviscerates collective resistance.",0,2,1,1,no,neither,no,"The practice of Big Data governed by an ontology of hyperindividualism is also constitutive of that ontology, naturalizing and diffusing it through practices of governance and, from there, throughout myriad dimensions of everyday life. || Big Data’s hyperindividuated ontology extracts and displaces the data point—the ‘thing’—from the coconstitutive, relational ontology of the assemblage. || Big Data’s ontology of hyperindividualism reduces governance to the management of atomistic behavior, undermines the contribution of urban complexity as a resource for governance, erodes the potential for urban democracy, and eviscerates the possibility of collective resistance.",Calls for critical reflection on Big Data's ontological assumptions in governance; no specific policy recommendations.,Kitchin 2014:forward
snowball,W3137585408,"Epistemologies of predictive policing: Mathematical social science, social physics and machine learning",2021,,journal_article,theoretical,global,Distinguishes three epistemologies of predictive policing and analyzes their implications for the constitution of predictive knowledge.,1,2,2,0,tangential,neither,tangential,"""The same approach that lenders use to prequalify potential loan applicants can be used to assess the risk for escalation in a series of burglaries, while the models used to classify shopping patterns and purchasing decisions can be used to identify the motive in a homicide or predict the next incident in a crime series"" (McCue and Parker, 2003: 115). || ""For ML-based modelling to make explicit the causal mechanisms behind predicted outcomes is of no relevance: 'Understanding a phenomena may lead to improved forecasting accuracy, or it may not, but forecasting and explanation are different enterprises that can work at cross-purposes'"" (Berk and Bleich, 2013: 516). || ""SP-based and ML-based approaches lead to a lack of algorithmic accountability through a lack of model interpretability""",None,Kitchin 2014:forward
snowball,W2403858994,Educating the smart city: Schooling smart citizens through computational urbanism,2015,10.1177/2053951715617783,journal_article,theoretical,global,"Education is being reconfigured as a laboratory for smart city governance, where schools become data platforms and students are trained as computational operatives.",2,2,2,0,tangential,civil_to_military,yes,"The article contributes two original lines of critical analysis: (1) by tracing how commercial vendors such as IBM and Microsoft are extending their global smart cities programs into a reimagining and reconfiguration of schools as data-based sites of real-time monitoring and measurement, where students are increasingly treated as 'data objects' whose actions can be altered through programming the environment; and (2) by examining how governmental and civil society organizations are working within local smart cities initiatives to develop young people's capacities as active 'smart citizens', with the technical data skills to contribute to computational urbanism by participating in 'civic coding' on behalf of the city. || The programmable environments of the smart city are infused with the aspiration to orchestrate particular urban processes and ways of life through computational logics of programming. The standards that regulate smart cities developments are transcoded into software instruments that then alter the environment and consequently shape the everyday living of urban citizens. || The smart school is a laboratory for experimental forms of digital government where the sociotechnical imaginaries and expertise of computational urbanists and civic coders are to be projected from a distance into the city, both through monitoring young people's data points and through educating them to become active and responsible citizens with appropriate skills to compute the future of the city.","The paper critiques the technocratic and depoliticized nature of smart city education initiatives, highlighting the need for critical engagement with the governance implications of data-driven schooling and the production of 'smart citizens'.",Kitchin 2014:forward
snowball,W2472937649,"Data-Driven Participation: Algorithms, Cities, Citizens, and Corporate Control",2016,10.17645/up.v1i2.645,journal_article,theoretical,Canada (Toronto),"Data-driven civic participation via VGI and algorithms enacts passive engagement, shifts control to corporations, and undermines democratic deliberation.",2,2,2,0,tangential,civil_to_military,tangential,"These repurposed contributions present the public as data—without the need of 'distracting' people from their daily lives in order to actively engage with political activities (Cardone et al., 2013, 2014). || Deconstructing the black boxes of Big Data isn't easy. Even if they were willing to expose their methods to the public, the modern Internet and banking sectors pose tough challenges to our understanding of those methods. The conclusions they come to—about the productivity of employees, or the relevance of websites, or the attractiveness of investments—are determined by complex formulas devised by legions of engineers and guarded by a phalanx of lawyers. (Pasquale, 2015, p. 6) || Data-driven participation consequently shifts from its primary purposes in cases such as PPGIS and active deliberation methods that seek to empower citizens and influence government decision-making. Instead, datafication of participation via VGI propels the integral process of democracy into data-market economies that are largely driven by corporate interests outside those held by government officials and citizens.",Warns against adopting technological solutions to the 'messiness of democracy' that operate behind coded-doors; calls for examining whether passive data-driven participation signals a decline in more collective and demanding modes of engagement.,Kitchin 2014:forward
snowball,W3011255438,A spatio-temporal method for crime prediction using historical crime data and transitional zones identified from nightlight imagery,2020,10.1080/13658816.2020.1737701,journal_article,empirical_quantitative,"Cincinnati, Ohio, USA",Proposes a spatio-temporal Cokriging algorithm integrating historical crime data and urban transitional zones (from nightlight imagery) to improve crime prediction accuracy in Cincinnati.,0,0,1,0,no,neither,no,,None,Kitchin 2014:forward
snowball,W2735352942,"Reframing, Reimagining and Remaking Smart Cities",2018,,book_chapter,theoretical,global,"Smart city initiatives need to be reframed, reimagined and remade through normative, conceptual, practical and political interventions to create more equitable and just urban futures.",1,2,2,0,no,neither,no,"In control regimes, people become subject to constant modulation through software-mediated systems in which their behaviour is directed explicitly or implicitly reshaped, rather than being (self)disciplined. || The smart city thus produces a particular form of governmentality, what Vanolo (2014) terms 'smartmentality'. || Far from being impartial and objective, smart city technologies have built-in normative values and judgements about how systems should perform, and how they assess and manage outcomes, with these hardcoded into the underlying software.","The chapter recommends a multi-pronged approach to privacy and security including market-driven, technological, policy/regulatory/legal, and governance/management solutions, and advocates for co-creation and co-production between stakeholders.",Kitchin 2014:forward
snowball,W3130959762,"Policing the future, disrupting urban policy today. Predictive policing, smart city, and urban policy in Memphis (TN)",2022,10.1080/02723638.2021.1887634,journal_article,empirical_mixed,"Memphis, TN, USA",通过实证批判孟菲斯Blue CRUSH预测性警务，揭示其缺乏预防犯罪效力，并证明它通过促进治安扩张、破坏警察工作而重塑城市政策，从而批判智慧城市的救世话语。,0,2,2,1,no,neither,no,"the article, first, shows that there is no evidence of Blue CRUSH's capacity to prevent crime, thus adding empirical material to skepticism over the role of predictive policing as a policy solution in the first place. And, second, it argues that, rather than making crime a matter of technological solutions, predictive policing shifts the politics therein – in short, it contributes to the expansion of policing into the field of urban policy at the same time as it disrupts present police work. || The smart city, in this sense, can be understood as the ultimate attempt at deploying technology as ideology, an ideology that is typical of the neoliberal(izing) city: the corporatization of urban services, dismantling of welfare programs, and over-securitization of public space. || the collection of massive data about crime raises problems of privacy and data handling, particularly when data are shared among governmental agencies and corporations. Third, predictive policing is heavily shaped by the data it uses; and in contexts where enforcement, hence reporting, is influenced by class and racial biases (the USA being the quintessentially problematic case), it cannot help but reproduce those same biases through its algorithmic elaboration.",论文指出预测性警务将资源从社会政策转向治安，加剧紧缩和不平等，并呼吁超越技术解决方案，追求更公正的城市治理。,Kitchin 2014:forward
snowball,W4200516055,AI audits for assessing design logics and building ethical systems: the case of predictive policing algorithms,2022,10.1007/s43681-021-00117-5,journal_article,theoretical,global,"AI audits should evaluate the theoretical foundations of algorithms to uncover hidden biases and avoid harms, using predictive policing as a case example.",0,2,1,1,no,neither,no,"the inner workings of black box systems particularly ML models can become opaque, making it difficult to anticipate, understand and mitigate risks. || PPAs can have self-reinforcing properties fuelled by their underpinning near repeat/SEPPs design. Systematics in the models generate feedback loops that repeatedly target the same areas || audits should investigate and question typically less visible dimensions, such as the theoretical assumptions about human behaviour and the social world, that can infuse tech design with potential social implications.",Recommends that AI audits evaluate theoretical foundations; suggests questions for auditors to uncover design logics; advocates for design justice to diversify AI development.,Kitchin 2014:forward
snowball,W3173946274,The Making of Crime Predictions: Sociotechnical Assemblages and the Controversies of Governing Future Crime,2021,,journal_article,empirical_qualitative,"Rio de Janeiro, Brazil","Traces the sociotechnical assemblage of CrimeRadar to show how political choices and biases are embedded in algorithmic crime forecasts, challenging claims of objectivity.",0,3,1,0,no,neither,no,"As often happens with big data and machine-learning innovations, automated decisions with deep influence in society are made by algorithms hidden in black boxes (Pasquale 2015). || the algorithm itself is powered by 'concrete data, and its mathematics has no bias.... If a crime happened, the algorithm will see it, will read it without putting human values, and will make a prediction based on that. So, it's certainly impartial'. || the multiple choices involved in these practices are naturalized and de-politicized in the process of translating crime events into strings of codes, datasets, and maps.",None,Kitchin 2014:forward
snowball,W4390509429,Digitalising Asylum Procedures: The Legitimisation of Smartphone Data Extraction for Retrospective Border Control,2024,10.1080/14650045.2023.2288162,journal_article,empirical_qualitative,"Germany, Austria, Switzerland (DACH region)",Examines how smartphone data extraction became a legitimate policy instrument in asylum procedures through moralising securitisation and techno-solutionist rationalisations.,2,3,0,0,tangential,both,tangential,The re-appropriation of this everyday technology for purposes of border control marks a critical innovation in digital infrastructures in this sphere. || the use of computers as intermediaries is linked to conceptions of machine-to-machine communication as a legally and socio-politically unproblematic process. || a metadata discourse produces notions of objective and apolitical machine-based outcomes.,"Discusses implications for liberal democratic governance, privacy, data protection, and procedural safeguards. Notes German Federal Administrative Court ruling requiring changes to SDE practice. Highlights need for balancing security and rights in digital border control.",Kitchin 2014:forward
snowball,W3101966386,Exploitation as innovation: research ethics and the governance of experimentation in the urban living lab,2021,10.1080/00343404.2020.1826421,journal_article,case_study,Netherlands,Urban living labs that experiment on people using data technologies should be governed by research ethics frameworks to address exploitation and power asymmetries.,0,2,2,0,no,neither,no,"This paper argues that instances where people themselves are the subjects of the experiment, rather than the technology, suggest that we need to have options for regulating such experimentation. || The kind of lab analysed in this paper instead experiments on people, using technology. || As urban experimentation becomes simultaneously more prevalent and less visible to the public, research ethics can help us ask what kind of power is being exerted through experimentation, and what avenues of resistance may be available to experimental subjects.","The paper recommends that city authorities impose research ethics frameworks on living labs, including independent auditing, clear contractual agreements, sunset clauses, and enforcement of rules to prevent exploitation and protect residents' autonomy and dignity.",Kitchin 2014:forward
snowball,W2912398491,Correlated impulses: Using Facebook interests to improve predictions of crime rates in urban areas,2019,10.1371/journal.pone.0211350,journal_article,empirical_quantitative,"United States (Baltimore, Boston, Chicago, Dallas, Los Angeles, New York, Philadelphia, San Francisco, Washington)",Facebook interests can improve predictions of crime rates in urban areas beyond demographic factors.,0,1,0,0,no,neither,no,"The Facebook algorithms that generate the data are a black box, creating two issues. The first is one of substantive interpretation and what exactly it means for a particular ZIP code to be high in a given interest. The second is that changes in these algorithms would mean that the models need to be re-calibrated over time for long-term prediction purposes. || Last, there is a general caveat for modern digital data resources: 'researcher beware' [40–42]. || This study is exploratory, thus we propose no a priori hypotheses linking particular preferences to a given theory of criminality.",None,Kitchin 2014:forward
snowball,W2973349552,Data Corruption: The Institutional Cultures of Data Collection and the Case of a Crime-Mapping System in Latin America,2019,10.22230/cjc.2019v44n3a3481,journal_article,empirical_qualitative,"Bogotá, Colombia (Latin America)","This study examines how institutional cultures and police officers' data practices corrupt crime data in a crime-mapping system, revealing the politics of data-driven policing in the Global South.",0,2,1,0,no,neither,no,"The data produced to track crime are also used to inform performance outcome measures. When agents of surveillance are exposed to surveillance themselves, their attitude toward work and the tracking system changes. || It is important to take into consideration that urban crime data are actually used for several other purposes beyond policing, including the governing of cities at other levels: public policymaking, local planning, the allocation of public budgets, and investment in communities impacted by crime. || From the perspective of the Global South, this case study calls attention to the need for developing accounts of how institutional agents operationalize data in organizational cultures and social contexts characterized by pervasive corruption and inequality.","Calls for data justice, accountability in data production, and critical data studies from the Global South; notes limitations of open data approaches.",Kitchin 2014:forward
snowball,W4323031503,DATA-DRIVEN CRIMINAL JUSTICE IN THE AGE OF ALGORITHMS: EPISTEMIC CHALLENGES AND PRACTICAL IMPLICATIONS,2023,10.1007/s10609-023-09454-y,journal_article,theoretical,global,"Argues for prioritizing theory- and causation-based algorithms over opaque correlational ones in criminal justice, while critically using the latter with abductive reasoning.",0,3,0,0,no,neither,no,"the measured usage of theory and causation-based algorithms is preferable over correlational (i.e., causally opaque) algorithms as support tools in the penal system. || the normative debate on these tools cannot be separated from their epistemic and scientific description without reducing their evaluation ad absurdum. || the epistemological value that can be attributed to correlations and predictions in general","Discusses the need for standards for trustworthy algorithms (e.g., EU AI HLEG Assessment List) and advocates for incorporating epistemological considerations into the design and evaluation of algorithmic tools in criminal justice.",Kitchin 2014:forward
snowball,W4210492016,Big Data applied to criminal investigations: expectations of professionals of police cooperation in the European Union,2022,10.1080/10439463.2022.2029433,journal_article,empirical_qualitative,European Union (16 EU countries),"Explores expectations of EU police cooperation professionals regarding Big Data in criminal investigations using DNA databases, highlighting perceived benefits (cold cases, interoperability) and risks (genetic discrimination, privacy).",0,1,0,0,no,neither,no,"I think this project [Big Data] is worked in EUROPOL, according to what I heard. They are doing something like this [Big Data], to connect all the information from the police which is about criminal acts (...) I think this is an analytical weapon (...) to connect all of this information and to put it into some sort of sheet, it is now an analytical sheet, just to complete also with forensic, biological and photography, fingerprint, DNA. And this [Big Data] could be very helpful in these cases. || This is an ethical question. The [Big Data] analysis, we could have bad profiling. We do not want bad profiling. Because you could find that people with certain loci are more criminals, there are more criminals in a certain… But this correlation could not be a real correlation. (...) My opinion is that we have to analyse those kind of connections, but we could be very careful with this. || Well, if I have something to hide, I would not want it [Big Data]. But being the normal law-abiding citizen, I do not have any problem with that. I cannot see anyone having any problem unless you have something to hide. (...) So, OK, maybe my privacy is not going to be as private, but if something happens to my property, thanks to the system it [Big Data] can help me, for example, to apprehend the suspect or perpetrator.","Highlights the need for regulation and data protection frameworks for Big Data in criminal investigations, and calls for anticipatory governance to address transparency, accountability, and public trust.",Kitchin 2014:forward
snowball,W4386934216,"Pandemic surveillance and mobilities across Sydney, New South Wales",2024,10.1111/1745-5871.12618,journal_article,case_study,"Sydney, New South Wales, Australia","The paper argues that COVID-19 surveillance in Sydney deepened uneven sensory power, leaving lasting scars in Western Sydney despite dismantling of overt tools.",1,1,2,0,tangential,neither,no,We argue that these technologies are examples of sensory power which rapidly enrolled human bodies in systems of surveillance that were difficult to unravel through 2022 and beyond. || the idea of 'back to normal' is troubled by the experiences of lockdowns and policing of mobilities in different parts of Sydney. || as the response to the crisis unfolds there is a need for geographers and others to document the ways in which a new surveillance and biopolitical regime is being produced through the alliance of government control and surveillance capitalism and their use of a range of technologies.,"None explicit, but highlights the need for equitable crisis response and awareness of lasting community impacts.",Kitchin 2014:forward
snowball,W4399756098,The Canadian Clearview AI Investigation as a Call for Digital Policy Literacy,2024,,journal_article,policy_analysis,Canada,"Argues that digital policy literacy (DPL) is needed to critically understand privacy issues from Clearview AI, moving beyond individualist approaches to privacy.",0,2,0,0,no,neither,no,"Rob Kitchin (2014: 2) has argued, big data thus involves new epistemologies where 'rather than testing a theory by analysing relevant data, new data analytics seek to gain insights 'born from the data.'' || biometric identification technologies such as facial recognition software can enact significant harms in their inherent misidentifications || the solutions proposed to deal with these problems reflect a narrow version of digital literacy that would benefit from the expanded concerns of the DPL model","Calls for stronger privacy laws, regulatory reform (Bill C-27), and a digital policy literacy framework that goes beyond individual consent to address political-economic and infrastructural dimensions of surveillance.",Kitchin 2014:forward
snowball,W4403005248,Infrastructures of Surveillance and Control in the Invisible City of Waste,2025,10.1080/02691728.2024.2400080,journal_article,empirical_qualitative,"Rotterdam, Netherlands","Surveillance technologies in Rotterdam's waste governance (oligopticons) engage in punitive politics that exceptionalize those who illegally dispose of waste, fighting difference rather than waste itself.",1,2,2,1,no,neither,no,"The epistemological move here is that this black boxing renders visible part of the urban ecology as data, without either explaining pollution events or providing an alternative to them. In other words, 'it is one thing to identify patterns; it is another to explain them. This requires social theory and deep contextual knowledge' (Kitchin 2014, 8) that are, however, not attended to. || Oligopticons of surveillance and control are producers of associations between practices of illegal waste disposal and abject nodes in the network, meaning notably those people living in poverty and other un-assignable exceptions to the scaffolding logic of 'modern' and 'participatory' urban life. || The oligopticon of surveillance and control works 'on people above all' (Latour and Hermant 2006, 55). The representation through oligopticons is part of the exception management that interweaves the materiality of waste in the city with people that are observed as exceptions to the modern way of life.","Critiques punitive fines and surveillance as ineffective and harmful; suggests a more compassionate approach based on ethics of care and social/environmental justice, but does not offer specific policy recommendations.",Kitchin 2014:forward
snowball,W4411282915,"The Banalisation of 'Suspicion': Politics of Prevention, Digitisation of Prediction, Fate of Travellers",2025,10.1111/imig.70047,journal_article,theoretical,European Union,"Digitised predictive security based on a priori suspicion undermines democratic politics and criminal justice, banalising surveillance of all travellers.",2,3,2,0,tangential,civil_to_military,yes,"The digitisation of data has accelerated this trend towards preventive security, which is created through the creation of specific data-organising categories according to algorithms, the sorting out of profiles of 'persons of concern' ranked according to their level of danger, and the so-called ability of artificial intelligence to predict the future behaviour of individuals in order to place some of them under surveillance. || It gives a 'magical' aura of scientific knowledge to dubious correlations and profoundly changes the way border controls are organised, creating categories of a priori suspicion that are applied to millions of people, and not just to so-called terrorists or radicalised individuals. || The databases of the European agency EU-LISA will help to show the functioning of this new 'dispositif' of suspicion, which endangers democratic politics.","Discusses the EU AI Act's ban on individual predictive policing AI, the role of courts in limiting algorithmic suspicion, and the need for immediate action on high-risk AI regulation and suspension of data exchange agreements with the US.",Kitchin 2014:forward
snowball,W4409589769,Datafying citizens: Third-party trackers and data-as-payment in government infrastructure,2025,10.2478/nor-2025-0004,journal_article,empirical_quantitative,"Scandinavia (Denmark, Norway, Sweden)","Commercial third-party trackers on Scandinavian municipal websites impose hidden data costs on citizens, undermining the principle of universalism in welfare state governance.",0,1,0,0,no,neither,no,"The presence of tracking technologies thus amounts to an added cost of service that users pay when visiting websites, as their data is continuously collected and repurposed, including on government websites (Götze et al., 2022). || If an increased extraction of data can be equalled with increased cost, then the results suggest that this cost has increased over time in all three countries. || The embedded data infrastructures of Scandinavian municipal websites could thus be said to substantially undermine the principle of universalism, as they facilitate the market power of commercial, advertising-driven interests, Alphabet in particular.","Recommends banning commercial tracking on municipal websites, removing advertising functions and analytical trackers like Google Analytics, switching to open-source technologies, and providing analogue alternatives for citizens who do not wish to be digitally included.",Kitchin 2014:forward
snowball,W4308722091,Policing the poor through space: The fil rouge from criminal cartography to geospatial predictive policing,2022,10.35295/osls.iisl/0000-0000-0000-1360,journal_article,theoretical,global,"Contemporary predictive policing perpetuates historical political and epistemic dictates linking crime to poverty and space, undermining the distinction between place-based and person-based predictions.",0,2,0,0,no,neither,no,"I argue that contemporary predictive mapping basically perpetuates the political and epistemic dictates which have historically framed the conceptualisation of crime in relation to space. || the application of algorithmic technologies to the domain of security is not in itself an epistemological break with past modalities. || the most visible discontinuities in the trajectory from the Cartographic school to the situational theories consist in the progressive dilution of the normative specificity of crime... Nevertheless, two major points ensure a fundamental epistemic continuity... First, the basic explanatory pattern is a rational action model uninterruptedly secured to the socio-economic deficit paradigm... Secondly, the aetiology of crime... is supported by a persisting ontologisation of crime which resorts to naturalistic metaphors.",Calls for centering critique on the political meaning of crime predictability rather than technical fixes; no specific policy recommendations.,Kitchin 2014:forward
snowball,W4366281359,Making Crime Visible in the Digital Age: The Ethnomethods of Data Policing,2023,10.1007/s10612-023-09683-y,journal_article,empirical_qualitative,"Washington D.C. metropolitan area, USA","Examines how police officers use ethnomethodological practices to interpret GPS location data, bridging interpretative gaps between decontextualized data and criminal activity.",1,2,1,0,no,neither,no,"The telephone data for us was useful because we knew that we were barking up at the right tree. Because with the telephone data we can see where people are going, we can see when people are sleeping, when they wake up, all this kind of information that are useful for us, and we could track his movement over a long-extended period of time. || It is commonly known that the police are expert in finding people and that they have developed an exquisite technology involving special facilities and procedures of sleuthing. It is less well appreciated that all this technology builds upon those socially structured features of everyday life that render persons findable in the first place (Bittner, 1967: 706; emphasis added). || The social world that the police deal with does not come pre-coded or neatly packaged and self-assigned as coming under the transgression of one particular law or type of incident. (Benson, 1993: 89).","The paper suggests that data-driven policing requires interpretive work and that officers must balance suspicion with legal admissibility, implying policy should focus on transparency and accountability in data use, but no explicit recommendations are made.",Kitchin 2014:forward
snowball,W4213050418,Pre-Crime Prediction: does It Have Value? Is It Inherently Racist?,2022,10.4018/IJSSMET.298672,journal_article,theoretical,"United States, also China, UK","Predictive algorithms in policing have value but carry risks of bias, error, and infringement of rights; they should be used cautiously with human oversight.",0,2,1,0,no,neither,no,"O'Neil (2016, 2017), a mathematician and data scientist, insisted that algorithms were nothing more than opinions embedded in code. || Transparency was problematic because deep learning algorithms continually updated their pattern-finding function autonomously to reach the point where human programmers and/or analysts were unable to understand exactly how the final outcome was reached (i.e., the 'black-box conundrum') (O'Donnell, 2019, p. 546). || Lum and Isaac (2016) found PredPol dispatched police more often to minority neighborhoods and concluded that the PredPol algorithm tended to target Blacks at two times the rate of Whites. This disparate outcome was a consequence of a 'pernicious feedback loop' (O'Neil, 2016, p. 87).","Recommends caution, transparency, accountability, and human rights protections; suggests using predictive tools for social services rather than purely punitive measures; notes need for long-term data collection (20 years) for policy assessment.",Kitchin 2014:forward
snowball,W4396916739,THE EFFECT OF BIG DATA ANALYTICS ON PREDICTIVE POLICING:THE MEDIATION ROLE OF CRISIS MANAGEMENT,2024,10.24857/rgsa.v18n2-119,journal_article,empirical_quantitative,UAE (Dubai),"Big data analytics significantly enhances predictive policing, with crisis management acting as a mediator in this relationship within Dubai police.",0,1,2,0,no,neither,no,"Predictive policing relies on computer algorithms to see patterns, predict the occurrence of future events based on large quantities of data, and aims to carefully target police presence to the necessary minimum to achieve desired results (Carrie and James, 2017, p.7). || Big data analytics is a process of collecting, aggregating, examining, and exploiting massive volumes of data from disparate and autonomous resources in order to identify patterns and other useful information for better managerial decisions (Sun, 2015). || The use of big data analytics provides excellent resources for achieving this goal, but is it enough to prevent or reduce the effect of crisis. Various studies have previously validated the use of big data analytics in policing, but with the mediation role of crisis management the performance of police will be enhance and can predict not only crimes but also crisis before it happens.","The study recommends integrating big data analytics into police operations to enhance predictive policing and crisis management, with practical guidelines for UAE police forces. It also notes the need to balance technology use with privacy and ethical considerations.",Kitchin 2014:forward
snowball,W3093686523,Our Incriminating Lives,2023,,book_chapter,empirical_qualitative,"Los Angeles, USA","Dragnet surveillance through Palantir and ALPRs enables suspicionless, programmatic data collection that reifies racial inequality and expands police power beyond traditional criminal justice institutions.",2,2,2,0,tangential,civil_to_military,tangential,"The proliferation of digitized records makes it possible to merge data from previously separate institutional sources into an integrated, structural system... This integration facilitates one of the most transformative features of the big data landscape: the creep of criminal justice surveillance into other, non–criminal justice institutions. Function creep—the phenomenon of data originally collected for one purpose being used for another—contributes to a substantial increase in the data used by police. || Mass surveillance is not the 'natural' result of mass digitization. Instead, what we allow to proliferate and become the objects of massive data collection efforts are choices that reflect the social and political positions of the subjects and subject matter that we feel comfortable surveilling. || Digitized policing is different from traditional policing methods in a number of ways: the proliferation of automatic alert systems and shifts from query-based to alert-based systems makes it possible to systematically surveil ever larger groups of people; individuals with no direct police contact are now included in law enforcement systems, effectively lowering the threshold for inclusion in police databases; and institutional data systems are integrated, such that police now collect and use information gleaned from institutions that are typically not associated with crime control.",Calls for resisting technological determinism; notes that mass surveillance is a political choice not an inevitability; implicitly argues for greater oversight and restrictions on data integration and function creep.,Kitchin 2014:forward
snowball,W3093987593,Directed Surveillance,,,book_chapter,empirical_qualitative,"Los Angeles, USA","Examines how predictive policing technologies in the LAPD create feedback loops of surveillance, reinforce social inequalities, and obscure bias through quantified risk scores.",1,2,2,0,tangential,military_to_civil,no,"Predictive policing simply refers to analytic techniques used by law enforcement to forecast potential criminal activity. || The point system may ultimately serve to prevent individuals already in the criminal justice system from being further drawn into the surveillance net, while obscuring the role of police practices in shaping risk scores. || By relying on data, rather than human interpretation, of crime patterns, one supervisor believed he could use predictive policing to allocate his resources more efficiently.","Highlights how predictive policing can reinforce racial and spatial inequalities, and calls for scrutiny of algorithmic decision-making in policing. Notes legal compliance mechanisms and feedback loops that obscure bias.",Kitchin 2014:forward
snowball,W4311911447,Smart City Technologies: A Political Economy Introduction to Their Governance Challenges,2022,10.1093/oxfordhb/9780197579329.013.48,book_chapter,theoretical,global,"Smart city technologies pose governance challenges related to inequality, discrimination, and surveillance, shaped by political economy factors like institutions, market, and ideology.",1,2,2,0,tangential,civil_to_military,tangential,"Smart city technologies ... can entrench inequality and discrimination patterns in cities’ fabric and turn cities into surveillance complexes. || The risk of enhancing surveillance through tools that are not meant for surveillance in the first place refers to the fact that even when certain digital technologies are not meant to surveil citizens, they may hold the capabilities to do so. || The chapter showed that even though digital technologies deployed in the city context hold the promise of making all sorts of processes, planning, and services more efficient, seamless, and quick, they can also entrench discrimination, inequality, and surveillance in a city’s fabric, and these effects cannot be easily displaced from the social and institutional contexts in which they operate.","Discusses local surveillance ordinances, EU AI Act, and suggests political economy analysis can identify points of intervention for oversight and accountability.",Kitchin 2014:forward
snowball,W3094225859,Police Pushback: When the Watcher Becomes the Watched,2017,,book_chapter,empirical_qualitative,"Los Angeles, USA","Examines police officers' resistance to being surveilled by technologies repurposed from civilian surveillance, revealing power dynamics and function creep in big data policing.",2,2,2,0,yes,neither,no,"Surveillance is fundamentally relational. The extent to which it is an exercise of power depends on the organizational contexts in which it is deployed, and how people feel about it depends on where they are in the organizational hierarchy. || Predictive algorithms are opaque, shrouded in 'algorithmic secrecy'. || The most vehement opposition was to function creep and quantified assessment when technologies and data originally designed for one purpose—such as risk management or crime reduction—were used for another, namely managerial assessment of job performance.","Implications for transparency, data governance, and the need for clear metrics to evaluate data collection practices; highlights tensions between risk management and performance evaluation.",Kitchin 2014:forward
snowball,W3093926333,"Coding Inequality: How the Use of Big Data Reduces, Obscures, and Amplifies Inequalities",2019,,book_chapter,empirical_qualitative,"United States (Los Angeles, New York, Oakland)","Big data policing amplifies and obscures inequality through biased training data, feedback loops, secondary surveillance networks, and system avoidance, despite potential for accountability.",2,2,2,1,tangential,civil_to_military,tangential,"Rather than eliminating human discretion, big data is a form of capital, both a social product and a social resource. For that reason alone, big data cannot possibly obviate inequality: like other forms of capital, it is transactional, some people and groups have more of it than others, and it can be extracted from already disadvantaged populations. || Human judgment is hidden in the black box under a patina of objectivity. || When new technology is overlaid onto an old organizational structure, long-standing problems shape themselves to the contours of the new technology.","Recommends transparency, community engagement, accountability from tech companies, ongoing validation of algorithms, and using big data to target services not just punishment.",Kitchin 2014:forward
snowball,W3094137648,The Public History and Private Future of Police Data,2021,,book_chapter,empirical_qualitative,"United States (Los Angeles, California)",Traces the history of data-driven policing and argues that the current era is defined by unprecedented private sector involvement and military-to-police technology transfer.,2,1,1,0,yes,military_to_civil,tangential,"He wanted, he said, to learn about technology to help 'catch bad guys in my city,' and the real innovations weren't being developed by law enforcement, but by tech startups and national defense. He'd come to DC to see whether there were any new counterinsurgency technologies that might be used in his department. || Tracing the corporate lineage of police surveillance technologies and the creep of military and corporate interests and practices into local law enforcement's daily operations is crucial for understanding the practice and institution of policing today. || The tendency for data or systems initially used for one purpose to be used for another, often unintended or unanticipated purpose, is known as 'function creep' and is a fundamental component of the big data landscape.","Discusses implications of private sector involvement in policing, including reduced transparency and circumvention of privacy laws; notes that purchasing data from brokers can bypass constitutional protections.",Kitchin 2014:forward
snowball,W3094168498,"Predict and Surveil: Data, Discretion, and the Future of Policing",2021,,book_chapter,empirical_qualitative,"United States (Los Angeles, California)","Big data policing is fundamentally social, not objective, and its use in the LAPD amplifies inequality and displaces discretion to less visible parts of the process.",2,2,1,0,yes,military_to_civil,tangential,"As I attended surveillance industry conferences and talked with individuals working in state, federal, and local law enforcement agencies, I learned that these agencies were starting to purchase licenses for analytic platforms originally designed for counterinsurgency efforts in Iraq and Afghanistan. One platform stood out early in my research—a platform designed by Palantir Technologies. || Private vendors can hide behind trade secrecy and nondisclosure agreements, ultimately circumventing typical public-sector transparency requirements and lowering the accountability of the police by making it harder for scholars to study, regulators to regulate, and activists to mobilize for or against specific practices. || The potential of big data is widely celebrated. Proponents argue it is more objective and can eliminate inequality by stripping discretion from biased front-line actors. But when we actually look at big data on the ground, we see that the use of big data does not replace discretion, but rather displaces discretionary power to earlier, less visible (and less accountable) parts of the policing process.","Calls for curbing institutions' craving for data and offers guidelines for academics, lawmakers, and community groups to promote efficiency, fairness, and accountability in criminal justice reform (p. 16).",Kitchin 2014:forward
snowball,W4283333272,Decision,2022,10.1093/oso/9780192859624.003.0003,book_chapter,theoretical,"Chicago, USA","Algorithmic decisions are mundane, unexceptional partitions of abstract feature spaces based on calculations of distance, which produce and proliferate differences in urban governance.",1,2,2,0,tangential,both,no,"Algorithms shape not only what we see, how we are taught, how books are written, how party manifestos are put together, but also what urban areas are policed, who is surveilled, and even who might be targeted by drones. || We propose to understand how heterogeneous algorithmic decisions are constitutive of another element of algorithmic reason and the government of difference. To do so, we 'follow' a predictive policing algorithm in order to unpack its decisions as distributed workflows and unexceptional data transformations. || PredPol had built on Pentagon funding for its co-founder Brantingham to develop a counterinsurgency model forecasting casualties in Iraq.","Discusses accountability tools (principles, audits, certification, ethics boards) for algorithmic decision-making; critiques transparency as insufficient without infrastructure and expertise for effective use.",Kitchin 2014:forward
snowball,W4319600763,"Making space with data: Data politics, statistics and urban governance in Denmark",2020,,journal_article,case_study,Denmark,"Danish census data practices are central to spatialising and governing marginalised urban areas as 'ghettos', performing state authority and enabling top-down interventions.",0,2,1,1,no,neither,no,"In this article we engage with the contemporary data moment by exploring how particular data practices–– consisting of census data and statistics––have become embroiled in the making of urban space and governance in Denmark. || The use of census data by government to produce the ghetto list and by municipalities to monitor these areas performs an image of state, or municipal, vertical encompassment. || The data practices we have described are a crucial part of how the state, regions, and even local municipalities construct themselves as authorities over marginalised areas.","The paper critiques the use of census data for the ghetto list, which has consequences including forced displacement of residents through housing conversion policies. It highlights the need for accountability and the political nature of data practices in urban governance.",Kitchin 2014:forward
snowball,W4323358955,Caged by Data: Exposing the Politics of Facial Recognition Through Zach Blas’s Face Cages,2023,10.5117/9789463722971_ch08,book_chapter,theoretical,global,Artistic interventions like Face Cages defamiliarize facial recognition to expose its violent reduction of identity and activate feminist critiques of biometric datafication.,1,2,1,1,no,neither,no,"The project exposes how biometric capta are not 'already out there' but rather need to be scanned and turned into digital code in order to be meaningful for the biometric apparatus. || Face Cages' violent aesthetic of the metal bars pressing into facial skin makes the violence implicit in biometric capta and capture visible and allows us to draw connections between current forms of biometric capture and the technologies' colonialist and racist histories. || Through the defamiliarizing image of the materialized biometric mask, Face Cages invites critical reflection on how we conceive of biometric data.",None,Kitchin 2014:forward
snowball,W4410155453,Framing southern data-driven urban governance into data justice,2026,10.1080/07352166.2025.2492698,journal_article,empirical_mixed,Brazil (Rio de Janeiro),"Data-driven urban governance via Rio's 1746 CiRM system perpetuates socio-spatial injustices and fails to address structural inequalities, as revealed by a data justice framework.",0,2,2,0,no,neither,no,"data is not a neutral representation of reality but rather the product of a selective process that constructs particular versions of the world || the system has a limited capacity to democratize urban governance in Rio de Janeiro. While it facilitates the communication between citizens and the City Hall, it falls short in influencing long-term urban planning, fostering the inclusion of marginalized groups, and addressing underlying social structures. || the instrumentalization of data in Rio must be understood as part of an urban management culture, politically and symbolically embodied in the figure of Mayor Eduardo Paes, which prioritizes efficiency, the rationalization of public services, and results-oriented practices.","The paper argues that data-driven urban governance systems must be evaluated through a data justice lens that addresses structural inequalities, not just efficiency. It calls for an integrated social justice agenda that connects data justice to struggles for urban reform and the right to the city, and warns against privatization and entrepreneurial urbanism.",Kitchin 2014:forward
snowball,W2039141277,Surveillance and violence from afar: The politics of drones and liminal security-scapes,2011,,journal_article,theoretical,"global (Afghanistan, Iraq, Pakistan, US-Mexico border, US cities)","Drones as surveillance and military devices reveal violent articulations of US imperialism, dehumanization of targets, and the insidious application of militarized systems to domestic territories.",2,2,1,2,yes,military_to_civil,tangential,"Within the current political and cultural milieu, this particular movement of military technology to civilian spheres reveals a symbiotic relationship between the war on crime and war on terror. || The drone stare is a type of surveillance that abstracts people from contexts, thereby reducing variation, difference, and noise that may impede action or introduce moral ambiguity. || In the case of drone surveillance in combat settings, the exclusionary politics of omniscient vision not only harm ethnic and cultural others with great prejudice, but they also instigate an additional violence of radically homogenizing local difference, lumping together innocent civilians with enemy combatants, women and children with wanted terrorist leaders.",Warns against the erosion of civil liberties and the militarization of domestic spaces through drone surveillance; highlights the danger that existing legal protections and rights will be vitiated.,Weizman 2007:forward
snowball,W2162186953,Qalandia Checkpoint as Space and Nonplace,2011,10.1177/1206331210389260,journal_article,empirical_qualitative,"Palestinian Territories (West Bank, Qalandia checkpoint)","Checkpoints in the Palestinian Territories function as both anthropological spaces and nonplaces, embodying Israeli control and Palestinian spatial fragmentation.",0,2,1,2,no,neither,no,"Nothing is transparent . . . it is never clear who will [pass] and who will not. . . . The reasons [for prohibiting Palestinians from passing] are so numerous, and the use made of them changes so much, that uncertainty becomes the ultimate system of control within the framework of the certainty of the occupation. || Checkpoints form part of the matrix of Israeli occupation, or if one prefers, colonialism and apartheid... which includes the wall/separation barrier... Israeli/settler-only access roads... policies of closures... and bureaucratic controls over Palestinian life. || Israel neither officially acknowledges legal responsibility for checkpoints nor recognizes them as 'sovereign' spaces. In this sense, checkpoints are constructed by the Israeli military not simply as a 'nonplace' but as 'bare space' that is part of a broader philosophical and political casting out of Palestinians as mere zoological humanity.",None,Weizman 2007:forward
snowball,W2126496809,"Explaining spacio-cide in the Palestinian territory: Colonization, separation, and state of exception",2012,10.1177/0011392112456505,journal_article,theoretical,"Palestinian territory (West Bank, Gaza, East Jerusalem)","The Israeli colonial project is 'spacio-cidal'—targeting land to induce 'voluntary' transfer of Palestinians—enabled by a regime of colonization, separation, and state of exception.",0,1,1,3,no,neither,no,"The Israeli settler-colonial project is not a genocidal project in a legal sense but a 'spacio-cidal' one. In every conflict, belligerents define their enemy and shape their mode of action accordingly. In the Palestinian–Israeli conflict, the Israeli target is the place. || The weapons of mass destruction are not so much tanks as bulldozers, which have destroyed streets, houses, cars, and dunam after dunam of olive trees. It is a war in an age of literal agoraphobia, the fear of space, seeking not the division of territory but its abolition. || Spacio-cide is mainly land confiscation in order to construct Jewish settlement, house demolition, and population transfer.","Critiques the Oslo peace process and international community's reluctance to challenge Israeli settlement expansion; suggests that humanitarian organizations (e.g., UNRWA) inadvertently reinforce the state of exception by not advocating for refugee return.",Weizman 2007:forward
snowball,W2023657720,THE LOCATION OF PALESTINE IN GLOBAL COUNTERINSURGENCIES,2010,10.1017/S0020743810000425,journal_article,theoretical,Palestine/global,"Palestine is a crucial node in the global transmission of counterinsurgency techniques, which are persistently used to control populations through spatial destruction and coercion.",1,1,1,3,yes,both,no,"This article concerns the horizontal circuits through which colonial policing or 'security' practices have been transmitted across time or from one location to another, with Palestine as either a point of origin or an intermediary node of transmission. || The use of hostages or human shields was suggested to the Palestine Police by A. F. Perrott of Peshawar: 'It might be worthwhile forming a ""hostage corps"" composed of the sons of hostiles. A couple of these in the front car of a convoy would discourage the use of landmines.' || Much of the old city of Jaffa was destroyed to punish Jaffan protests; this was done under the pretense of city planning and public hygiene and with twenty-four-hours' notice.",None,Weizman 2007:forward
snowball,W2155039585,"Vertical Security in the Megacity: Legibility, Mobility and Aerial Politics",2010,,journal_article,theoretical,global,"Megacity security is increasingly waged and consumed through the helicopter's machinic-prosthetic view, enabling legibility, mobility, and territorialization with violent consequences.",2,2,1,3,tangential,military_to_civil,no,"The article argues that megacity security marches to the rotator-beat of the police helicopter, fuelled by military technophilia (Graham, 2008) and in a context of the biopolitical desertion of the city’s most vulnerable. || By excavating the ambiguities of the helicopter’s machinic-prosthetic view, a perspective which may be distant and abstract, while also near and viscerally present, this article will explore how megacity security is increasingly waged and consumed. || In a way that Loïc Wacquant (2008) says is all but indistinguishable from military incursions into an occupied territory, megacity police forces such as Brazil’s policia militaria routinely intrude into shanty-towns with ‘blitzes’, during which low-flying helicopters knock off tin rooftops and troops break down doors and windows, ransack houses and bully their occupants, fire weapons indiscriminately, close down stores and schools, and carry out mass arrests for ‘vagrancy’.","The paper suggests that permanent community policing, rather than temporary helicopter-based incursions, may be more effective, but also highlights the ambiguity of aerial security and the potential for helicopters to be used for terrorism.",Weizman 2007:forward
snowball,W2508974676,The Occupation of the Senses: The Prosthetic and Aesthetic of State Terror,2017,10.1093/bjc/azw066,journal_article,empirical_qualitative,"Occupied East Jerusalem, Palestine","The settler colonial state uses sensory technologies (visual, auditory, olfactory) to manage and control the colonized population, producing racial exclusivity and spatial domination.",0,2,2,2,no,neither,no,"By 'occupation of the senses', I refer to technologies that manage language, sight, sound, time and space in the colony; the administration of who acts, who speaks, who gives birth and how, and who walks/moves/drives where and how; and what kind of language, music, smells, marches, colours, cultures and scenes are promoted and inscribed over the spaces, lives and bodies of the colonized. || Gil Hochberg (2015: 3) argues that an 'uneven distribution of ""visual rights"" undergirds the relationship between the Israeli occupier and the Palestinian occupied'. For Hochberg, '[h]ow much one can see, what one can see, and in what way one can see or be seen' are outcomes of socially constructed 'visual arrangements' produced and sustained by power relations || The marking of power by maiming a child's sight, produces and reproduces injustice by dispossessing the colonized of the space and also dispossessing the colonized body of its own senses.","The paper calls for criminology to consider crimes against the senses and sensory deprivation as state crime, with implications for international law and human rights frameworks addressing settler colonial violence.",Weizman 2007:forward
snowball,W2137739355,UNMANNING THE POLICE MANHUNT: VERTICAL SECURITY AS PACIFICATION,2013,,journal_article,theoretical,United States,"The repurposing of military drones for domestic policing reveals the continuity of war and police power under the logic of pacification, extending the manhunt as a foundational practice of police power.",2,1,0,2,yes,military_to_civil,tangential,"military aerial drones are now being 'repurposed' as domestic security technologies || a number of our influential products have dual-use capability to locations and missions adjacent to our primary overseas ISR mission. One such example is local law enforcement, emergency first responders and border protection || the police drone is but one of the newest technologies that extends or reproduces the police's own design on the pacification of its territory","The paper critiques the normalization of police drones and the security-accumulation assemblage, but does not offer explicit policy recommendations beyond a call to understand drones within the broader logic of pacification.",Weizman 2007:forward
snowball,W1874759506,Driving while Palestinian in Israel and the West Bank: The politics of disorientation and the routes of a subaltern knowledge,2015,10.1111/amet.12114,journal_article,empirical_qualitative,Israel and the West Bank,"Driving as a practice generates embodied political knowledge for Palestinians, revealing the politics of disorientation and fragmentation under Israeli rule.",0,2,0,2,no,neither,no,"Palestinian knowledge gained on the road is not disembodied and dispassionate... it resists expertise. || The road is not a neutral site of technical governance; it is a space of political hegemony and contestation. || Israel's management of the roads operates for Palestinians as a politics of disorientation, as routes change because of Israeli closure policies and as Palestinians encounter road signs and road infrastructure that subtly elide their presence.","None explicitly; the paper implies the need to recognize subaltern knowledge and the political effects of infrastructure, but offers no direct policy recommendations.",Weizman 2007:forward
snowball,W2120556836,Gated/gating community: the settlement complex in the West Bank,2014,10.1111/tran.12045,journal_article,theoretical,"West Bank, Occupied Palestinian Territories","The Israeli settlement complex in the West Bank functions as a single gated/gating community that gates Palestinian space through a system of settlements, roads, and movement restrictions.",0,0,0,2,no,neither,no,"The argument of this paper, however, is different. The paper suggests that the settlement layout in the West Bank is not just an aggregate of 124 'legal' gated communities and a similar number of 'illegal outposts', but rather a single, contiguous gated community gating, in turn, Palestinian 'islands' within it. || The roads function as a barrier because its crossing is forbidden for Palestinians, and even approaching it is dangerous – be it for fear of harassment by soldiers or Border Patrol policemen, or for fear of the settlers who might be violent and unpredictable. || In the West Bank, self-gating and other-gating are one and the same.","The paper suggests that the gated/gating community model, based on connectivity and exclusionarity, could be replicated elsewhere under perceived threat, with states enhancing connectivity for the privileged while reducing public space and freedom of movement for others.",Weizman 2007:forward
snowball,W2414756256,Camps and Enclaves: Palestine in the Time of Closure,2015,,journal_article,empirical_qualitative,Palestine/West Bank/Gaza,"Refugee camps and enclaves in Palestine share a family resemblance as spatial devices for containing the displaced within a settler-colonial project, with enclaves representing a new form of inclusive exclusion through closure and immobility.",0,1,1,3,no,neither,no,"Enclaves here refer to territory surrounded by a state, where concentrated and confined populations, often culturally distinct and excluded from the state, are subject to its detailed regulations, which include severe restrictions on and close monitoring of place of residency and, most prominently, the scope and speed of mobility. || In 2006, when Dov Weisglass, an adviser to the then Israeli Prime Minister Ehud Olmert, quipped in reference to the siege of Gaza that 'The idea is to put the Palestinians on a diet, but not to make them die of hunger'—a space opened for a critical discussion of bio-power. In enclaved Gaza, Israeli-imposed sanctions form a craftily spun web of restrictions that keeps Palestinian alive, just barely, on a highly restricted diet. || Without a publicly circulated plan to carve out and designate enclaves, they constitute legal and political grey zones with ambiguous borders in contrast to the more distinctly demarcated Bantustans, camps and reservations. This indeterminate grey zone makes life even more unbearable and ultimately more vulnerable.",None,Weizman 2007:forward
snowball,W2278694128,Border collapse and boundary maintenance: militarisation and the micro-geographies of violence in Israel–Palestine,2016,10.1080/0966369X.2015.1136807,journal_article,empirical_qualitative,Israel–Palestine (Tel Aviv and West Jerusalem),"Militarisation shapes micro-geographies of violence in Israel–Palestine through gendered dynamics of border collapse and boundary maintenance, sustaining occupation.",0,0,0,2,no,neither,no,"Drawing upon subaltern geopolitics and feminist geography, this article explores how militarisation shapes micro-geographies of violence and occupation in Israel–Palestine. || Here, the borders between homefront and battlefield break down at the same time as communal boundaries are reproduced, generating conditions of 'total militarism' wherein military interests and agendas are both actively and passively diffused. || As these individuals encounter the occupation in the spaces of everyday life they participate in militarisation, not passively but actively, taking up ambivalent positions that reveal more precisely how hegemonic power endures.",None,Weizman 2007:forward
snowball,W2401488879,Radical Indeterminancies: Affirmations and Subversions of the Separation Wall—The Case of the Palestinian Children of the Junction,2016,10.1080/08865655.2016.1174600,journal_article,theoretical,"Israel/Palestine (West Bank, Jerusalem)","Palestinian children crossing the Separation Wall simultaneously subvert and affirm Israel's performances of separation, revealing the border's epistemological and political functions.",1,2,1,2,no,neither,no,"The crux of my claim here is that these agents’ unique mobility punctuates and challenges Israel’s performances of separation (Jones 2012, 175). || The movements of these children allow us to detail the lived contours of what Eyal Weizman (2007) defines as 'The Hollow Land:' formal and informal spaces, paths and dimensions of passing, that appear and become prominent when and while spatial segregation is radicalized by the state of Israel. || When the child’s body is both a means to a political end, and still a child’s body, we—those who gaze at the child—know the child can no longer be a 'jahhil,' the traditional Palestinian image of a child as carefree and without any sort of political and economic consciousness.","The paper critiques the Israeli state's inaction regarding the Children of the Junction, noting that despite multiple Knesset sub-committee meetings, no practical steps were taken to care for the children. It highlights the bureaucratic and legal lacunae that prevent intervention.",Weizman 2007:forward
snowball,W2990904937,"Disrupting movements, synchronising schedules: Time as an infrastructure of control in East Jerusalem",2019,10.1080/13604813.2019.1689727,journal_article,empirical_qualitative,"East Jerusalem, Israel/Palestine",Time operates as an infrastructure of control in East Jerusalem through two temporal regimes—deregulation (unpredictable) and synchronization (normalized)—that modulate Palestinian inclusion/exclusion and advance Israeli annexation.,0,1,2,2,no,neither,no,"Two temporal regimes are at work in Palestinian Jerusalem simultaneously. One deregulates time, making it unpredictable while causing time–space divergence. ... The other temporal regime, which I have called 'annexation time', normalises Palestinian schedules by synchronising the rhythms of urban mobility between East and West Jerusalem. || Time here functions as an immaterial infrastructure which tethers East Jerusalem to the West of the city and thereby perpetuates its annexation. || GPS devices were installed in the vehicles, allowing the monitoring of each bus’s whereabouts. While in the past, drivers frequently made detours... this was now no longer possible. The Operations Manager explained: 'We can see where he is, and we get an alarm if he goes off his route or is behind schedule.'",Critiques Israeli policy of annexation through temporal control; shows how formalization of Palestinian transport reduces autonomy and normalizes occupation; time as adaptable infrastructure of control.,Weizman 2007:forward
snowball,W2151533360,The Visibility of (In)security: The Aesthetics of Planning Urban Defences Against Terrorism,2009,10.1177/0967010609343299,journal_article,theoretical,"UK, USA (London, Washington DC, New York)","Examines the paradox of visible vs. invisible counter-terrorism measures in urban spaces, showing how overt security can induce fear while invisible security risks uncontested surveillance.",0,1,2,1,no,neither,no,"security is becoming more civic, urban, domestic and personal: security is coming home (Coaffee & Murakami Wood, 2006: 504) || security features can arouse feelings of fear and anxiety by drawing attention to the fact that one’s safety and security is threatened (Boddy, 2007: 279) || invisible security, though potentially more aesthetically pleasing, and offering a redress to the many drawbacks of more obvious and obtrusive security interventions... must itself be treated with a healthy degree of scepticism",Discusses the need for security features to be aesthetically acceptable and warns about the risk of invisible security leading to passive consent and uncontested expansion of surveillance.,Weizman 2007:forward
snowball,W2317246442,How walls do work: Security barriers as devices of interruption and data capture,2016,10.1177/0967010615615729,journal_article,empirical_qualitative,"Multiple: Ceuta/Melilla, Israel/Palestine, Iraq","Security barriers are sociotechnical devices that govern populations through interruption and data capture, going beyond mere blockading.",2,2,3,2,yes,both,tangential,"I argue that understanding barriers as objects on their own stresses their blockading role, whereas employing an analytic of devices, where devices are thought to be productive, foregrounds what barriers work to produce. || The Falluja fence no longer exists, but the data it captured remains in use in Iraq and is still stored on servers in Virginia. || The massive aggregation of secret files on Iraqis, linked to permanent biometric identifiers, creates an unprecedented human rights risk that could easily be exploited by a future government.","Highlights risks of biometric data aggregation and potential for misuse by future governments or non-state actors; cites concerns from EPIC, Privacy International, and Human Rights Watch.",Weizman 2007:forward
snowball,W1860292074,Steel Walls and Picket Fences: Rematerializing the U.S.–Mexican Border in Ambos Nogales,2013,10.1111/aman.12029,journal_article,empirical_qualitative,US-Mexico border (Ambos Nogales),"The materialization of the US-Mexican border through Ambos Nogales emerges dialectically from fortification and transgression, shaping and being shaped by human agency.",0,0,0,2,no,neither,no,"The wall is the most visible and substantial instrument of the United States’ militarization of the Mexican border, but the wall has failed to secure the border. || The wall disrupts lives and breaks bodies. || The increasing militarization of the border with ever-growing delays to pass through the two downtown Nogales gates has led to a 30 percent decline in the number of people legally entering the United States between 2002 and 2011.","The paper concludes that fortifying the border will not provide a viable solution to undocumented migration or drug smuggling, and that these issues cannot be addressed by building more walls.",Weizman 2007:forward
snowball,W2005627013,"Student Im/mobility in Birzeit, Palestine",2009,10.1080/17450100802657947,journal_article,empirical_qualitative,"Palestine (West Bank, Birzeit)","Student mobilities in the West Bank are heavily impacted by Israeli occupation barriers, creating relative immobilities that shape experiences of home, place, and micropolitical responses.",0,0,0,2,no,neither,no,"Halper (2001, n.p.) uses the term 'Matrix of Control' to describe this state of affairs, a concept that is explicitly concerned with Palestinian immobility: 'The Matrix, an intricate and an interlocking series of control mechanisms, resembles the Japanese game of 'Go.' Instead of defeating your opponent as in chess, in 'Go' you win by immobilizing the other side, by gaining control of key points of a matrix, so that every time your opponent moves he or she encounters another obstacle.' || Weizman (2002) uses the phrase 'politics of verticality', to describe how three-dimensional space is crashed into six dimensions, three Jewish and three Arab... Rather, Weizman suggests the spatiality of occupation is 'Escher like', as Palestinians and Israeli spaces pass through, around, below and above one another: Israeli tunnels dive into Palestinians mountains; Palestinian dirt tracks pass beneath Israeli highways. || The immobilities students experience are relative not just to other peoples' mobility (e.g., Israeli settlers), but also to prior experiences of mobility (an 'else when') and to experiences of mobility in other spaces (an else where). Students experience the brute fact of their relative immobility through barriers that are material (checkpoints), legal-bureaucratic (the ID and permit system) and imaginative (e.g., Khader) in nature.","The paper highlights the work of human rights organizations (B'Tselem), activist groups (Machsom Watch), and Birzeit University's 'Right to Education Campaign' that monitor and challenge movement restrictions. It also notes that high-level diplomatic negotiations frequently include demands to reduce barriers to movement.",Weizman 2007:forward
snowball,W2793204012,"A Cartography of the Unknowable: Technology, Territory and Subterranean Agencies in Israel’s Management of the Gaza Tunnels",2020,10.1080/14650045.2017.1399878,journal_article,empirical_qualitative,Gaza/Israel,"The subterranean materiality of Gaza tunnels frustrates Israel's techno-scientific efforts to know and secure territory, destabilizing state sovereignty and risk management.",0,1,0,1,yes,both,no,"the tunnels are perceived as a serious threat by Israel’s strategic decision-makers because they are a technology of occlusion that makes use of the material properties of the earth to subvert the Israeli state’s apparatuses of surveillance and calculation to secure against danger. || the soil’s ability to obfuscate techniques through which data can be gathered, analysed and used to predict future threats profoundly alters the calculus through which the political logic of risk operates in a fundamental way. || This dual-use arrangement has made the tunnels a crucial infrastructure in maintaining Hamas’ viability as the political hegemon inside Gaza, both financially as a source of income to sustain its government, and militarily as a logistical conduit.","The paper references the Israeli State Comptroller's report criticizing political leadership for failing to act on tunnel intelligence, implying a need for better integration of intelligence and technology, but offers no explicit policy recommendations.",Weizman 2007:forward
snowball,W2796570705,"Israel's Biospatial Politics: Territory, Demography, and Effective Control",2018,10.1215/08992363-4310888,journal_article,theoretical,"Israel/Palestine (including West Bank, East Jerusalem, Negev, Galilee)",Israel's colonial project uses biospatial strategies—demographic classifications and land dispossession—to racialize space and maintain effective control over territory between the Jordan Valley and the Mediterranean.,0,2,1,2,no,neither,no,"The term biospatial denotes the deployment of such biotechniques to demarcate, control, manage, shape, and ascribe signification to space. || The algorithm developed by the CBS to distinguish between these two groups is based in part on where they live, namely, in a 'Jewish locality' or a 'non-Jewish' one. This suggests that race and space are mutually constitutive; biotechniques are used to produce a population's racial (and other) identity and in this way to racialize the inhabited space, while space itself helps determine the population's identity. || The CBS does not include these Bedouin villages in the count of localities and asks the people inhabiting them to indicate the name of their tribe instead of an address, thus revealing, yet again, the CBS's power of interpellation while severing the bio from space.",The paper critiques the 'good Israel/bad Israel' framing and argues that Israel's biospatial policies produce a single apartheid state. It implies that international support for Israel as a democracy is complicit in these policies.,Weizman 2007:forward
snowball,W3200983633,Drone Use for COVID-19 Related Problems: Techno-solutionism and its Societal Implications,2021,10.1111/1758-5899.13007,journal_article,theoretical,global,"The pandemic-driven use of drones by authorities creates a new socio-technical assemblage that accelerates regulatory processes, normalizes exceptionalism, and expands surveillance, with limited public contestation.",2,2,2,1,tangential,both,tangential,"Equipping drones with spraying functions is not a new attribute, as the technology has been used in a similar way for spraying pesticides at agricultural sites. Yet the objective of these spraying drones, namely, to disinfect public areas to avoid the spread of a virus, is an example of function expansion to face a new problem. || The recent drone use by national authorities has largely taken place without widespread contestation, unlike the public criticism we have seen towards contact tracing apps, which itself has led local and national governments to revert or revise decisions on these apps. || C-UAS technology is a surveillance system, which raises privacy concerns and can lead to psychological stress and to elevation of threat perception. It is part of a growing militarization of law enforcement and often takes civilian-military entanglements a step further.","The paper provides policy implications: accelerate regulation without reducing safety/privacy, continuously review ethical/legal implications of drone technology, involve public and civil society in regulation, and debate social/political impacts of technology.",Weizman 2007:forward
snowball,W2771924405,URBAN WARFARE ECOLOGY: A Study of Water Supply in Basrah,2018,,journal_article,case_study,"Basrah, Iraq","Protracted armed conflict and sanctions degrade urban water services through cumulative direct, indirect, and brain-drain impacts, requiring a shift from relief-rehabilitation-development models to sustained support within urban warfare biospheres.",2,0,0,2,yes,civil_to_military,yes,"'Dual-use' restrictions are particularly problematic for restoring water services. The impact in Gaza of the Israeli denial of a vast range of material deemed to serve military as well as civilian purposes is well-known to those agencies attempting emergency and development efforts there. || The analysis attributes a step-wise decline in service quality to a lack of water treatment chemicals, a lack of spare parts, and, primarily, an extended 'brain-drain' of qualified water service staff. || The urban warfare ecology lens is found to be a useful complement to 'infrastructural warfare' research, suggesting the study of protracted armed conflict upon all aspects of urban life be both deepened technically and broadened to other cases.","Calls for longer-term, flexible funding models and sustained technical support to local water operators, moving beyond the relief-rehabilitation-development (RRD) paradigm in chronic urban conflict settings.",Weizman 2007:forward
snowball,W1965549329,Performing colonial sovereignty and the Israeli ‘separation’ wall,2013,10.1080/13504630.2013.835514,journal_article,theoretical,Israel-Palestine,The Israeli separation wall performs colonial sovereignty by constructing a psychic border between civilized inside and uncivilized outside while also revealing internal contestations within the Israeli state.,0,0,0,2,no,neither,no,"The wall by no means represents a simple division of territory: it does not run along the 1967 borders (the 1949 Armistice line) that are internationally agreed upon as the basis for future peace settlement, and in fact, at 708 kilometres, the wall is more than double the length of the 'Green Line'. || As a performance of sovereignty, the way in which it encloses and 'blocks off' Palestinian presence can be read as immensely powerful. To 'disappear' the other, to create the demography desired is the ultimate expression of (bio-)sovereignty in the ethnic-exclusive state. || The wall both veils and partially constitutes 'the violent reality of a shifting colonial frontier' (Weizman, 2007, p. 179), and the 'us here'/'them there' ideology it supposedly performs is undermined by the settlement enterprise.","Critiques the wall's security discourse and separation ideology, arguing that it inhibits productive encounters and undermines Palestinian security; suggests a need to shift towards coexistence.",Weizman 2007:forward
snowball,W3012468770,Checkpoint Knowledge: Navigating the Tunnels and Al Walaja Checkpoints in the Occupied Palestinian Territories,2021,10.1080/14650045.2020.1737020,journal_article,empirical_qualitative,"West Bank, Occupied Palestinian Territories","Checkpoints are spatial political technologies that produce two mobility regimes—smooth for Jewish settlers and controlled for Palestinians—through low-tech design and arbitrary biopolitical categorization, which Palestinians navigate using 'checkpoint knowledge'.",0,1,0,0,no,neither,no,"As stated by Yael Berda (2018), the occupation regime should not be seen as a regime of rights but rather as a 'regime of privileges'. She explained that the Palestinian subject is dependent upon the goodwill of the ruler. || The decision of who is stopped and who can pass unhindered is thus made solely by the soldiers. || Palestinian commuters used various tactics based on their 'checkpoint knowledge' to try to make their passages as smooth as possible.","None explicitly, but the paper highlights the arbitrary and humiliating nature of checkpoints, implicitly calling for recognition of human rights violations.",Weizman 2007:forward
snowball,W2443456478,(Non)-lethality and war: tear gas as a weapon of governmental intervention,2016,10.1080/17539153.2016.1197626,journal_article,theoretical,global,"Tear gas is examined as a technology of governmentality, tracing its history from colonial to contemporary uses to reveal continuities in liberal power and the blurring of war and peace.",0,0,1,3,tangential,both,no,"In examining the history of tear gas, I argue that this technology has been complicit in the demarcation of this frontier and continues to participate in its delineation in the contemporary moment. || As Sloterdijk suggests, 'When the body of the enemy can no longer be liquidated with direct assault, the possibility presents itself to the attacker of making his existence impossible, by immersing the enemy in an unlivable milieu.' || The 'weaponization' – to use the words of the report – of tear gas as a tool of general repression, terrorising activists by launching tear gas at any time of day or night into their homes, is a manifestly different type of use that betrays a bellicose logic with the tools of domestic governance.","The paper critiques the normalisation of tear gas and calls for reflection on its use as a tool of governance that blurs war and peace, with implications for international law and policing.",Weizman 2007:forward
snowball,W1965195317,Kafka at the West Bank checkpoint: de-normalizing the Palestinian encounter before the law,2014,10.1080/17449855.2013.850245,journal_article,theoretical,"West Bank, Palestine/Israel","Alternative filmic representations of the West Bank checkpoint de-normalize the encounter, revealing it as a manifestation of Agamben's state of exception and sovereign law.",0,1,1,3,no,neither,no,"the checkpoint has emerged as a quintessential trope within the contemporary Palestinian imagination, to such an extent that 'checkpoint narratives' have arguably come to assume a dangerously 'normalized' status as everyday, even iconic features of Palestinian existence. || the article argues that apprehension of the enduring oddity and abnormality of the checkpoint serves as a vital mode of critical resistance to the policies of 'spatio-cide' 'securitization' and colonialism exercised at the hands of the State of Israel through the checkpoint mechanism. || the checkpoint operates as a physical manifestation of the 'state of exception' exercised by Israel as 'sovereign law', according to which the Palestinian subject is reduced to the status of 'homo sacer'",Suggests that de-normalization of checkpoint narratives is a form of resistance; references BDS movement in notes.,Weizman 2007:forward
snowball,W2262313377,Arrested in Place: Palestinian Children and Families at the Border,,,book_chapter,empirical_qualitative,"occupied Palestinian territories (West Bank, Gaza, East Jerusalem)","Explores how Palestinian children and families experience visible and invisible borders under Israeli occupation, revealing how these borders restrict movement and arrest them in place, while also demonstrating resilience and resistance.",0,0,0,1,no,neither,no,"These policies contribute to what Halper (2000) has termed Israel's ‘matrix of control’, which is the practice of cultivating artificial borders, limiting movement within and across borders, and effectively suppressing everyday life within the oPt. || the ‘hollowing’ of Palestinian land (Weizman, 2007) creates new facts on the ground that mark Israel’s presence and re-signifies Palestinian territory as belonging to Israel. || Abu-Majd remarked: ‘Our children are used to living like anyone who is in prison. You see our house is covered with these bars?’",None,Weizman 2007:forward
snowball,W2489683967,The security-threat-community,2017,10.1080/13604813.2017.1412598,journal_article,case_study,"Belfast, Northern Ireland","Examines how Troubles-era social-housing redevelopment in Belfast became an instrument of security policy, creating the 'security-threat-community' where housing need was subordinated to military threat assessment.",2,2,2,2,yes,civil_to_military,yes,"The paper makes visible the sophisticated socio-material effects of these operations and illustrates how they remain embedded within contemporary community structures. The paper concludes by reflecting on how this permits conflict-era forces to remain active, but largely unacknowledged, within the post-conflict era.","Argues for a 'revaluing of the value' of conflict-architecture within post-conflict policy frameworks, noting that the Together: Building a United Community Strategy fails to recognise the security-threat-community as a legacy of conflict. Recommends cross-departmental political process to address the hidden spatial divisions.",Weizman 2007:forward
snowball,W2464707225,Non-state space: the strategic ejection of dangerous and high maintenance urban space,2017,10.1080/21622671.2016.1220868,journal_article,theoretical,Northern Ireland (UK) and Mexico City (Mexico),"The paper introduces the concept of 'autotomic space' to describe how state, policing, and citizen strategies strategically eject dangerous or high-maintenance urban spaces to minimize costs and maintain the integrity of the remaining city.",0,0,0,3,no,neither,no,"autotomic in nature – spaces that are ejected in order to avoid losses or further damage to the body politic of the city in ways akin to the response of certain animals that protect themselves from predation by shedding a limb or body part. || we have sought to develop understandings of public space and city/neighbourhood governance using this metaphor of ejection as a kind of strategic reflex action by threatened governments, citizens and private service providers. || The no-go area thus exemplifies not only resistance to authority as is commonly understood, but also the deployment of a kind of power that stems from disregard.",The paper critiques autotomic strategies as deepening inequality and spatial injustice but does not offer explicit policy recommendations; it calls for recognizing the paradoxical nature of control through abandonment.,Weizman 2007:forward
snowball,W2808771424,Crafting and reinforcing the state through security privatisation: territorialisation as a public–private state project in East Jerusalem,2019,10.1080/10439463.2018.1489396,journal_article,empirical_qualitative,"East Jerusalem, Israel/Palestine","Security privatisation can reinforce state territorialisation by enabling unequal protection and evading accountability, as shown in Jewish-Israeli settlement compounds in East Jerusalem.",0,0,0,3,no,neither,no,"In this article, I seek to extend our understanding of the state’s changing role in policing and the enmeshing of state and non-state security actors through an exploration of the new public–private security configurations around East Jerusalem’s settlement compounds. || I suggest that the governmental policy of encompassing East Jerusalem into the state’s fold, despite legal, diplomatic and public opinion limitations, was pursued through a solution found on the private market. || Weizman (2007) explored how different forms of Israeli rule inscribe themselves in space, positing that the Israeli architecture in Jerusalem simultaneously embodied and rejected the old Palestinian cityscape (2007, p.43–44). Likewise, the sight of Jewish-Israeli settlement compounds – Palestinian houses transformed into urban fortresses and topped by towering flags – mirrors the ambivalence towards the indigenous Palestinian design and its competition with the thrust towards modernity and distinguishability.","The paper argues that security privatisation allows states to evade accountability and deflect legal challenges, with implications for human rights and democratic governance. It highlights the need for greater transparency and accountability in public-private security arrangements.",Weizman 2007:forward
snowball,W1487113999,"Necronationalism: managing race, death and the nation's skeletons",2015,10.1080/13504630.2015.1041014,journal_article,theoretical,Palestine/Israel (Jerusalem),"Settler colonial nation-building in Israel/Palestine operates through the management of dead Indigenous bodies, a practice termed 'necronationalism' that extends necropower beyond life to govern the conditions of life after death.",0,1,0,2,no,neither,no,"The capacity to govern life after death is still firmly rooted in the reach of colonial power, and that by attending to the excavation and erasure of Mamilla Cemetery's deceased Palestinian subjects, we see a particular configuration of sovereignty defined through a calculus of absence. || Necronationalism signals attention to practices of settler colonial nation-building organized around the colonial management of dead racial (Indigenous) subjects through the strategic displacement of their corporeality. || What we see emerging in this particular instance of necronationalism is a practice of national memory formation built upon the management of death and its artifacts.",None,Weizman 2007:forward
snowball,W2057355798,No Way Through: approaching the West Bank checkpoint,2014,10.1080/17449855.2013.850250,journal_article,theoretical,"West Bank, Palestine/Israel","Examines how cultural narratives use proxy crossings at the West Bank checkpoint to generate empathy and solidarity with Palestinians, while also exposing the limits of substitution.",0,0,0,1,no,neither,no,"This highly visible instance of the global checkpoint is the site of a spectacular confrontation between opposing notions of safety, embodied in the encounter between the Israeli soldier guarding the checkpoint and the Palestinian who seeks to pass through it. || the occupation's matrix of concrete and control; the settlements, the roads, the 'terminals', and the Wall going up were like a net thrown out over the hills and valleys of the West Bank, and the Palestinian areas choked in between. || The checkpoint thus becomes a site of political conversion, a site where the protagonist, standing in for the reader or viewer, can be persuaded to stand in solidarity with Palestinians.",None explicitly; implies cultural advocacy can influence public opinion on the occupation.,Weizman 2007:forward
snowball,W2074684241,"Negotiating Boundaries, Narrating Checkpoints: The Case of Machsom Watch",2008,10.1080/10669920701862476,journal_article,empirical_qualitative,Israel/West Bank,"Analyzes how Machsom Watch activists challenge Israeli territorial policies by observing, documenting, and personalizing checkpoints to reframe security and morality.",0,0,0,2,no,neither,no,"In contrast to the open violence, the occupying forces also engage in hidden violence. There is bureaucratic violence, which the film attached to this report attempts to uncover. || The politicization of the Holocaust as a constituting factor in Israeli national identity, and in justifying any and all action as necessary defensive measures, is contested by Watchers’ activism ... Remembering the silence of the majority during the Nazi/fascist period impels many of us to speak out, now, while there is still time. || Just imagine the amount of time you are wasting over the last four years. Even if you are crossing [the checkpoint] and people [soldiers] are polite, just try to calculate how much time is being wasted. People are late to their job if they are lucky enough to have one. People cannot really study, work or live because every inch of their autonomy is being controlled by someone else.",Highlights activism that challenges occupation policies and documents human rights abuses; notes tensions between humanitarian improvements and legitimating the checkpoint regime.,Weizman 2007:forward
snowball,W2091931510,Folding and Enfolding Walls: Statist Imperatives and Bureaucratic Aesthetics in Divided Jerusalem,2010,10.3167/sa.2010.540205,journal_article,theoretical,"Jerusalem, Israel/Palestine","The paper analyzes a vector of wall-like architectural forms in Jerusalem as a topological mechanism of statist control, folding and enfolding space to reinforce state imperatives and destroy Palestinian urban life.",0,0,0,3,no,neither,no,"The effect of the security barrier will be to destroy Palestinian metropolitan Jerusalem 'and control it without annexing it' (Klein 2005: 71). || Up close, it is a row of huge blunt teeth sunk into the earth, their bite savage and unyielding. Horizons of living are blocked, perspective severely foreshortened. One cannot look over, under, or around. || Beginning with the harmonic pylon-parabola as the entry to the historic and holy capital, gathering sacrificial empowerment through the museum-wall, its velocity becoming more directional, the vector accelerates through the mall-wall, gathering the power to own and fetishize, pinning Palestinians-as-objects against the security barrier with Holocaust history, squeezing, flattening, and sacrificing them with the power to consume against its unyielding, brute form.",None. The paper critiques existing state practices but does not offer policy recommendations.,Weizman 2007:forward
snowball,W2981726472,Imagining the Biometric Future: Debates Over National Biometric Identification in Israel,2020,10.1080/09505431.2019.1667969,journal_article,empirical_qualitative,Israel,Both proponents and opponents of Israel's national biometric identification system used competing sociotechnical imaginaries of security to shape the system's legislative and technological outcomes.,0,1,0,0,no,neither,no,"Usually, security is offered as a justification for biometric identification. In the Israeli debate, security was foundational to both claims for and against the system. || Security, and the belief that technological innovations can enhance it, have long been priorities in the Israeli polity and ground collectively held visions of desirable futures. || By generating a dialectic of sociotechnical imaginaries animated by already well-established collective aspirations for security, opponents and proponents contested the very meaning of security itself by defining it, and its relationship to biometric technologies, in different ways.","The paper shows that sociotechnical imaginaries can shape the legislative and technological design of national surveillance systems, leading to compromises that incorporate both security and privacy concerns (e.g., the database was kept but with reduced data).",Weizman 2007:forward
snowball,W1558051665,Security Assemblages and Spaces of Exception: The Production of (Para)Militarized Spaces in the U.S. War on Drugs,2011,,book_chapter,theoretical,"United States, Mexico, Latin America","The war on drugs paramilitarizes space through security assemblages that blur policing and war, producing spaces of exception for illiberal governance.",0,1,2,2,no,neither,no,"Security centres around the management of flows of people and resources by means of configuring and re-configuring space. || The hyperghetto and the prison are instruments for controlling risky populations. But they also constitute risky spaces that, due to the very fact that they warehouse risky populations, need to be constantly monitored, controlled, policed and targeted by a variety of different tactics and technologies. || The war on drugs has eroded the very boundaries between policing and war-fighting, it has also led to what we may call the 'policization' of the military.",Critique of war on drugs and paramilitarization; implications for understanding security assemblages and spaces of exception.,Weizman 2007:forward
snowball,W1989881942,Colonialist Construction in the Urban Space of Jerusalem,2014,10.3751/68.1.14,journal_article,case_study,"Jerusalem, Israel/Palestine","Israel uses territorial and demographic engineering in Jerusalem to construct a Zionist identity-based space, while Palestinians resist through various practices.",0,1,0,3,no,neither,no,"Israel employs various methods in this identity-based urban project. Archaeology and territorial reconfiguration become means for constructing the Israeli subject and society, while simultaneously deconstructing the Palestinian equivalents. || In 2011, 622 Palestinian structures were demolished by Israeli authorities in the Occupied Territories, resulting in the displacement of 1,094 people. || The Wall’s noncontiguity, nonlinearity, porosity, shifting evolution, and enclosures of settler populations are a deterritorialization of space.",The paper implies that international law and human rights frameworks are insufficient to counter Israeli practices; it highlights the need for accountability and recognition of Palestinian sovereignty.,Weizman 2007:forward
snowball,W2897812227,Geometry after the Circle: Security Interventions in the Urban Gray Zone,2019,,journal_article,theoretical,Liberia (West Africa),"The paper argues that despite fantasies of post-geometric urban warfare, security interventions in African urban gray zones inevitably resort to the circle (cordon sanitaire), and outsourcing to surrogate forces does not overcome this basic geometry.",0,0,0,3,no,neither,no,"The West Point cordon sanitaire was, by any measure, a disaster. Soldiers and police officers responded to rioting West Point residents with beatings and with shots fired, wounding a teenage boy who bled to death before he could receive medical care. || The combination of urban chaos and the deployment of the armed forces of the Liberian state turned a health emergency into an act of urban war. || What is new about the current moment of militarization across Africa and around the globe is not its kinetic formations. It is the way the discourses and fantasies of contemporary urban space and urban threats render familiar formations largely invisible.",None,Weizman 2007:forward
snowball,W2587643615,The Common Camp: Temporary Settlements as a Spatio-political Instrument in Israel-Palestine,,,book_chapter,case_study,Israel-Palestine,"The camp is a versatile spatio-political mechanism used for territorial expansion and exclusion in Israel-Palestine, functioning beyond Agamben's 'space of exception' to include both control and resistance.",0,0,0,3,tangential,both,no,"Camps are extensively employed by both authoritarian regimes and contemporary democracies as instruments of control, custody, care and abandonment. || This new conceptualization of the camp allows it to be examined as a complex territorial instrument which belongs to the variety of radical spatio-political practices. || They push you into a corner. While being deprived of any “life supporting” mechanisms such as economic resources, infrastructures or state services, the residents of Rachme are at the same time exposed to direct state violence and being controlled by tight surveillance.","Implications for spatial planning, recognition of Bedouin villages, and understanding the political use of temporary settlements as tools of displacement.",Weizman 2007:forward
snowball,W2966810677,"Architecture as event space: Violence, securitisation, and resistance",2019,10.1017/eis.2019.13,journal_article,theoretical,"global, with focus on Israel/Palestine, US, UK, China","Architecture is an active political agent in security practices and resistance, analyzed through Tschumi's event space concept and Weizman's forensic architecture.",1,1,2,2,tangential,both,no,"'There is no architecture without action, no architecture without events, no architecture without program … no architecture without violence.' (Tschumi, quoted p. 368) || 'buildings are not static entities … they continually undergo dynamic transformations' (Weizman, quoted p. 370) || 'the architecture of occupation … [is met with] a counter architecture, which involves (among other things) redesigns that create possibilities of mobility that the Separation Wall and checkpoints stymie.' (p. 382)",Implicitly calls for forensic architecture as a critical practice to document war crimes and human rights violations in urban contexts.,Weizman 2007:forward
snowball,W1982700189,Bible and Gun: Militarism in Jerusalem’s Holy Places,2013,,journal_article,empirical_qualitative,"Jerusalem, Israel/Palestine","Religious militarism is embedded in the physical construction and use of Jerusalem's holy sites, promoting violence and sacrifice in the name of national religious ideology.",0,0,0,2,no,neither,no,"Within days after the 1967 War, the Israeli authorities demolished the Palestinian Magharib Quarter that stood in front of the Wall in order to create the large open plaza that stands there today and accommodates large numbers of people who flock there, including the pious, tourists, and the merely curious. || Today, the Tomb is completely enveloped by the concrete separation barrier making it available to Israeli Jews and tourists coming from Jerusalem in approved vehicles, but inaccessible to Palestinians. It has become a military zone, literally an urban fortress. || The extreme conditions of Rachel’s Tomb require further description. The sense of isolation, fortification and religiosity begins in the centre of Jerusalem.","The paper highlights how religious militarism at holy sites reinforces an embattled city and undermines viability for all inhabitants, implying the need to address occupation and dispossession, but offers no explicit policy recommendations.",Weizman 2007:forward
snowball,W1957666003,Walled in/walled out in the West Bank: performing separation walls in Hany Abu-Assad's Omar,2015,10.1080/20403526.2015.1084798,journal_article,theoretical,"West Bank, Palestine",Analyzes the representation of the West Bank wall in Hany Abu-Assad's film Omar as both a physical reality of the state of exception and a site of radical potentiality.,0,1,2,2,no,neither,no,"'At the core of this military urbanism lies the mechanism of walling. In particular, the wall that makes up the West Bank security barrier, erected in 2002 by the Israeli Government ostensibly to protect Israeli civilians from Palestinian militant attacks, constitutes the strongest spatial manifestation of an unyielding state of exception – the place where life has lost its political existence.' (p.124) || 'Omar's vertical performance of the wall relates to the concept of 'the politics of verticality' developed by Weizman (2002, 2003, 2007; Segal and Weizman 2003) to grasp the three-dimensionality of the architecture of occupation in the West Bank.' (p.128) || 'The wall is presented in Omar as the ultimate visual expression of dominion, a dynamic that plays itself out continually in a context of asymmetrical power dynamics, of an unequal access to visual rights (Hochberg 2015).' (p.129)",None,Weizman 2007:forward
snowball,W1892196310,The changing character of Israel's occupation: planning and civilian control,2010,10.3828/tpr.2010.28,journal_article,policy_analysis,West Bank (Israel/Palestine),"Israel uses planning and land policy instruments in the West Bank to restrict Palestinian development and enable settlement expansion, continuing occupation through bureaucratic means.",0,1,0,2,no,neither,no,"The plan emphasised that insofar as areas adjacent to the 1948/49 armistice Green Line were concerned, 'immediate action on the subject of planning is essential both within and outside the area' (WZO, 1983, 7–8). || Israel has made use of the power to demolish houses with increased vigilance over the past decade (Bimkom, 2008). In fact, a recent report notes that in June 2009, OCHA recorded the single highest monthly total of Area C demolitions since it developed its database, in 2005. || as the percentage of rejections increases, Palestinians lose hope that they will succeed in obtaining one, and apply for permits only as a stop-gap measure when demolition orders to existing structures have been published.","Describes how planning and land policy under occupation violate international law and humanitarian principles, with implications for peace negotiations and the two-state solution. The paper calls for planners to recognize ethical duties to all affected populations.",Weizman 2007:forward
snowball,W2273736663,Bear Witness: Embedded Coverage of Turkey's Urban Warfare and the Demarcation of Sovereignty against a Dynamic Exterior,2016,,journal_article,case_study,"Turkey (southeast, Kurdish regions)","Analyzes how state television series 'Bear Witness' uses embedded reporting to portray urban warfare as a dynamic exterior threatening sovereignty, while fostering viewer identification with law enforcement.",0,1,0,3,no,neither,no,"In his work on the Israeli military's operations in Palestinian neighborhoods and towns, Eyal Weizman has interpreted the destruction of homes as a shift in the object of the state's pursuit of strengthening its sovereignty through siege warfare. The shift is from the walls of another state to those of the home. || The effect of the recent and ongoing curfews across the region has been to altogether evacuate curfew-affected areas rather than just oblige residents to stay indoors, thus sealing entire neighborhoods off from the outside world. || Bear Witness detaches the state and its claim to sovereignty from the places and times in which the operations are carried out. These places and times are thus rendered the spatiotemporal exterior of sovereignty.",None. The paper analyzes propaganda and sovereignty but does not offer policy recommendations.,Weizman 2007:forward
snowball,W2951910130,"The Politics of Home in Jerusalem: Partitions, Parks, and Planning Futures",2019,https://doi.org/10.17615/5te9-sb17,,,,,,,,,,,,,,Weizman 2007:forward
snowball,W3204896600,From SARS to COVID-19: Digital infrastructures of surveillance and segregation in exceptional times,2022,10.1016/j.cities.2021.103486,journal_article,case_study,"Singapore, Hong Kong, mainland China","Compares digital surveillance and segregation measures during SARS and COVID-19 in three jurisdictions, arguing that temporary crisis infrastructures can have long-term effects on state power and are shaped by sociopolitical contexts.",2,2,2,0,yes,civil_to_military,tangential,"However, even after the precipitating crisis fades, the surveillance and segregating infrastructures built to respond to the initial threats can remain permanent. || The individualized nature of ‘mobile quarantines’ however makes it far harder to pinpoint the contours of segregation, compared to more traditional quarantine orders. || In China, the technical capabilities developed to generate and deploy individual-based quarantine orders in the form of health codes has fundamentally transformed the way segregation is and may continue to be administered.","Warns that temporary digital infrastructures can become permanent and that governments should consider long-term effects on privacy, trust, and civil liberties; notes that the extent of surveillance depends on sociopolitical context and calls for caution regarding mission creep.",Graham 2006:forward
snowball,W3038197466,Is civic data governance the key to democratic smart cities? The role of the urban data trust in Sidewalk Toronto,2020,10.1016/j.tele.2020.101456,journal_article,empirical_qualitative,"Toronto, Canada","Sidewalk Labs' Urban Data Trust was designed to assetize residents' data and entrench rentiership, showing how even civic data governance can be corrupted by platform capitalism.",0,1,2,0,no,neither,no,"I present the story of the Urban Data Trust as a cautionary tale. It demonstrates that even civic projects are not immune to a rentiership economy when they seek to profit from data. || the real purpose of the Urban Data Trust was to assetize residents’ information and make it sufficiently easier for technology companies to access, reuse, and profit from the data. || the trust was designed to extract value from the smart city data by making it easier for private actors to collect, reuse, and monetize it.","Discusses policy implications of data assetization and rentiership, referencing GDPR, CCPA, and Canadian Digital Charter. Suggests that treating data as an asset can corrupt civic initiatives, but offers no specific policy recommendations.",Kitchin 2014:forward
snowball,W3016061525,The effect of spatiotemporal resolution on predictive policing model performance,2021,10.1016/j.ijforecast.2020.03.006,journal_article,empirical_quantitative,"Belgium (large city >500,000 inhabitants)","Evaluates how varying grid resolution, temporal resolution, and historical time frame affect predictive policing model performance to identify optimal parameter values.",0,0,0,0,no,neither,no,,"None explicitly, but discusses implications for police resource allocation and the trade-off between prediction performance and spatiotemporal resolution.",Kitchin 2014:forward
