id,search,source,priority,hints,title,authors,year,doi,journal,keywords,abstract,exclude_hint,INCLUDE?,notes
,,,,,,,,,,,,,,
2,A,policy_commons,HIGH,,Social Media Monitoring in India: Government Initiatives and Privacy Concerns,,2017,,,privacy; social media; algorithms; monitoring; government; free speech; national security; india; predictive policing; surveillance,"This paper examines the growing trend of social media monitoring by the Indian government, highlighting programs like NETRA, NMAC, and Social Media Labs. It raises concerns about the potential chilling effect on free speech, privacy violations, and the lack of legal frameworks governing these activities. The document also explores how these initiatives leverage techniques like sentiment analysis and predictive policing and touches on the tension between national security and individual rights in the digital age.",,Include,
3,A,policy_commons,MEDIUM,,Analysis of NITI Aayog's Discussion Paper on India's AI Policy,user,2018,,,privacy; ethics; technology; artificial intelligence; niti aayog; policy; regulation; india; data protection,"This paper analyzes NITI Aayog's discussion paper on India's National Strategy for Artificial Intelligence, highlighting its strengths and identifying areas for improvement. It focuses on the identified key sectors for AI intervention, such as healthcare, agriculture, and education, while also pointing out the oversight of manufacturing and services. The analysis raises concerns about the potential for increased state surveillance in smart cities and the need for a robust ethical framework, particularly regarding transparency, fairness, and privacy. Furthermore, the paper discusses the importance of data protection, regulatory standards, and ensuring accountability and safety in AI systems.",,Include,
,,,,,,,,,,,,,,
,,,,,,,,,,,,,,
6,A,policy_commons,HIGH,,Big Brother Watch Evidence on Privacy and the Digital Revolution,S,2019,,,facial recognition; privacy; civil liberties; digital revolution; automation; human rights; big brother watch; predictive policing; surveillance; data protection,"This document presents written evidence from Big Brother Watch to the Joint Committee on Human Rights concerning the right to privacy in the digital revolution, focusing on mass surveillance, policing technologies, and automation in public services. The submission highlights concerns about the lack of transparency and public consultation surrounding the adoption of new technologies by public authorities, particularly regarding facial recognition, predictive policing, and welfare systems. Big Brother Watch recommends amendments to the Data Protection Act 2018, particularly concerning automated decisions, and calls for a ban on micro-targeted online advertising. They argue that the government should set a good example by respecting citizens' privacy and ensuring adequate legal protections in the face of rapid technological advancements.",,Include,
7,A,policy_commons,HIGH,smart_city,"Public Comments on Tracy's Smart City Initiative and Council Member Reports - May 2, 2023",Microsoft Office User,2023,,,privacy; clean energy; smart cities; valley link; east bay community energy; public comment; wastewater treatment; city council; urban planning; surveillance,"This document contains public comments from Helen Gallegos Evans expressing concerns about the City of Tracy's ""Smart City"" initiative, focusing on potential mass surveillance and privacy violations. It also includes a report from Council Member Matt Bedolla, detailing meetings and updates from various boards, commissions, and committees, including the East Bay Community Energy Authority, Tri-Valley—San Joaquin Valley Regional Rail Authority (Valley Link), and the South San Joaquin County Fire Authority. The report also covers updates on clean fleet initiatives, Measure V CIP projects, and wastewater treatment needs.",,Include,
,,,,,,,,,,,,,,
9,A,policy_commons,HIGH,,Future Cities: Trends and Implications for Urban Living and Military Operations,,2020,,,future cities; urbanization; smart cities; infrastructure; demographics; military operations; cybersecurity; urban warfare; environmental impact; humanitarian aid,"This report, prepared by the Defence Science and Technology Laboratory (Dstl), examines emerging trends in urban development and their implications for UK Defence and Security. It focuses on rapid urbanization, the growth of smart cities, environmental factors, infrastructure developments, demographic shifts, and the diverse actors shaping urban environments. The report highlights the increasing interconnectedness of cities, their vulnerability to cyber-attacks, and the challenges and opportunities these trends present for military operations and humanitarian efforts, particularly in Africa and Asia.",,Include,
,,,,,,,,,,,,,,
11,A,policy_commons,HIGH,,Open Letter: Reject Discriminatory Police AI in EU AI Act,,2023,,,biometrics; artificial intelligence; human rights; algorithmic bias; digital rights; police ai; predictive policing; surveillance; eu ai act; data protection,"This open letter, signed by a coalition of civil society organizations and individuals, urges EU AI Act negotiators to reject the legalization of dangerous and discriminatory police AI. The letter highlights concerns about governments and lobbyists pressuring lawmakers to compromise fundamental rights and freedoms by allowing predictive policing, biometric categorization, and emotion recognition technologies. These tools are criticized for being ineffective, rooted in discriminatory premises, and enabling mass surveillance. The signatories call for adherence to human rights laws and the rejection of proposals that would undermine the rule of law.",,Include,
,,,,,,,,,,,,,,
13,A,policy_commons,HIGH,,EPIC Comments on Law Enforcement Use of Surveillance Technologies,Jeramie Scott,2024,,,facial recognition; biometrics; data security; privacy; civil liberties; civil rights; transparency; accountability; predictive policing; surveillance,"The Electronic Privacy Information Center (EPIC) submits comments to the Department of Justice (DOJ) and Department of Homeland Security (DHS) regarding the use of facial recognition, biometric, and predictive algorithm technologies by law enforcement. EPIC expresses concern about the lack of transparency, accountability, and oversight in the deployment of these technologies, emphasizing the need for stronger safeguards to protect privacy, civil rights, and civil liberties. EPIC recommends prohibiting mass surveillance, protecting constitutional rights, ensuring non-discrimination, and requiring thorough evaluations before deploying new surveillance technologies. The comments also address specific technologies like facial recognition, predictive policing, social media surveillance, and DNA analysis, advocating for adherence to key principles that promote public trust and fairness.",,Include,
,,,,,,,,,,,,,,
,,,,,,,,,,,,,,
,,,,,,,,,,,,,,
,,,,,,,,,,,,,,
18,A,policy_commons,HIGH,smart_city,"Information, Knowledge and Digital Disruption Symposium",,2017,,,information technology; machine learning; robotics; artificial intelligence; automation; smart city; national security; digital disruption; defence; emerging technologies,"The Emerging and Disruptive Technology Assessment Symposium (EDTAS) focuses on the impact of emerging technologies on Defence and National Security within a 10-20+ year timeframe. The symposium explores future Defence research and preparation for disruptive trends in Information, Knowledge, and Digital Disruption, particularly within a smart city environment. Key themes include technologies in 2040, smart city applications, capability concepts, and socio-economic, legal, and ethical considerations. A main outcome is a Big Picture Assessment Report developed from attendee contributions, aiming to identify research areas and industry focus points to improve Defence capability.",,Include,
19,A,policy_commons,HIGH,,Big Data Applications in Crime and Security,Abbi Hobbs,2014,,,digital technologies; postnote; crime and justice; crime prevention; data privacy; civil liberties; law enforcement; national security; crime detection; data analysis; predictive policing; surveillance; big data,"This POSTnote explores the utilization of big data analytics by law enforcement and security agencies for crime prevention, detection, and national security. It discusses the opportunities and challenges associated with processing and analyzing large, complex datasets, highlighting examples such as predictive policing and financial fraud detection. The briefing also addresses regulatory considerations, public perceptions regarding privacy and civil liberties, and the potential social benefits of these technologies.",,Include,
,,,,,,,,,,,,,,
21,A,policy_commons,HIGH,,US Ignite: Smart Base Capability Development for the Department of Defense,,2022,,,smart cities; smart base; dod; us ignite; testbeds; fort carson; fort benning; mcas miramar; technology; innovation,"US Ignite collaborates with the Department of Defense (DoD) to bring smart city capabilities to military installations, modernizing operations and creating effective Smart Base solutions. They leverage expertise in managing large-scale laboratories and partner with defense research groups, academia, and the commercial sector. US Ignite manages three Smart Base testbeds (Fort Carson, Fort Benning, and MCAS Miramar) to promote dual-use development of commercial technologies, focusing on problem identification, solution development, and performance measurement. Select project examples include inclement weather decision support, energy communications via 5G, and automated shuttle services.",,Include,
,,,,,,,,,,,,,,
,,,,,,,,,,,,,,
24,A,policy_commons,HIGH,,Huawei's Smart Cities and CCP Influence,Matt Schrader; Russell Hsiao,2018,,,huawei; smart cities; ccp; china; surveillance; espionage; social control; taiwan; geopolitics; national security,"This article examines the potential for Huawei's smart city technology to be leveraged by the Chinese Communist Party (CCP) for domestic social control and international surveillance. It highlights how Huawei's ""safe city"" solutions, integrating surveillance and data analysis, could be used to suppress dissent, protect vested interests, and potentially enable intelligence gathering abroad. The article also discusses China's intensifying pressure campaign against Taiwan, including diplomatic, military, and economic coercion, as well as cyber espionage.",,Include,
25,A,policy_commons,HIGH,smart_city,Smart Cities with Chinese Characteristics: Policy Analysis,Hiddai Segev,2021,,,smart city; china; urban planning; artificial intelligence; data security; national security; cybersecurity; privacy; technology; policy,"This paper analyzes the rise of smart cities, particularly focusing on China's advancements and global export of smart city technologies. It highlights the benefits of smart cities while also addressing the potential risks to individual privacy, data security, and national security. The study examines China's approach to smart city development, including the use of AI, facial recognition, and social credit systems. It also investigates the export of Chinese smart city systems to various countries and the associated allegations of spreading authoritarian norms and values. Finally, it discusses the development of smart cities in Israel and the need for a comprehensive national plan to manage risks related to privacy, data security, and cyber protection.",,Include,
,,,,,,,,,,,,,,
27,A,policy_commons,HIGH,,U.S.-China Competition in Emerging Technologies: LiDAR,Karen M. Sutter; Kelley M. Sayler,2024,,,lidar; emerging technologies; u.s.-china competition; industrial policy; intellectual property; national security; autonomous vehicles; remote sensing; military technology,"This report examines the competition between the United States and China in the emerging technology of Light Detection and Ranging (LiDAR). It discusses LiDAR technology, its development, and various applications, including automotive, agriculture, military and smart cities. The report highlights how Chinese firms are advancing in the LiDAR market through industrial policies, acquisitions, and partnerships, sometimes using questionable practices to obtain intellectual property. It also explores potential national security implications due to the use of PRC LiDAR systems in the U.S. and discusses issues for Congress to consider in ensuring fair competition and protecting U.S. interests.",,Include,
28,A,policy_commons,HIGH,,China’s Smart Cities and the Future of Geopolitics,Valentin Weber,2023,,,smart cities; china; geopolitics; artificial intelligence; surveillance; digital brain; data security; civil-military fusion,"This strategic update examines China's development and export of smart city technologies, particularly the concept of the 'city brain,' which aggregates and analyzes urban data using AI and cloud computing. It explores the geopolitical implications of connecting these city brains into larger networks, potentially leading to a 'world digital brain' supported by China's Beidou geospatial system. The report highlights concerns about data security, military applications, and China's potential for increased influence through surveillance infrastructure, focusing on specific projects in locations like Mauritius, the Philippines, and Papua New Guinea.",,Include,
,,,,,,,,,,,,,,
,,,,,,,,,,,,,,
31,A,policy_commons,HIGH,,AI Global Surveillance (AIGS) Index,,2019,,,ai; global surveillance; facial recognition; smart policing; regime type; freedom of information; military expenditure; belt and road initiative; data privacy; political science,"This document presents the AI Global Surveillance (AIGS) Index, a compilation of data related to the global adoption and deployment of AI-powered surveillance technologies. It includes country-specific information on regime type, freedom on the net status, military expenditures, participation in the Belt and Road Initiative, China's overseas direct investment ranking, and the presence of smart city/safe city initiatives utilizing facial recognition and smart policing. The index also identifies key companies involved in AI technology, categorized by their origin (China, US, Japan).",,Include,
,,,,,,,,,,,,,,
,,,,,,,,,,,,,,
34,A,policy_commons,HIGH,predictive_policing,We Sense Trouble: Automated Discrimination and Mass Surveillance in Predictive Policing in the Netherlands,Amnesty International,2020,,,predictive policing; mass surveillance; discrimination; ethnic profiling; human rights; data protection; netherlands; algorithmic bias; criminal justice; privacy,"This Amnesty International report investigates the ""Sensing project"" in Roermond, Netherlands, a predictive policing initiative using data and algorithms to anticipate crime. The report finds that the project, designed to prevent 'mobile banditry' (property crime), involves mass surveillance, collects data indiscriminately, and disproportionately targets people of Eastern European origin, particularly Roma individuals, leading to discrimination and privacy violations. The report criticizes the project's flawed design, lack of transparency, and the misuse of the Road Traffic Act for discriminatory stops and searches. It argues that predictive policing projects like Sensing, developed without adequate legal frameworks, pose significant risks to human rights.",,Include,
,,,,,,,,,,,,,,
36,A,policy_commons,HIGH,,ACLU Comments on Law Enforcement Use of Facial Recognition and Other Biometric Technologies,American Civil Liberties Union,2024,,,facial recognition; biometrics; civil rights; civil liberties; law enforcement; predictive policing; privacy; surveillance; algorithms; aclu,"The ACLU submits comments regarding the use of facial recognition technology (FRT), fingerprint, iris, DNA technologies, and predictive policing algorithms by law enforcement agencies. It raises civil rights and civil liberties concerns, including unjustified arrests, exacerbating racism in policing, and violating privacy rights. The ACLU advocates for a federal moratorium on FRT use by law and immigration enforcement, highlighting its unreliability, bias, and potential for mass surveillance. The comments emphasize the need for transparency and robust protections, and call for a ban on technologies with no safe use.",,Include,
,,,,,,,,,,,,,,
,,,,,,,,,,,,,,
,,,,,,,,,,,,,,
,,,,,,,,,,,,,,
41,A,policy_commons,HIGH,,Paradigm Initiative’s input to the OHCHR on AI in Countering Terrorism,Paradigm Initiative,2025,,,artificial intelligence; counter-terrorism; human rights; privacy; surveillance; algorithmic bias; data protection; digital rights,"Paradigm Initiative provides input to the OHCHR on the human rights impacts of using AI in countering terrorism. The submission identifies affected rights, including privacy, freedom of expression, and non-discrimination, and highlights risks associated with mass surveillance, predictive policing, and algorithmic profiling. It emphasizes the need for key principles such as human rights by design, transparency, accountability, and human oversight. The document also discusses due diligence, risk assessments, and the inclusion of marginalized groups in AI governance.",,Include,
42,A,policy_commons,HIGH,,China’s Digital Silk Road,Robert D. Atkinson; William C. Mayville; Emily Rauhala; Hirobumi Kayama; Matthew P. Goodman; Jonathan E. Hillman; Kate O’Keeffe,2019,,,digital silk road; china; technology; infrastructure; 5g; telecommunications; e-commerce; digital governance; international security; cybersecurity,"This transcript captures a CSIS event discussing China's Digital Silk Road initiative. Speakers address the initiative's components: telecommunications infrastructure, e-commerce, and smart city projects, with emphasis on US-Japan collaboration given technological advancements in Asia. Concerns about China's dominance in setting technology standards, data access, and potential military implications are raised. The discussion also covers Huawei's role, its impact on global 5G, and security risks. The panel analyzes the initiative's broader strategic implications, the necessity for the U.S. and its allies to present alternatives, and how to respond effectively, including commercial strategies and data localization.",,Include,
43,A,policy_commons,HIGH,,The Rise of Chinese AI in the Gulf: a Renewal of China’s ‘Serbia Model’,Wendy Robinson,2020,,,china; artificial intelligence; gulf states; serbia; military technology; smart cities; uav; technology transfer; foreign policy; international relations,"This policy analysis examines China's growing influence in the Gulf region through the export of advanced technologies, particularly artificial intelligence (AI), smart city infrastructure, and unmanned aerial vehicles (UAVs). It argues that China is replicating a model pioneered in Serbia, where technology transfers led to increased military collaboration. The Gulf states, with their wealth and strategic locations, are becoming key markets for Chinese technology. The analysis suggests that the United States can counter China's growing influence by offering diverse, high-quality technology options, addressing export restrictions, and highlighting the security risks associated with Chinese technology.",,Include,
,,,,,,,,,,,,,,
,,,,,,,,,,,,,,
,,,,,,,,,,,,,,
,,,,,,,,,,,,,,
,,,,,,,,,,,,,,
,,,,,,,,,,,,,,
50,A,policy_commons,HIGH,,Amicus Curiae,EPIC,2026,,,alpr; fourth amendment; privacy; surveillance; predictive policing; constitutional law; criminal justice; data privacy; epic,"This amicus curiae brief argues that the City of Norfolk's warrantless operation of its mass surveillance Automated License Plate Reader (ALPR) system constitutes an unreasonable search violating the Fourth Amendment. Modern ALPR systems gather extensive location data, enabling law enforcement to infer identities and monitor routines, thereby infringing on privacy rights. Furthermore, AI-enabled ALPRs perpetuate discriminatory predictive policing by relying on biased data and limiting transparency, which risks reviving general warrant powers and undermining democratic principles.",,Include,
51,A,policy_commons,HIGH,,EU's AI Act Falls Short in Protecting Human Rights,Ella Jakubowska; Kave Noori; Mher Hakobyan; Karolina Iwańska; Kilian Vieth-Ditlmann; Nikolett Aszodi; Judith Membrives Llorens; Caterina Rodelli; Daniel Leufer; Nadia Benaissa; Ilaria Fevola,2024,,,artificial intelligence; ai act; human rights; privacy; discrimination; surveillance; eu law; ai ethics; fundamental rights; ai regulation,"This analysis critically evaluates the EU's AI Act, adopted in April 2024, arguing it falls short of establishing a gold standard for human rights protection. While acknowledging some progress, such as accessibility requirements and a public database for high-risk AI systems, the document highlights significant loopholes. These include carve-outs for law enforcement and migration authorities, insufficient transparency, doubts about the meaningfulness of fundamental rights impact assessments, and weak redress mechanisms. The Act is criticized for allowing double standards for AI systems impacting people outside the EU and for providing broad exemptions for national security, potentially undermining safeguards. Partially banned practices like predictive policing and live facial recognition are noted, but with significant loopholes that legitimize their use in certain contexts. The Act also fails to adequately address the harms of retrospective facial recognition and imposes weak rules for AI used in migration contexts, setting a dangerous precedent. Finally, the framework for risk classification is seen as a self-regulatory exercise, and environmental impacts are only tentatively addressed.",,Include,
52,A,policy_commons,HIGH,predictive_policing,Predictive Policing in Fortaleza: Public Safety and the Use of Technological Tools in Crime Prevention,Edson Rebouças Vasconcelos,2019,,,predictive policing; public safety; crime prevention; technological tools; fortaleza; homicide; military police; data analysis; law enforcement; urban violence,"This dissertation proposes the implementation of a technological tool for the Military Police in Fortaleza to act as a preventive mechanism, specifically targeting homicides. Facing high crime rates, particularly homicides in areas like Jangurussu and Conjunto Palmeiras (AIS-3), the research utilizes bibliographical and statistical data. It argues that technology can supplement traditional policing, enhancing public safety and the feeling of security. The study explores public safety as a fundamental right and suggests an intervention in Fortaleza, using a software algorithm for predictive policing to promote conflict resolution, social peace, and public order, making police actions more proactive and human. The focus is on optimizing police resources by predicting crime hotspots, rather than solely increasing personnel.",,Include,
,,,,,,,,,,,,,,
,,,,,,,,,,,,,,
,,,,,,,,,,,,,,
56,A,policy_commons,HIGH,smart_city,Privacy Challenges and Big Data in Smart City,Iam-chong Ip; King-Wa Fu; Yuk-ming Leung; Kai-chi Leung,2020,,,smart city; big data; privacy; surveillance; data protection; hong kong; public policy; regulation,"This research report examines the privacy challenges posed by big data and smart city initiatives in Hong Kong. It highlights a significant gap between current governance mechanisms and public expectations regarding data privacy, particularly concerning government surveillance. The study analyzes two case studies: the ""Multi-functional Smart Lampposts"" pilot scheme and a facial recognition access system in a residential estate. It finds that existing regulations, like the Personal Data (Privacy) Ordinance, are insufficient to address new forms of personal data and the concerns surrounding surveillance states. The report recommends rebuilding public trust, enacting legislation to limit government data processing, mandating privacy impact assessments, improving data transparency, and establishing an independent body to oversee national security-related data collection.",,Include,
57,A,policy_commons,HIGH,smart_city,Synergy: The Essential Condition for Success in Civil-Military Planning for Smart Cities,Sorina-Georgiana Rusu,2018,,,smart city; synergy; civil-military planning; urban security; risk management; crisis management; spatial planning; public safety; information technology,"This article explores the crucial role of synergy in the civil-military planning process within smart cities. It argues that integrating multidimensional security (social, environmental, cyber, etc.) is vital for efficient smart city operation during peace, crisis, or war. The concept of a smart city, characterized by intelligent infrastructure and a focus on productivity and prosperity, harmonizes ecology, technology, and society. The paper emphasizes the need for continuous civil-military cooperation, mutual monitoring, and information exchange among urban actors to ensure the safety of citizens and critical infrastructure. It highlights that synergy between civilian and military entities is fundamental for managing risks, preventing incidents, and effectively responding to diverse threats in increasingly complex urban environments.",,Include,
58,A,policy_commons,HIGH,,Who Buys and Controls CCTV? Myanmar's Slippery Slope to Mass Surveillance,ARTICLE 19; Digital Rights Collective,2022,,,cctv; myanmar; surveillance; mass surveillance; human rights; privacy; freedom of expression; smart cities; data protection; procurement,"This report by ARTICLE 19 and Digital Rights Collective investigates the procurement and deployment of Closed-Circuit Television (CCTV) systems in Myanmar, focusing on Mandalay, Yangon, and Naypyidaw. It highlights concerns about transparency, accountability, and the human rights implications of CCTV infrastructure, especially in the context of the 2021 military coup. The study reveals how CCTV systems, often procured through opaque processes with significant involvement from companies like Huawei, are becoming the foundation for mass surveillance and AI-driven technologies. The report emphasizes the lack of data protection frameworks and the erosion of freedoms of expression, privacy, and assembly due to the expanding surveillance network. Recommendations are provided for the military junta and private sector to ensure rights-respecting smart city development.",,Include,
,,,,,,,,,,,,,,
,,,,,,,,,,,,,,
,,,,,,,,,,,,,,
62,A,policy_commons,MEDIUM,,China's Smart Cities Development,Katherine Atha; Jason Callahan; John Chen; Jessica Drun; Kieran Green; Brian Lafferty; Joe McReynolds; James Mulvenon; Benjamin Rosen; Emily Walz,2020,,,smart cities; china; technology; surveillance; urban development; belt and road initiative; national security; artificial intelligence; iot,"This research report examines China's development and promotion of smart cities technologies. It details China's policies, development trends, and the significant role of government investment in this sector. The report highlights the dual nature of smart cities, noting their potential for improving urban management and public services, but also their extensive use for mass surveillance. Furthermore, it analyzes China's export of these technologies globally, particularly through the Belt and Road Initiative. The report contrasts China's top-down approach with the U.S.'s bottom-up strategy and discusses the implications for U.S. national security, economic competitiveness, and critical infrastructure.",,Include,
63,A,unknown,MEDIUM,,Security in Modern Smart Cities: An Information Technology Perspective,"Jameel, Tanzeela; Ali, Rukhsana; Ali, Shumaila",2019,10.1109/c-code.2019.8681021,"2019 2ND INTERNATIONAL CONFERENCE ON COMMUNICATION, COMPUTING AND DIGITAL SYSTEMS (C-CODE)",,"In a big and modern city, the security system is not a single-layered single module system. Instead, it consists of many layers with autonomous subsystems which are capable of interfacing reciprocally in an efficient and coordinated way horizontally and vertically. The design of such indigenous subsystems and ensuring tight interaction between them while taking into account high usability and resource utilization is not a simple task. In this regard, this article provides a comprehensive overview of the security systems in smart cities. We begin by introducing trends and key stakeholders in smart cities. Next, we provide examples of mass surveillance systems in developed countries like the USA, UK, and China. Finally, we highlight some of the major challenges in the practical realization of smart cities. The concepts and security aspects discussed in this study can be beneficial in designing security systems for future smart cities.",,Include,
64,A,unknown,HIGH,smart_city,A Smart City Assisted Internet of Military Defense Things Architecture,"Tsiolis, Dimitra; Leivadeas, Aris",2025,10.1109/IOTM.001.2400160,IEEE INTERNET OF THINGS MAGAZINE,,"As Smart Cities become a reality, these intelligent urban environments will likely impact the future operational environment, where future military forces will have to conduct a range of operations. Situational awareness (SA), a critical element of military operations, can be produced and maintained by leveraging existing Smart City Internet of Things (IoT), while deploying in parallel the Internet of Military Defense Things (IoMDT). Therefore, in this article, we propose an architecture that enables future military forces, in a permissive intelligent urban operational environment, to access Smart City IoT, deploy their own IoMDT, and leverage distributed and opportunistic computing paired with distributed edge intelligence, to produce and maintain accurate and real-time SA.",,Include,
65,A,unknown,HIGH,smart_city,Will GPS Jammers Proliferate in the Smart City?,"Westbrook, Tegg",2019,,SALUS JOURNAL,,"The Smart City will rely extensively on consented and unconsented information about people's location and movements in order to fulfil its many ambitions. Utilising the Global Positioning System (GPS) is necessary and practical for Smart City agendas, as it provides time and positioning information which is essential for tracking systems. Nevertheless, the emergence of GPS-enabled tracking technologies over recent decades has spurred an increase in the use of GPS jamming devices (or Personal Privacy Devices (PPDs)). This article therefore argues that the normalisation of tracking in the Smart City may lead to the wider ownership of GPS jammers. To overcome this, the article explores the ways in which jammer proliferation can be overcome or avoided entirely taking examples of military, security, and civilian counter-jamming technologies and strategies.",,Include,
66,A,unknown,HIGH,smart_city,Public Trust and Political Legitimacy in the Smart City: A Reckoning for Technocracy,"Hartley, Kris",2021,10.1177/0162243921992864,SCIENCE TECHNOLOGY & HUMAN VALUES,,"The 2020 introduction by China's central government of a national security law (NSL) in Hong Kong marked a watershed moment in the social and political history of the semiautonomous city. The law emerged after months of street protests that reflected declining public trust in Hong Kong's government. Against this turbulent backdrop, Hong Kong's policy projects moved forward, including smart city development. This article explores public trust in and political legitimacy of Hong Kong's smart cities endeavors in the period leading up to the introduction of the NSL. At a theoretical level, the smart cities phenomenon invites critical reflection about tensions between technocracy and democracy, but this topic remains largely unexploited by empirical literature. Using survey data from 1,017 residents, this study identifies confidence in the benefits of smart cities but lesser trust in privacy and security and lesser satisfaction with participation opportunities in related policymaking. Probing these dynamics, the study finds that trust in smart city mechanics and governance associate positively with support for smart cities, controlling for ideology and issue awareness. Illuminating a theoretical and practical puzzle, these findings contribute empirically to discussions about the political legitimacy of scientific, technological, and technocratic undertakings in the public sector.",,Include,
,,,,,,,,,,,,,,
,,,,,,,,,,,,,,
,,,,,,,,,,,,,,
70,A,unknown,HIGH,,"Smart cities, backward frontiers: digital urbanism in India's north-east","McDuie-Ra, Duncan; Lai, Lauren",2019,10.1080/09584935.2019.1647144,CONTEMPORARY SOUTH ASIA,,"India's Smart Cities Mission (SCM) launched in 2015 has awarded 100 smart cities nation-wide, proffering funds, compulsory corporate partnerships, and new configurations of urban governance. Perhaps most striking are the ten smart city bids from Northeast India, a region shaped unevenly by separatism, military occupation, and heavy economic dependency. Smart cities in the Northeast have been awarded with key exceptions to SCM rules. We take this to be a largely unprecedented experiment in digital urbanism in what Dunn and Cons (2014. ""Aleatory Sovereignty and the Rule of Sensitive Spaces."" Antipode 46 (1): 92-109) label 'sensitive space'. Through a critical reading of the 10 smart city bids from the Northeast we make three arguments. First, despite the techno-utopian rhetoric, the primary aim of the SCM is integrating frontier space into national territory. Second, the extension of the SCM to the frontier accelerates the recalibration of the frontier into a market for corporate capital under the necessary stewardship of the Indian state, though the role for customary authorities in these arrangements is unclear. Third, with few other avenues for revenue generation and in response to perceptions of neglect, local authorities have used SCM bids to request conventional infrastructure rather than digitally networked projects.",,Include,
,,,,,,,,,,,,,,
,,,,,,,,,,,,,,
73,A,unknown,HIGH,smart_city,Application of IoT in Military Operations in a Smart City,"Johnsen, Frank T.; Zielinski, Zbigniew; Wrona, Konrad; Suri, Niranjan; Fuchs, Christoph; Pradhan, Manas; Furtak, Janusz; Vasilache, Bogdan; Pellegrini, Vincenzo; Dyk, Michal; Marks, Michal; Krzyszton, Mateusz",2018,,2018 INTERNATIONAL CONFERENCE ON MILITARY COMMUNICATIONS AND INFORMATION SYSTEMS (ICMCIS),,"This paper addresses a scenario where a medium sized smart city in an Alliance nation has been struck by disaster. A small, multi-national force is deployed for disaster relief. Situational awareness (SA) is important so that resources, including personnel and supplies, may be prioritized to have the most impact and help those in the most need. This SA can be significantly enhanced via information obtained from Internet of Things (IoT) devices, especially in a smart city environment.This paper, which presents work performed by the NATO IST-147 ""Military Applications of Internet of Things"" group, explores the potential to exploit smart city IoT capabilities in military operations.",,Include,
,,,,,,,,,,,,,,
,,,,,,,,,,,,,,
,,,,,,,,,,,,,,
77,A,unknown,HIGH,smart_city,A Survey of Smart City Assets for Future Military Usage,"Pradhan, Manas",2018,,"2018 INTERNATIONAL SYMPOSIUM ON NETWORKS, COMPUTERS AND COMMUNICATIONS (ISNCC 2018)",,"The primary purpose of military anywhere around the world is to protect and serve the people. Over the years, the role of the military has diversified which has required the military to serve countries in several capabilities. Be it active wars, intelligence gathering, rescue operations, anti-terrorist operations etc., the modern military has to play a role.Since the military has to adapt to, prepare for and respond to the ever changing dynamics of people and surroundings around the world, it becomes necessary to look into what exists currently and what will form the future. Smart cities are such a phenomenon. The cities around the world are transforming to be ""Smart"", to meet various future challenges such as population migration and how to manage the living of such a huge number of people in a relatively small area, improving the quality of various services delivered to citizens, saving and optimizing resource utilization and so on.In such a scenario, where the population and assets need to be protected in Smart Cities, the militaries need to get a hold of the technologies and know the emerging trends in the smart cities. This would give the defence sector a head-start in knowing what capabilities are and would be available so that they are ready to employ their services alongside the Smart City solutions and thus serve their motto optimally. This paper entails the various Smart City assets from various cities as well as involved Internet-of-Things (IoT) technologies and tries to provide a picture of what the military in future can integrate with their solutions to serve the Smart Cities.",,Include,
78,A,unknown,HIGH,smart_city,Exploiting Smart City IoT for Disaster Recovery Operations,"Suri, Niranjan; Zielinski, Zbigniew; Tortonesi, Mauro; Fuchs, Christoph; Pradhan, Manas; Wrona, Konrad; Furtak, Janusz; Vasilache, Dragos Bogdan; Street, Michael; Pellegrini, Vincenzo; Benincasa, Giacomo; Morelli, Alessandro; Stefanelli, Cesare; Casini, Enrico; Dyk, Michal",2018,,2018 IEEE 4TH WORLD FORUM ON INTERNET OF THINGS (WF-IOT),,"Disaster recovery operations are extremely challenging and place significant demands on multiple resources, including local and international emergency response personnel, non-governmental organizations, and the military. In the immediate aftermath of a disaster, one of the most pressing requirements is for situational awareness (SA) so that resources, including personnel and supplies, may be prioritized to have the most impact and help those in the most need. As the recovery operations continue, the SA needs to be continuously updated based on changing conditions in the affected areas. There are many sources of information to provide SA, including reporting by the victims of the disaster as well as observations made by responding personnel. In this context, SA can be significantly enhanced via information obtained from Internet of Things (IoT) devices, especially in a smart city environment. This paper explores the potential to exploit Smart City IoT capabilities to help with disaster recovery operations.",,Include,
79,A,unknown,HIGH,smart_city,A Survey of Applicability of Military Data Model Architectures for Smart City Data Consumption and Integration,"Pradhan, Manas; Fuchs, Christoph; Johnsen, Frank T.",2018,,2018 IEEE 4TH WORLD FORUM ON INTERNET OF THINGS (WF-IOT),,"The demographic patterns show a rapid influx of human populations to the cities owing to financial, social, medical and other factors. To accommodate the unprecedented rise in population, city administrations around the world are looking for appropriate solutions to cope with the rising challenges. One of the approaches is to make the cities smarter and thus improving the organization, administration and availability of services and resources. In such a Smart City, a large spectrum of deployed sensors and smart objects record, analyse and exchange data. The collected information is processed, forwarded and analyzed in order to implement applications and services that alleviate the city's organization and management or provide additional benefit to the inhabitants.Also with the growing population, it becomes more complex to protect and serve the city's inhabitants and their assets in cases of emergency and adversities such as natural disasters, terrorist and insurgent attacks. In these cases, an existing Smart City infrastructure can greatly assist emergency forces like relief units or supporting military forces by providing the data it already has. In order to incorporate the additional data of the Smart City into the situational picture of the operational forces, suitable points of integration have to be defined and implemented.In this paper, we examine whether existing data models used in the military domain are suitable to integrate the additional Smart City data into the military information domain. In particular, we focus on standardized data models and distribution methods used in federated mission networking within NATO. This ensures a high compatibility to existing situational awareness and information processing applications that are used by the different NATO nations.",,Include,
,,,,,,,,,,,,,,
,,,,,,,,,,,,,,
,,,,,,,,,,,,,,
83,A,unknown,HIGH,smart_city,Open Data Insights from a Smart Bridge Datathon: A Multi-Stakeholder Observation of Smart City Open Data in Practice,"Cammers-Goodwin, Sage",2023,10.3390/smartcities6020032,SMART CITIES,,"""Open Data"" efforts are growing, especially in Europe, where open data are seen as a possible ethical driver of innovation. As smart cities continue to develop, it is important to explore how open data will affect the stakeholders of smart public spaces. Making data open and accessible not only has a managerial and technical component but also creates opportunities to shift power dynamics by granting individuals (and entities) access to data they might not otherwise be able to obtain. The scope of those who could access these data is wide, including data-illiterate citizens, burgeoning startups, and foreign militaries. This paper details the process of making data ""open"" from the MX3D smart bridge in Amsterdam through a ""datathon"". The development and outcomes of opening the data and the event itself bring us closer to understanding the complexity of open data access and the extent to which it is useful or empowering for members of the public. While open data research continues to expand, there is still a dearth of studies that qualitatively detail the process and stakeholder concerns for a modern smart city project. This article serves to fill this gap.",,Include,
84,A,unknown,HIGH,smart_city,Toward an Architecture and Data Model to Enable Interoperability between Federated Mission Networks and IoT-Enabled Smart City Environments,"Pradhan, Manas; Suri, Niranjan; Fuchs, Christoph; Bloebaum, Trude Hafsoe; Marks, Michal",2018,10.1109/MCOM.2018.1800305,IEEE COMMUNICATIONS MAGAZINE,,"The emergence of smart city initiatives in many areas of the world has led to rapid development and proliferation of Internet of Things (IoT) technologies. Successful deployments of IoT have resulted in the military looking at the impacts and benefits of IoT, both for directly leveraging IoT within the military environment as well as to interface with smart city environments for urban operations such as humanitarian assistance and disaster response. This article describes some of the outcomes of the NATO IST-147 Research Task Group that was established to explore the military applications of IoT. Within the NATO context, the concept of federated mission networks (FMNs) enables coalition partners to plan, prepare, establish, use, and terminate mission networks in support of federated operations. In this article, we propose an architecture and data model to enable interoperability between FMN and IoT networks in smart city environments. We review the various bottlenecks involved for such an environment and how a reference implementation can be set up to allow multiple partners to exchange data for sharing resources and provide better situational awareness. The concepts discussed reuse and improvise upon the existing NATO and commercial IoT standards for faster adoption. Finally, open research challenges are discussed as future research directions.",,Include,
,,,,,,,,,,,,,,
,,,,,,,,,,,,,,
,,,,,,,,,,,,,,
88,A,unknown,HIGH,,Leveraging Civilian IoT Infrastructures to Support Warfighting Activities in Urban Environments,"Riberto, Giulio; Govoni, Marco; Stefanelli, Cesare; Suri, Niranjan; Tortonesi, Mauro",2018,,2018 IEEE 4TH WORLD FORUM ON INTERNET OF THINGS (WF-IOT),,"In the last decade, governments and municipalities have been investing large amounts of money to improve the style and quality of life of Smart Cities' citizens. This led to a huge adoption of Internet of Things (IoT) installations producing a wide amount of data. To exploit at best the many advantages of the IoT, Smart Cities have also begun to make that data freely accessible through Open Data services. The combination of IoT and Open Data can bring benefits in different fields, including the military domain. More specifically, Humanitarian Assistance and Disaster Relief (HADR) missions would significantly benefit from the integration of military systems with the civilian IT infrastructure of Smart Cities. In this context, the deluge of data generated by the IoT calls for dedicated solutions to analyze it and disseminate the results. This paper presents an evaluation of the capabilities of SPF, the Fog-as-a-Service platform we designed for tactical environments, in supporting a hypothetical but realistic HADR mission in the Helsinki Smart City. The paper demonstrates how the possibilities brought by the integration of SPF with the Open Data services offered by the city of Helsinki can significantly help the work of the emergency team, in particular with regards to the quick detection of clear and congested roads for relief organization and coordination.",,Include,
89,A,unknown,HIGH,smart_city,Performance measurement in smart city governance: a case study of an Egyptian city council,"Alsaid, Loai Ali Zeenalabden Ali",2021,10.1108/JAEE-09-2020-0244,JOURNAL OF ACCOUNTING IN EMERGING ECONOMIES,,"Purpose This study seeks to explore the powerful role(s) of institutionalised performance measurement systems or metrics in smart city governance in a politically and militarily sensitive developing country. Design/methodology/approach This study extends the application and contribution of a multi-level institutional framework to previous management accounting literature on the potential relationship between performance measurement and smart city governance. The value of utilising a multi-level framework is to broaden and deepen theoretical analyses about this relationship to include the effect of political pressure from the military regime at the macro level on the institutionalisation of a performance measurement system at the micro-organisational level. Taking the New Cairo city council smart electricity networks project (Egypt) as an interpretive qualitative single-case study, data collection methods included semi-structured interviews, direct observations and documentary readings. Findings Performance measurement systems or metrics, especially in politically and militarily sensitive smart cities, constitutes a process of cascading (macro-micro) institutionalisation that is closely linked to sustainable developments taking place in the wider arena of urban policies. Going a step further, accounting-based performance metrics, arising from political and military pressures towards public-private collaborations, contribute to smart city management and accountability (governance). Institutionalised measurement systems or performance metrics play a powerful accounting role(s) in shaping and reshaping political decisions and military actions in the city council. Originality/value Theoretically, this study goes beyond the cascading institutionalisation process by arguing for the powerful role(s) of institutionalised accounting and performance measurement systems in smart city decision-making and governance. Empirically, it enriches previous literature with a case study of a developing Arab Spring country, characterised by an emerging economy, political sensitivity and military engagement, rather than developed and more stable countries that have been thoroughly investigated. It is also among the first politically engaged accounting case studies to highlight public-private collaborations as a recent reform in public sector governance and accountability.",,Include,
,,,,,,,,,,,,,,
,,,,,,,,,,,,,,
,,,,,,,,,,,,,,
,,,,,,,,,,,,,,
,,,,,,,,,,,,,,
95,A,unknown,HIGH,,"Secure the city, revitalize the zone: Smart urbanization in Camden, New Jersey","Wiig, Alan",2018,10.1177/2399654417743767,ENVIRONMENT AND PLANNING C-POLITICS AND SPACE,,"Smart city agendas of information technology-driven governance are often aligned with neoliberal urban revitalization efforts, including the creation of new districts to attract multinational knowledge and innovation-focused industries. The redevelopment of Camden, New Jersey is typical of this, but exceptional as well. To attract over $2 billion in investment in specific zones, a citywide, multi-instrument surveillance network complemented a technologically-mediated community policing agenda. Camden's smart city effort secured the area, controlling the circulation of residents and their use of the city, prioritizing the flow of capital into spatially-bounded zones. As these smart surveillance plans for urban revitalization become more common, critically engaging with the, in Camden's case, policing and surveillance strategies underlying said zones is necessary to understanding the ongoing, evolving relationship between global enterprise and municipal governance. Over its first five years, the success of the surveillance-driven, community policing strategy in reducing crime was mixed, but it did succeed in shifting the narrative of Camden from disenfranchised to ready for business. Contrasting the reinvestment in premium districts with the installation of a citywide digitized security apparatus presents an opportunity to investigate the spatial, infrastructural, and militaristic context within which the rhetoric of and technologies of the smart city are deployed.",,Include,
96,A,unknown,HIGH,smart_city,"A Focus on Electromobility within Smart City Solutions-Charging Stations, Renewable Energy, and Air Quality Monitoring","Zavorka, Radek; Paar, Martin",2022,10.3390/s22207841,SENSORS,,"This paper reviews some of the existing methods for charging electric vehicles, generating renewable energy, and storing it. Plans of practical implementation in the city of Brno are compared with the situation in Glasgow. Moreover, it is essential to pay attention to integrated solutions in order to increase efficiency. Energy harvesting and charging systems are combined with an air quality measurement system and integrated into LED street lights. The collected data are sent to a central server for evaluation. The use of smart solutions is a modern approach to saving energy and reducing CO2 emissions in many sectors. As an example, the described solutions can be applied dually, in both civilian and military sectors. Considering the potential benefits of easier logistics or quiet operation, the potential military exploitation of technological capabilities is discussed from the perspective of enhancing citizens' security and safety in cities.",,Include,
,,,,,,,,,,,,,,
,,,,,,,,,,,,,,
99,A,unknown,HIGH,smart_city,Criminology and the smart city paradigm: 'Preventative technical imaginary' or 'Techlash' vector?,"Hayward, Keith",2026,10.1177/17416590251344468,CRIME MEDIA CULTURE,,"We live in the age of the smart city. But what should criminologists make of this situation? Clearly, urban smartness offers a host of beneficial options when it comes to preventing urban crime. But it also opens the door to a new urban computational order based on mass surveillance and predicated on environmental-behavioural control and manipulation. This article introduces the smart city paradigm to a criminological audience and poses a series of important questions about whether our current fixation with smart technology exposes society to a whole new set of crimes, risks, and system failures that previously would have been considered impossible. The article unfolds in three parts. It begins with a short introduction to the smart city that includes a brief review of some of the extant criminological research on the subject. In part two, drawing on critiques and counter critiques of Crime Prevention through Environmental Design and its hyper-rational approach to urban space, it introduces a new theoretical term for thinking about the relationship between urban smartness and situational crime prevention: the preventative technical imaginary. Finally, part three challenges the putative idea of a 'no crime' urban future often associated with the preventative technical imaginary by arguing instead that smart technology and other 'Internet of Things' systems actually expose our cities to an array of attack surfaces and vulnerability vectors that have no historical precedent-including new anti-technology ""cultures of resistance"" that are already crystallizing.",,Include,
100,A,unknown,MEDIUM,,"Smart Cities, Surveillance and Speed in Imphal, Manipur","McDuie-Ra, Duncan",2024,10.1080/00856401.2024.2381997,SOUTH ASIA-JOURNAL OF SOUTH ASIAN STUDIES,,"Common across India's Smart Cities Mission (SCM) projects are 'smart' components added to existing surveillance infrastructure, termed surveillant assemblages here. Surveillant assemblages resonate powerfully in Northeast cities where surveillance has been woven into the urban fabric for decades. Using Imphal, Manipur, I explore the following proposition: despite decades of crushing surveillance, enhanced surveillant assemblages under the SCM resonate as promises for a more 'developed' city. Analysing different surveillant assemblages draws attention to harmonies and tensions between ideas about the future of the city and the SCM. I explore surveillant assemblages from the perspective of three groups. First, for civilian authorities, enhanced surveillance promises law and order and to speed up the city, making it more 'developed'. Second, for the military and paramilitary, enhanced surveillance brings more of the city under their gaze while simultaneously eroding the power of counter-insurgent infrastructure based on slowing the city down. Third, enhanced surveillance appeals to citizens to track foreign bodies through horizontal relations-variously, non-local, non-citizen (including refugees) and ethnic 'others'-in articulating rights to the city based on exclusion.",,Include,
,,,,,,,,,,,,,,
,,,,,,,,,,,,,,
103,A,unknown,HIGH,,"Smart Cities as ""Big Brother Only to the Masses"": The Limits of Personal Privacy and Personal Surveillance","Galic, Maka",2022,,SURVEILLANCE & SOCIETY,,"Smart city projects in Europe and North America are employing a novel approach to data analysis that processes hardly any or no personal data at all. As such, these projects-at least, for the most part-escape the scope of (European) data protection law. The idea behind this new approach to smartness can be condensed in the statement: ""smart cities are only Big Brother to the masses. "" In other words, if the data collected within smart city projects do not identify any individuals, then there are no issues with privacy and data protection law. This problematic assumption relies on two reductive understandings of key notions in this context: that of ""personal privacy "" and ""personal surveillance. "" In this contribution, I focus on the latter and call for a broader understanding of surveillance as a set of diverse modes of social control by privacy law scholars. After all, in order to reveal the underlying dynamics of power and how these might lead to surveillance abuse-even, or especially, when surveillance is based on the processing of seemingly non-personal data-concrete surveillance practices and their logics need to be examined. For this purpose, I take the example of the Stratumseind Living Lab in the Netherlands and examine it through the lens of Foucault's notion of security. This examination leads to two valuable insights for privacy and data protection law scholars. First of all, it strengthens the argument of contemporary group privacy scholars that a narrow focus on individual privacy and surveillance is inadequate and that the regulatory framework needs to be adapted. The second insight raises another broad issue: smart cities, which function according to the securitizing logic of surveillance, such as the Stratumseind Living Lab, are transforming public spaces into consumption spaces. Yet, the protection of privacy in public can and should serve to protect key aspects of public space-political participation and sociability-as well.",,Include,
,,,,,,,,,,,,,,
,,,,,,,,,,,,,,
,,,,,,,,,,,,,,
,,,,,,,,,,,,,,
,,,,,,,,,,,,,,
109,A,unknown,HIGH,smart_city,Radio Frequency IoT Sensors in Military Operations in a Smart City,"Cohen, Aaron E.; Jiang, Gina G.; Heide, David A.; Pellegrini, Vincenzo; Suri, Niranjan",2018,,2018 IEEE MILITARY COMMUNICATIONS CONFERENCE (MILCOM 2018),,"This paper presents the radio frequency sensor from commercial-off-the-shelf (COTS) technology and addresses various scenarios by which radio frequency sensors can be used in a smart city to monitor, identify, and track users in a smart city. The radio frequency sensor was developed using GNURadio environment with an embedded python block to generate jpeg images. A separate python HTTP server was used to allow an ATAK application to view the spectrum for a specific radio frequency sensor. Individual sensors reported their GPS coordinates using MQTT to the ATAK application and can be viewed on the map in ATAK on the Android tablet.This paper presents work performed by the NATO IST-147 ""Military Applications of Internet of Things"" group to explore the potential to exploit civilian Internet of Things (IoT) software defined radio infrastructure as radio frequency sensors for military operations. Several scenarios are considered ranging from spectrum analysis, direction finding, and information fusion/tracking.",,Include,
,,,,,,,,,,,,,,
,,,,,,,,,,,,,,
,,,,,,,,,,,,,,
113,A,unknown,MEDIUM,,Decision-support system for safety and security assessment and management in smart cities,"Gonzalez-Villa, Javier; Cuesta, Arturo; Spagnolo, Marco; Zanotti, Marisa; Summers, Luke; Elms, Alexander; Dhaya, Anay; Jedlicka, Karel; Martolos, Jan; Cetinkaya, Deniz",2023,10.1007/s11042-023-16020-6,MULTIMEDIA TOOLS AND APPLICATIONS,,"Counter-terrorism measures and preparedness play a critical role in securing mass gatherings, soft targets, and critical infrastructures within urban environments. This paper introduces a comprehensive Decision Support System developed as part of the S4AllCitites project, designed to seamlessly integrate with existing legacy systems in Smart Cities. The system encompasses urban pedestrian and vehicular evacuation, incorporating predictive models to anticipate the progression of incendiary and mass shooting attacks, alongside a probabilistic model for threat assessment in the case of improvised explosive devices. A notable achievement of this research is the successful implementation and deployment of the system in operational environments through pilot studies. It empowers public and private security operators with real time decision support capabilities during both prevention and intervention stages of potential attacks. The decision support information provided encompasses various aspects, including optimal evacuation strategies, estimated egress times, pedestrian movement profiles, probability assessments, and the potential impact of different terrorist threats in terms of casualties. Additionally, the system offers real-time insights into the status of the traffic network under normal and unusual conditions, enabling efficient emergency management throughout its progression. This includes the ability to identify optimal intervention routes and assess the impact of anomalous traffic resulting from evacuations.",,Include,
,,,,,,,,,,,,,,
115,A,unknown,HIGH,,"Contesting Digital Futures: Urban Politics, Alternative Economies, and the Movement for Technological Sovereignty in Barcelona","Lynch, Casey R.",2020,10.1111/anti.12522,ANTIPODE,,"Scholars have offered important critiques of the socio-spatial processes of contemporary technological development, including the rise of ""smart city"" urban development models. While these critiques have been essential for understanding contemporary forms of techno-capitalism and their reach into new areas, this paper calls for a consideration of alternative modes of digital development in urban life beyond the logics of securitisation and capital accumulation. In particular, I examine the critical discourses and experimental practices of a grassroots movement focused on claiming ""technological sovereignty"" (TS) in Barcelona. The TS movement is a broad, de-centralised network of cooperatives, associations, and community initiatives experimenting with alternative practices of locally rooted, open-source digital development. These groups explore democratic and cooperative practices of work, property, production, and consumption in relation to digital technology, based around an ethics of care and a commitment to working through and within local communities. In examining the values, beliefs, and practices of the TS movement, I bring ongoing discussions around digitalisation and the ""smart city"" into critical conversation with the extensive literature on prefigurative urban politics and postcapitalist economies.",,Include,
116,A,unknown,MEDIUM,,Improving network resources allocation in smart cities video surveillance,"Kunst, Rafael; Avila, Leandro; Pignaton, Edison; Bampi, Sergio; Rochol, Juergen",2018,10.1016/j.comnet.2018.01.042,COMPUTER NETWORKS,,"Smart cities is an emerging concept that allows the usage of technology to improve the quality and efficiency of services delivered to the population of a given city, considering a vast application domain. Some applications, like smart surveillance using Internet of Things sensors demand the transmission of high amounts of traffic with strict quality of service, what may not be available at all times. One solution to deal with this traffic overload is to implement the concept of resources sharing. Considering this context, in this article, a heterogeneous network scenario is considered to implement a multi-purpose real time video surveillance application which can be applied to both smart cities and military surveillance such as borderline security. The proposed solution considers three crucial aspects: the QoS requirements of the real time video application; the cost-benefit of the spectrum allocation; and the time constraints involved in a vertical handover operation to avoid interference. The main contribution of the article are: (I) inclusion of a multilevel resources broker in the Smart Cities architecture, (II) a QoS-enabled solution for video surveillance to provide borderline security, and (III) a low overhead control mechanism to avoid interfering with the legitimate network traffic. Results obtained via simulations show that after the proposed solution is implemented delay and jitter are kept below their specific thresholds and therefore the QoS is guaranteed considering the coexistence of up to 500 IoT sensors. Nearly 70% of the traffic is accommodated either in IEEE 802.11 or IEEE 802.22 networks, which offer relatively low cost resources. These results are also compared with two state of the art related works and show that the proposed solution performs better than the related work in the analyzed scenarios. Finally, with respect to the time constraints, the implementation of the proposed solution leads to fast vertical handover, attaining times up to 46% lower than the maximum allowed handover duration. (C) 2018 Elsevier B.V. All rights reserved.",,Include,
117,A,unknown,HIGH,,"Illiberal smart urbanism? Lessons from the politics of state-led smart securitisation in Miskolc, Hungary","Durr, Miklos",2023,10.1177/00420980221100462,URBAN STUDIES,,"This article makes the case for the 'illiberal smart city' in response to a growing body of literature on the post-politicisation of smart urbanism. Drawing on the centralised rollout of an intelligent CCTV network in Miskolc, Hungary, under a regime that calls itself 'illiberal', the article proposes an alternative perspective on the politics of smart urbanism in continuation of dialogues on the 'actually existing smart city'. To this end, two key claims will be put forward. First, in contrast to mainstream post-political understandings of smart urbanism, Miskolc's smart surveillance project is wrapped up in an explicitly right-wing populist, and in certain respects racialised social ordering campaign. Second, not only is the CCTV network a key manifestation of a populist agenda, but it also reproduces the illiberal smart city through engineering a new consensus around securitisation without responding to the root causes of crime and segregation. Rather than engaging in depth with the digital technologies themselves, the article instead focuses on the underpinning politics of smart surveillance in Miskolc to show how, in the project's implementation, post-political ideas are replaced by the overt campaigning machinery of the illiberal state.",,Include,
,,,,,,,,,,,,,,
,,,,,,,,,,,,,,
120,A,unknown,HIGH,,"Speculative futures: Cities, data, and governance beyond smart urbanism","Leszczynski, Agnieszka",2016,10.1177/0308518X16651445,ENVIRONMENT AND PLANNING A-ECONOMY AND SPACE,,"In this paper, I examine the convergence of big data and urban governance beyond the discursive and material contexts of the smart city. I argue that in addition to understanding the intensifying relationship between data, cities, and governance in terms of regimes of automated management and coordination in actually existing' smart cities, we should further engage with urban algorithmic governance and governmentality as material-discursive projects of future-ing, i.e., of anticipating particular kinds of cities-to-come. As urban big data looks to the future, it does so through the lens of an anticipatory security calculus fixated on identifying and diverting risks of urban anarchy and personal harm against which life in cities must be securitized. I suggest that such modes of algorithmic speculation are discernible at two scales of urban big data praxis: the scale of the body, and that of the city itself. At the level of the urbanite body, I use the selective example of mobile neighborhood safety apps to demonstrate how algorithmic governmentality enacts digital mediations of individual mobilities by routing individuals around unsafe' parts of the city in the interests of technologically ameliorating the risks of urban encounter. At the scale of the city, amongst other empirical examples, sentiment analytics approaches prefigure ephemeral spatialities of civic strife by aggregating and mapping individual emotions distilled from unstructured real-time content flows (such as Tweets). In both of these instances, the urban futures anticipated by the urban big data security assemblage' are highly uneven, as data and algorithms cannot divest themselves of urban inequalities and the persistence of their geographies.",,Include,
,,,,,,,,,,,,,,
122,A,unknown,HIGH,,The development and regulation of artificial intelligence in China: An analysis of personal information protection and digital authoritarianism,"LEE,, Chanwoo",2022,,Journal of Sinology and China Studies,,"China has emerged as a global innovation center in the field of AI by announcing the “New Generation Artificial Intelligence Development Plan” in 2017. AI technology is being applied in Chinese society to various fields such as smart city construction and social credit system, using AI technology such as facial recognition and data processing technology.By employing the document analysis method, this study analyzes the Chinese society's perception and regulations related to privacy and digital authoritarianism, which was appeared as the international criticism of Chinese society.This study indicates that China is strengthening privacy protection regulations, but efforts to prevent invasion of personal information by the government that emerge from using AI in smart city construction and social credit system are currently lacking.The Chinese society recognizes that the government's personal information data acquisition is necessary for national security or the construction of credit society, and the internal regulatory movements or control for strengthening personal  information protection are still low.",,Include,
,,,,,,,,,,,,,,
,,,,,,,,,,,,,,
,,,,,,,,,,,,,,
,,,,,,,,,,,,,,
,,,,,,,,,,,,,,
,,,,,,,,,,,,,,
129,A,unknown,HIGH,,Dynamic Traffic Optimization System: Leveraging IoT and Fog Computing for Enhanced Urban Mobility with the RAO Algorithm,Thinh Vinh Le; Duy Lap Le; Huan Thien Tran,2024,10.1007/978-3-031-76197-3_7,"COMPUTATIONAL INTELLIGENCE METHODS FOR GREEN TECHNOLOGY AND SUSTAINABLE DEVELOPMENT, GTSD2024, VOL 1",,"This paper introduces a cutting-edge method for urban traffic management that harnesses the power of the RAO (named after Professor Ravipudi Venkata Rao) optimization algorithm, enhanced by the integration of the Internet of Things (IoT) and fog computing technologies. By collecting real-time traffic data from IoT devices, such as smart cameras and sensors, our approach provides a detailed and up-to-the-minute view of urban traffic conditions. This data is efficiently processed through fog computing infrastructure, which ensures minimal latency and supports immediate responses to fluctuating traffic patterns. The deployment of the RAO algorithm on this rich dataset stands out as a novel contribution, dynamically optimizing traffic flows and routes based on current conditions without the need for specific map data sources. Our research extends beyond traditional traffic management applications, offering significant benefits in emergencies by facilitating quicker medical and security responses and enhancing the management of military operations with the need for rapid and secure route planning. Through experimental simulations conducted in urban environments, our findings demonstrate substantial improvements in traffic management and congestion alleviation. The results indicate that our integrated strategy offers a viable and adaptable solution for both everyday traffic oversight and exceptional scenario planning. This study lays the groundwork for future advancements in smart city technologies, underscoring the role of sophisticated technological integration in fostering more sustainable, efficient, and secure urban landscapes.",,Include,
130,A,unknown,HIGH,,Fabrication of space: The design of everyday life in South Korean Songdo,"Bartmanski, Dominik; Kim, Seonju; Loew, Martina; Pape, Timothy; Stollmann, Joerg",2023,10.1177/00420980221115051,URBAN STUDIES,,"Constructed from scratch on land reclaimed from the sea, Songdo was planned to embody new 'smart city' life. In reality, it has come to exemplify enclave urbanism that commodifies securitised living for upwardly mobile middle classes. While the political economy of this urban project is by now well studied, the sociological ethnography of the resultant space and its experiential correlates remains less developed and imperfectly contextualised. One needs to connect the dots of power and space. The present paper aims to do that and thematises the 'design of everyday life' which rests on (1) the intensification of privatised digital surveillance of mass housing compounds which in turn occasions (2) the remaking of spatial markers and symbolic boundaries between private/public, inclusive/exclusive, inside/outside. As such it is a combination of two different registers of visibility that gets jointly orchestrated by the public-private partnership of Korean state and corporate actors. In order to recognise these regimes as strategic visions of controlled social life we extend James Scott's notion of 'seeing like a state' to include the corresponding regime that we call 'seeing like a corporation'. This allows us to show that they are mutually elaborative in Songdo through a hybridised fabrication of its lived environment, particularly in the case of one branded housing typology located in the city's centre called International Business District. This elucidates not only the local entrepreneurial urbanism that gave rise to the controlled environment of Songdo but also more general logics of the 'compressed modernisation' in the region which sets a global mode for production of space and re-territorialisation of power.",,Include,
131,A,unknown,MEDIUM,,The Challenge of Big Data and Data Science,"Brady, Henry E.",2019,10.1146/annurev-polisci-090216-023229,"ANNUAL REVIEW OF POLITICAL SCIENCE, VOL 22",,"Big data and data science are transforming the world in ways that spawn new concerns for social scientists, such as the impacts of the internet on citizens and the media, the repercussions of smart cities, the possibilities of cyber-warfare and cyber-terrorism, the implications of precision medicine, and the consequences of artificial intelligence and automation. Along with these changes in society, powerful new data science methods support research using administrative, internet, textual, and sensor-audio-video data. Burgeoning data and innovative methods facilitate answering previously hard-to-tackle questions about society by offering new ways to form concepts from data, to do descriptive inference, to make causal inferences, and to generate predictions. They also pose challenges as social scientists must grasp the meaning of concepts and predictions generated by convoluted algorithms, weigh the relative value of prediction versus causal inference, and cope with ethical challenges as their methods, such as algorithms for mobilizing voters or determining bail, are adopted by policy makers.",,Include,
,,,,,,,,,,,,,,
,,,,,,,,,,,,,,
,,,,,,,,,,,,,,
,,,,,,,,,,,,,,
,,,,,,,,,,,,,,
,,,,,,,,,,,,,,
,,,,,,,,,,,,,,
139,A,unknown,LOW,,The Future Possibilities and Security Challenges of City Digitalization,"Barcik, Peter; Coufalikova, Aneta; Frantis, Petr; Vavra, Jiri",2023,10.3390/smartcities6010008,SMART CITIES,,"To adapt to current changes, such as globalization, climate change, and demographic growth, modern cities must embrace the digitalization of city management. In this paper, we examine a concept for digitalizing a city based on Rotterdam's digital twin showcase. Data-processing frameworks for different sources of data are presented. Security risks and the potential of smart cities for military usage are discussed. Lastly, using an example of available datasets for air quality and public lighting consumption, functions of the Rotterdam digital twin are compared with the Brno city digital platform. It was found that every city has its approach to digitalization, and it is probably impossible to unify every city's digitalization process. This means that the digitalization of the city is very individual. Both systems in their current form make it possible to visualize the collected data about the city. So far, however, these systems do not use advanced functions such as AI-assisted decision-making and prediction of various events in the city. Even so, they are a source of very interesting data that can be used by third parties.",,Include,
,,,,,,,,,,,,,,
,,,,,,,,,,,,,,
,,,,,,,,,,,,,,
,,,,,,,,,,,,,,
,,,,,,,,,,,,,,
,,,,,,,,,,,,,,
146,A,unknown,MEDIUM,,Integrated mass surveillance system for large scale events,"Nagy, Attila Matyas; Simon, Vilmos",2016,,IEEE SECOND INTERNATIONAL SMART CITIES CONFERENCE (ISC2 2016),,"Nowadays festivals and city events attract huge number of visitors and unfortunately in large masses a minor panic could have incalculable consequences despite of the organizers' efforts to do everything for participants' safety. Therefore we have developed an integrated mass surveillance system based on crowdsensing data, where the system helps authorities and organizers in information gathering about the actual dynamics of the crowd. Based on real time and representative information, they are able to perform fast and targeted interventions.",,Include,
,,,,,,,,,,,,,,
,,,,,,,,,,,,,,
,,,,,,,,,,,,,,
,,,,,,,,,,,,,,
,,,,,,,,,,,,,,
,,,,,,,,,,,,,,
,,,,,,,,,,,,,,
,,,,,,,,,,,,,,
,,,,,,,,,,,,,,
,,,,,,,,,,,,,,
,,,,,,,,,,,,,,
,,,,,,,,,,,,,,
159,A,unknown,MEDIUM,,"""How Fear of Crime Affects Needs for Privacy & Safety"" Acceptance of Surveillance Technologies in Smart Cities","van Heek, Julia; Arning, Katrin; Ziefle, Martina",2016,,PROCEEDINGS OF THE 2016 5TH INTERNATIONAL CONFERENCE ON SMART CITIES AND GREEN ICT SYSTEMS (SMARTGREENS 2016),,"These days, surveillance technologies are a key component of smart and networked cities preventing or detecting crime and giving the residents a sense of safety. On the one hand, safety perceptions can be supported by adequate surveillance technologies (e.g., cameras), however on the other hand, the systematic use of surveillance technologies undermines individual privacy needs. In this empirical study, we explore users' perceptions on safety and privacy in the context of surveillance systems in urban environments. Using an online survey, 119 users were requested to indicate their acceptance regarding different types of surveillance technologies, differentiating perceived benefits and harriers as well as safety and privacy needs. Also, we investigate acceptance differences towards surveillance technologies at various locations (private and public). In this paper, we especially explore the impact of individual perceived crime threat on the acceptance of surveillance technologies and on the needs for privacy and safety.",,Include,
160,A,unknown,HIGH,,Situational Awareness in Megacities,"Loper, Margaret L.",2018,10.1007/978-3-319-75232-7_12,TECHNOLOGY AND THE INTELLIGENCE COMMUNITY: CHALLENGES AND ADVANCES FOR THE 21ST CENTURY,,"Each day an estimated 180,000 people across the globe migrate to cities. By 2030 cities will account for 60% of the world's population. Cities with populations of ten million or more are called megacities. The problems found in megacities and other urban environments - explosive growth rates, vast and growing income disparity, and a security environment that is increasingly attractive to the politically dispossessed -present great challenges to national and international security. Therefore, monitoring these cities will become increasingly important to provide decision makers with effective predictors of looming instability. The urban environment is becoming increasingly more connected and complex. In the coming decades, we will be surrounded by billions of sensors, devices and machines, the Internet of Things (IoT). Cities and urban areas that benefit from the IoT are commonly referred to as Smart Cities. Based on the rise of IoT adoption around the world, future intelligence techniques for megacities will rely, in part, on Smart City technologies. To this end, there is a need for a common framework that captures military operations, urban operations, emergency response operations, and city behavior. By creating such a framework, the sharing of information and common understanding of instabilities in megacities can be recognized and communicated across different operational needs. With a common intelligence framework, a variety of technologies - data analytics, sensor fusion, augmented reality, cyber security, 3D tracking, and predictive modeling - can be developed to provide situational awareness on the many dimensions of megacities.",,Include,
,,,,,,,,,,,,,,
,,,,,,,,,,,,,,
,,,,,,,,,,,,,,
,,,,,,,,,,,,,,
,,,,,,,,,,,,,,
,,,,,,,,,,,,,,
,,,,,,,,,,,,,,
,,,,,,,,,,,,,,
,,,,,,,,,,,,,,
,,,,,,,,,,,,,,
,,,,,,,,,,,,,,
,,,,,,,,,,,,,,
173,A,unknown,MEDIUM,,"REALTIME URBANISM: THE ARCHITECTURE OF PACKETS, PIXELS, AND NEURONS","Lotfi-Jam, Farzin",2025,,MATERIA ARQUITECTURA,,"Realtime systems were originally defined as computers fast enough to affect external processes. This paper reframes realtime not as a technical feature, but as an urban, political, and imperial formation. Tracing its development from imperial communication networks to Cold War defense systems to contemporary digital twins and immersive platforms, it introduces realtime urbanism to describe how computation governs space, perception, and action through synchronized feedback loops. Realtime systems produce a latency-driven epistemology, naturalize control as responsiveness, and collapse deliberation into automation. Their appeal-immediacy, interactivity, extensibility-is inseparable from their limits. Realtime does not solve problems; it organizes the conditions under which they persist.",,Include,
,,,,,,,,,,,,,,
,,,,,,,,,,,,,,
,,,,,,,,,,,,,,
,,,,,,,,,,,,,,
,,,,,,,,,,,,,,
,,,,,,,,,,,,,,
,,,,,,,,,,,,,,
,,,,,,,,,,,,,,
,,,,,,,,,,,,,,
,,,,,,,,,,,,,,
,,,,,,,,,,,,,,
,,,,,,,,,,,,,,
,,,,,,,,,,,,,,
,,,,,,,,,,,,,,
,,,,,,,,,,,,,,
,,,,,,,,,,,,,,
,,,,,,,,,,,,,,
,,,,,,,,,,,,,,
,,,,,,,,,,,,,,
,,,,,,,,,,,,,,
,,,,,,,,,,,,,,
,,,,,,,,,,,,,,
,,,,,,,,,,,,,,
,,,,,,,,,,,,,,
,,,,,,,,,,,,,,
,,,,,,,,,,,,,,
200,A,unknown,HIGH,,Studying Surveillance AI-cologies in Public Safety: How AI Is in the World and the World in AI,"Jacobs, Gabriele; van Houdt, Friso; Coons, Ginger",2024,,SURVEILLANCE & SOCIETY,,"Technological surveillance for the sake of safeguarding public safety (e.g., cameras, sensors, mobile phones, OSINT) pervades the lives of individuals on many levels. In this article, we advance the idea that the addition of AI changes the way surveillance ecologies function and thus deserves to spawn its own concept: the surveillance AI-cology. Surveillance AI-cologies are made up of interconnected collections of disparate actors (technological, human, more -than -human, organisational, etc.), all implicated in AIaided surveillance tasks. They contain not only the usual complexities of any technological ecosystem but also the added complexity of AI, with emergent characteristics, both technically and socially. We argue for the utility of multi -faceted perspectives in doing work within AI-cologies, and we describe (anthropologically inspired) methodology for understanding and unpacking AI surveillance ecosystems. The development of democratically controlled AI surveillance requires the systematic consideration of ethical, legal, and social aspects (ELSA) within the quintuple helix (public, private, civil society, academia, nature). We stress the relevance of clearly defining which perspectives of the quintuple helix are considered in AI surveillance, and which not, to achieve a transparent set of (ELSA) values that guide AI surveillance development and implementation. We provide an example of the way we have developed and applied (some of) these methodologies in the context of a test -site for the development and application of smart city technology, a so-called ""Living Lab."" Here we take the stance of active involvement of academics as ""critical friends"" into complex innovation and assessment processes. Together with our conversation partners in the field, we tease out and reflect upon the (public safety) values embedded in the setup of the Living Lab we explore. We end with a call to understand surveillance AI-cologies not as a problem to be solved, but as a continuing process to be discussed among highly diverse stakeholders.",,Include,
,,,,,,,,,,,,,,
,,,,,,,,,,,,,,
,,,,,,,,,,,,,,
,,,,,,,,,,,,,,
,,,,,,,,,,,,,,
,,,,,,,,,,,,,,
207,A,unknown,MEDIUM,,Hidden in Plain Sight: Toward a Smart Future in Eindhoven,"Figueiredo, Sergio M.; Agyin, Justin",2019,10.1080/20507828.2019.1705558,ARCHITECTURE AND CULTURE,,"With the continuous assertion of Eindhoven as a center of innovation, technology and, more specifically, smart systems, the proliferation of ""smartness"" across the city's built environment continues to increase in both overt and tacit ways. Traces of such a proliferation of ""smartness"" appear dotted throughout the city in the form of cameras and sensors, without much disclosure regarding who owns them and what they are used for. As such, Eindhoven's citizens are subjected to various data-collection systems and living-lab experiments without their knowledge or agreement, as well as without any idea of the potential consequences and implications. This visual essay uncovers some of the traces of ""smartness"" across Eindhoven to reflect on the pervasiveness of ""smartness"" not only as an abstract idea, but also as a way of life and, ultimately, question the normalization of its corresponding mass-surveillance regime.",,Include,
,,,,,,,,,,,,,,
,,,,,,,,,,,,,,
,,,,,,,,,,,,,,
,,,,,,,,,,,,,,
212,A,unknown,HIGH,,THE ROLE OF ADDITIONAL INFORMATION IN OBTAINING INFORMATION,"Budavari, Edina Albinine; Rajnai, Zoltan",2019,10.7906/indecs.17.3.2,INTERDISCIPLINARY DESCRIPTION OF COMPLEX SYSTEMS,,"One of the basic components of the smart city concept is the infocommunication infrastructure. The purpose of the infocommunication system is, among others, to transmit information. Generally, besides the necessary information provided in a transmission, some additional information is displayed as well. In public communication the destination of the information is not a specific person or object. Therefore, additional information can be obtained by anyone. Thus, such additional information facilitates the unwanted acquisition of information and its later use. The present study illustrates the role of additional information in obtaining information through an example of an online game. This game is public, therefore, it is an open source of information. The technology of Open Source Intelligence is one of the basic elements of the social engineering information palette.",,Include,this is Phd -- Confirm with Craig on Monday
,,,,,,,,,,,,,,
,,,,,,,,,,,,,,
,,,,,,,,,,,,,,
,,,,,,,,,,,,,,
,,,,,,,,,,,,,,
,,,,,,,,,,,,,,
,,,,,,,,,,,,,,
220,A,unknown,MEDIUM,,"Surveillance, race, and social sorting in the United Arab Emirates","Ziadah, Rafeef",2024,10.1177/02633957211009719,POLITICS,,"The United Arab Emirates (UAE) has made headlines for its use of mass surveillance technologies against UAE residents, as well as opponents externally. Under the guise of protecting national security, there has been a proliferation of state-led initiatives to monitor public spaces and online activity across the UAE, making the country an important laboratory for advanced surveillance tools. This article takes as a starting point that despite claims to being race-neutral and scientific, surveillance technologies have an embedded racial bias and operate according to context to (re)produce forms of state control and racial social relations. Reviewing the introduction of multiple surveillance technologies, this article traces the rationales used to racially order space and define deviance in the UAE context, emphasising questions of race, migration status and labour, to understand how the state defines, codifies, and regulates an ethno-racial hierarchy.",,Include,
,,,,,,,,,,,,,,
,,,,,,,,,,,,,,
,,,,,,,,,,,,,,
,,,,,,,,,,,,,,
225,A,unknown,MEDIUM,,Digital Tracking - a Matter of National Security?,"Wilhelmsen, Vivi Ringnes",2022,10.23865/intpol.v80.3096,INTERNASJONAL POLITIKK,,"More complex threat actors and risk assessments, e.g., hybrid threats, are often met with calls for increased government surveillance, which is of concern for democratic integrity. The two are therefore often presented as opposite poles. However, surveillance capitalism and the sale of extensive digital profiles can be manipulated and exploited by foreign powers for espionage, sabotage and subversion. The strategic effect is likely to increase as digitalization of governance, Smart Cities and IoT, as well as data storage and processing capacity, increase. The large amount of data can uncover information that should have been subject to clearance, tomorrow's leaders can in theory be tracked from infancy. In essence, the sale of personal data can have strategic effects on national security. As Surveillance capitalisms challenge the government surveillance monopoly, we should view privacy as a collective value for national defense.",,Include,
,,,,,,,,,,,,,,
,,,,,,,,,,,,,,
,,,,,,,,,,,,,,
,,,,,,,,,,,,,,
,,,,,,,,,,,,,,
,,,,,,,,,,,,,,
,,,,,,,,,,,,,,
,,,,,,,,,,,,,,
,,,,,,,,,,,,,,
,,,,,,,,,,,,,,
,,,,,,,,,,,,,,
,,,,,,,,,,,,,,
,,,,,,,,,,,,,,
,,,,,,,,,,,,,,
,,,,,,,,,,,,,,
,,,,,,,,,,,,,,
,,,,,,,,,,,,,,
,,,,,,,,,,,,,,
,,,,,,,,,,,,,,
,,,,,,,,,,,,,,
,,,,,,,,,,,,,,
,,,,,,,,,,,,,,
,,,,,,,,,,,,,,
,,,,,,,,,,,,,,
,,,,,,,,,,,,,,
,,,,,,,,,,,,,,
,,,,,,,,,,,,,,
,,,,,,,,,,,,,,
,,,,,,,,,,,,,,
,,,,,,,,,,,,,,
,,,,,,,,,,,,,,
,,,,,,,,,,,,,,
,,,,,,,,,,,,,,
259,A,unknown,MEDIUM,,Cybersecurity as a Politikum: Implications of Security Discourses for Infrastructures,"Fichtner, Laura; Pieters, Wolter; Teixeira, Andre",2016,10.1145/3011883.3011887,PROCEEDINGS OF THE 2016 NEW SECURITY PARADIGMS WORKSHOP (NSPW'16),,"In the cybersecurity community it is common to think of security as a design feature for systems and infrastructures that may be difficult to balance with other requirements. What is less studied is how security requirements come about, for which reasons, and what their influence is on the actions the system facilitates. Security is for example often used as an argument for or against granting access rights that are of importance to stakeholders, such as in the discussion on counterterrorism and privacy. This paper argues that the ongoing politicization of security issues calls for a paradigm to study cybersecurity as a Politikum: a matter of political concern, embedded in existing and future infrastructures. We summarize literature which inspired this paper and explain the role of security arguments for infrastructure governance. Then we outline the new paradigm and its core concepts and contribution, including the notion of framing. Finally, we present discourse analysis and infrastructure ethnography as research methods and discuss cases in which discourses (may) shape infrastructures, in particular smart cities.",,Include,
,,,,,,,,,,,,,,
,,,,,,,,,,,,,,
262,A,unknown,LOW,,"Urban military geographies: New directions in the (re)production of space, militarism, and the urban","Spanu, Giacomo",2023,10.1111/gec3.12727,GEOGRAPHY COMPASS,,"Armed forces in urban areas are a very visible source of socio-spatial and urban change. Even in contemporary cities 'at peace', this presence and ensuing changes can be wide-ranging, evident across infrastructure, organisations, narratives of place, events, and everyday activities. Although over the past 2 decades critical military studies and urban geopolitics have explored some of these themes, an urban studies perspective on such military geographies in peacetime has elicited far less attention. The aim of this article is to open up opportunities for deeper conceptualisation and research on urban military geographies. This article establishes a dialogue between critical military studies and urban geopolitics, to review the different dimensions of the influence of a military presence in urban space, and to provide a synthesis of these two bodies of literature. Using Lefebvre's dialectical theory of spatial production, this review shows how cities can be privileged spaces for the reproduction of militarism and preparation for war. Moreover, it examines how the presence of military forces in peacetime can influence the material and immaterial production of urban space.",,Include,
263,A,unknown,MEDIUM,,Your face is not new to me-Regulating the surveillance power of facial recognition technologies,"Mobilio, Giuseppe",2023,10.14763/2023.1.1699,INTERNET POLICY REVIEW,,"Facial recognition technologies (FRTs) represent one of the cutting-edge applications of artificial intelligence and big data for surveillance purposes. The uses of these biometric technologies are widespread in our cities. However, they may result in serious abuses against the rights of people and minorities, or even in new kinds of mass surveillance. The article focuses on ""real-time"" and ""live"" use by law enforcement authorities, one of the most discussed deployments of FRTs. The analysis addresses, from a constitutional point of view, whether banning these technologies is inevitable, or whether it is possible to regulate them in a way that allows their use while protecting the fundamental rights at stake and preserving democratic order and the rule of law. The principle of proportionality is the standard for defining appropriate regulatory measures. The article starts off by providing an overview of how FRTs work and some of the consequent ethical, technical, societal and legal concerns that arise. It then provides a critical analysis of EU data protection legislation and the AI Act proposal to examine their strengths and shortcomings in addressing the proportionate use of FRTs.",,Include,
,,,,,,,,,,,,,,
,,,,,,,,,,,,,,
,,,,,,,,,,,,,,
,,,,,,,,,,,,,,
,,,,,,,,,,,,,,
,,,,,,,,,,,,,,
,,,,,,,,,,,,,,
,,,,,,,,,,,,,,
272,A,unknown,MEDIUM,,A Crowdsensing Platform for Mass Surveillance,"Nagy, Attila Matyas; Simon, Vilmos",2016,,PROCEEDINGS OF ELMAR 2016 - 58TH INTERNATIONAL SYMPOSIUM ELMAR 2016,,"Nowadays festivals and city events attract huge number of visitors and unfortunately in large masses a minor panic could have incalculable consequences despite of the organizers' efforts to do everything for participants' safety. Therefore we have developed an integrated mass surveillance system based on crowdsensing data, where the system helps authorities and organizers in information gathering about the actual dynamics of the crowd. Based on real time and representative information, they are able to perform fast and targeted interventions.",,Include,
,,,,,,,,,,,,,,
,,,,,,,,,,,,,,
,,,,,,,,,,,,,,
,,,,,,,,,,,,,,
,,,,,,,,,,,,,,
,,,,,,,,,,,,,,
,,,,,,,,,,,,,,
,,,,,,,,,,,,,,
,,,,,,,,,,,,,,
,,,,,,,,,,,,,,
,,,,,,,,,,,,,,
,,,,,,,,,,,,,,
285,A,unknown,LOW,,Urban Operating Systems: Diagramming the City,"Marvin, Simon; Luque-Ayala, Andres",2017,10.1111/1468-2427.12479,INTERNATIONAL JOURNAL OF URBAN AND REGIONAL RESEARCH,,"A set of software/hardware packages developed by IT companies for the urban market is transforming the way in which cities are imagined and configured. These urban operating systems (Urban OS) embody important presumptions about what constitutes appropriate knowledge and forms of decision making, pointing to how novel forms of smart' or computational' urbanism may govern urban life. Arguing that an analysis of the interface between the urban and IT requires a broader historical and theoretical perspective, the article traces the ways in which the city has been diagrammed as a space of power since the nineteenth century and highlights the antecedents of Urban OS present across different domains of lifeparticularly in military and corporate enterprises. Relaying the urban as an efficient logistical enterprise, and operating as a piloting device (Deleuze and Guattari, 1987), the Urban OS appears as an emerging urban diagram introducing an informational diagrammatic of control. We focus on five archetypal framings of how Urban OS envision the city, illustrating how a new corporate rationality of control based on functional simplification and heterogeneous reintegration seeks to take hold in the city (via re-engineering, agility, modularity, flexibility and configurability).",,Include,
,,,,,,,,,,,,,,
,,,,,,,,,,,,,,
,,,,,,,,,,,,,,
,,,,,,,,,,,,,,
290,A,unknown,MEDIUM,,Citizens Surveillance - New Trends and Scenarios on the Future of Smart Societies,"Vrabie, Catalin; Neginraz, Parvin",2020,,PROCEEDINGS OF 7TH ACADEMOS CONFERENCE 2020 INTERNATIONAL CONFERENCE: POLITICS AND KNOWLEDGE: NEW TRENDS IN SOCIAL RESEARCH,,"Some of the most important inventions of the last century are the computer, the Internet and, not least, the mobile phone. These have completely changed the world we live in.Understanding their ability to collect data and information about anyone and everyone, they proved to be the perfect tools for mass surveillance. Often the media presents articles written as a result of data leaks within public institutions or private companies, data that has the power to alter the safety of citizens. This article intends to present some of the most notorious examples found on the media that support the above statement. Moreover, if we are to look back at George Orwell's predictions about surveillance, we realize that he was an optimist. Today we are witnessing the pursuit of the individual on a much larger scale than Orwell could have imagined.We will first begin by presenting the Edward Snowden case, former CIA employee and government contractor for Booz Allen Hamilton, who publicly disclosed information about mass surveillance, and, based on this and few other similar cases, we want to raise awareness regarding the very unstable equilibrium between security and privacy in the new era of smart states and communities.The article is presented as an essay.",,Include,found it here --> https://www.researchgate.net/publication/347445251_Citizens_Surveillance_-_New_Trends_and_Scenarios_on_the_Future_of_Smart_Societies
,,,,,,,,,,,,,,
,,,,,,,,,,,,,,
,,,,,,,,,,,,,,
,,,,,,,,,,,,,,
,,,,,,,,,,,,,,
,,,,,,,,,,,,,,
,,,,,,,,,,,,,,
,,,,,,,,,,,,,,
,,,,,,,,,,,,,,
,,,,,,,,,,,,,,
,,,,,,,,,,,,,,
,,,,,,,,,,,,,,
,,,,,,,,,,,,,,
,,,,,,,,,,,,,,
,,,,,,,,,,,,,,
,,,,,,,,,,,,,,
,,,,,,,,,,,,,,
308,A,unknown,HIGH,smart_city,Territorialising the cloud or clouding the territory? Volumetric vulnerabilities and the militarised conjunctures of Singapore's smart city-state,"Woods, Orlando; Bunnell, Tim; Kong, Lily",2024,10.1016/j.polgeo.2024.103211,POLITICAL GEOGRAPHY,,"This article explores how the volumetric characteristics of cloud computing can create new expressions of territoriality, which in turn can reveal new axes of vulnerability and threat. Whilst recent work in political geography has sought to ""locate"" the cloud through analyses of data centre geographies and data-driven processes of smart urbanism, we look beyond the material plane and consider the amorphous territorialities of voluminous data instead. As much as these data are acted on by the legal-regulatory mechanics of the state in a bid to territorialise them, so too do these data volumes serve to cloud, and thus obscure, territory. Processes of territorialising and clouding exist in a state of dialectical tension with each other, and reveal the volumetric vulnerabilities of cloud computing. We validate these theoretical claims through an analysis of in-depth interviews with senior stakeholders in Singapore's Smart Nation initiative. In Singapore, defending the city is equivalent to defending the nation, which causes the military to play an outsized role in securing the city-state. We consider how the attack surface of the city becomes a more voluminous construct with cloud computing, how strategies of geofencing attempt to secure the cloud, and how these processes reveal the increasingly militarised conjunctures of everyday life. Overall, these insights reveal a need for political geography to continually evolve its theoretical premises in line with the rapid digitalisation of the world.",,Include,
,,,,,,,,,,,,,,
,,,,,,,,,,,,,,
,,,,,,,,,,,,,,
,,,,,,,,,,,,,,
,,,,,,,,,,,,,,
,,,,,,,,,,,,,,
,,,,,,,,,,,,,,
,,,,,,,,,,,,,,
,,,,,,,,,,,,,,
,,,,,,,,,,,,,,
,,,,,,,,,,,,,,
,,,,,,,,,,,,,,
,,,,,,,,,,,,,,
,,,,,,,,,,,,,,
,,,,,,,,,,,,,,
,,,,,,,,,,,,,,
,,,,,,,,,,,,,,
,,,,,,,,,,,,,,
,,,,,,,,,,,,,,
328,A,unknown,LOW,,Digital cities and their commercial aesthetics: The celebration of monarchy in Bangkok,"Isaacs, Bronwyn",2025,10.1177/00420980251363790,URBAN STUDIES,,"This article argues that the expanding role of digital urban infrastructure in Bangkok has revitalised a visual aesthetic designed to uphold royal authority. This royal aesthetic permeates in intimate and widespread areas of city design and urban life, particularly in regard to everyday consumption. The article examines how digital infrastructures facilitate a cheap and efficient continuation of long-standing practices of publicising royal imagery. This politicised practice visually marks Bangkok with a conservative vision of Thainess inextricably tied to monarchy. The article engages with scholarly critiques of 'smart cities', scholarship of digital city imaginaries and the study of urban authoritarianism in Bangkok. Based in a visual anthropological approach, the article draws on ethnographic research, both in person and digital, to analyse digital visual propaganda including a campaign called The Pride of Thailand, eulogistic celebrations of King Bhumibol following his death and birthday celebrations of King Vajiralongkorn. The article argues that in Bangkok, digital infrastructures provide an efficient and cost-effective aesthetic that renders urban inequality ordinary and bolster monarchical authority. Owing to the commercial basis of many mainstream digital infrastructures, these images are circulated regardless of consumers' political preferences. The everyday encounters with images of the monarchy in commercial spaces and online platforms thus serve as an intimate and unavoidable imposition of royal influence.(sic)(sic)(sic)(sic),(sic)(sic)(sic)(sic)(sic)(sic)(sic)(sic)(sic)(sic)(sic)(sic)(sic)(sic)(sic)(sic)(sic),(sic)(sic)(sic)(sic)(sic)(sic)(sic)(sic)(sic)(sic)(sic)(sic)(sic)(sic)(sic)(sic)(sic)(sic).(sic)(sic)(sic)(sic)(sic)(sic)(sic)(sic)(sic)(sic)(sic)(sic)(sic)(sic)(sic)(sic)(sic)(sic)(sic)(sic)(sic)(sic)(sic)(sic)(sic)(sic)(sic)(sic)(sic)(sic),(sic)(sic)(sic)(sic)(sic)(sic)(sic)(sic)(sic)(sic).(sic)(sic)(sic)(sic)(sic)(sic)(sic)(sic)(sic)(sic)(sic)(sic)(sic)(sic)(sic)(sic)(sic),(sic)(sic)(sic)(sic)(sic)(sic)(sic)(sic)(sic)(sic)(sic)(sic)(sic)(sic)(sic)(sic)(sic)(sic)(sic)(sic).(sic)(sic)(sic)(sic)(sic)(sic)(sic)(sic)(sic)(sic)(sic)(sic)(sic)(sic)(sic)(sic)(sic)(sic)(sic)(sic)(sic)(sic)(sic)(sic)(sic)(sic)(sic)(sic)(sic)(sic)(sic)(sic)(sic)(sic)(sic)(sic).(sic)(sic)(sic)(sic)(sic)""(sic)(sic)(sic)(sic)""(sic)(sic)(sic)(sic)(sic),(sic)(sic)(sic)(sic)(sic)(sic)(sic)(sic)(sic)(sic)(sic)(sic)(sic)(sic)(sic)(sic)(sic)(sic)(sic)(sic)(sic)(sic)(sic)(sic)(sic).(sic)(sic)(sic)(sic)(sic)(sic)(sic)(sic)(sic)(sic)(sic)(sic)(sic)(sic),(sic)(sic)(sic)(sic)(sic)(sic)(sic)(sic)(sic)(sic)(sic)(sic)(sic),(sic)(sic)(sic)(sic)(sic)(sic)(sic)(sic)(sic),(sic)(sic)(sic)(sic)""(sic)(sic)(sic)(sic)(sic)""(sic)(sic)(sic),(sic)(sic)(sic)(sic)(sic)(sic)(sic)(sic)(sic)(sic)(sic)(sic)(sic)(sic)(sic)(sic)(sic)(sic)(sic)(sic)(sic)(sic)(sic)(sic)(sic)(sic)(sic)(sic)(sic).(sic)(sic)(sic)(sic),(sic)(sic)(sic),(sic)(sic)(sic)(sic)(sic)(sic)(sic)(sic)(sic)(sic)(sic)(sic)(sic)(sic)(sic)(sic)(sic),(sic)(sic)(sic)(sic)(sic)(sic)(sic)(sic)(sic)(sic),(sic)(sic)(sic)(sic)(sic)(sic)(sic)(sic).(sic)(sic)(sic)(sic)(sic)(sic)(sic)(sic)(sic)(sic)(sic)(sic)(sic)(sic)(sic)(sic)(sic)(sic),(sic)(sic)(sic)(sic)(sic)(sic)(sic)(sic)(sic)(sic)(sic)(sic),(sic)(sic)(sic)(sic)(sic)(sic)(sic)(sic)(sic).(sic)(sic),(sic)(sic)(sic)(sic)(sic)(sic)(sic)(sic)(sic)(sic)(sic)(sic)(sic)(sic)(sic)(sic)(sic)(sic)(sic)(sic)(sic)(sic),(sic)(sic)(sic)(sic)(sic)(sic)(sic)(sic)(sic)(sic)(sic)(sic)(sic)(sic)(sic)(sic)(sic)(sic)(sic)(sic).",,Include,
,,,,,,,,,,,,,,
,,,,,,,,,,,,,,
,,,,,,,,,,,,,,
,,,,,,,,,,,,,,
,,,,,,,,,,,,,,
,,,,,,,,,,,,,,
,,,,,,,,,,,,,,
,,,,,,,,,,,,,,
,,,,,,,,,,,,,,
,,,,,,,,,,,,,,
,,,,,,,,,,,,,,
,,,,,,,,,,,,,,
,,,,,,,,,,,,,,
,,,,,,,,,,,,,,
343,A,unknown,MEDIUM,,"Tweets of surveillance: Traffic, Twitter, and securitization in Beirut, Lebanon","Monroe, Kristin V.",2017,10.1177/1463499617729296,ANTHROPOLOGICAL THEORY,,"More than a decade ago, Akhil Gupta and James Ferguson set out to define a research program with their essay 'Spatializing States: Toward an Ethnography of Neoliberal Governmentality' (2002). Exploring the relation between what they referred to as 'the spatial and statist orders,' they argued that conceptualizations of the nature of the state have not attended adequately to the ways in which states are spatialized and endeavored to show, through ethnography, how people come to experience the state as an entity with certain spatial characteristics and properties. Building on these ideas, but also moving beyond their taken-for-granted assumptions about the state's spatiality, this essay makes use of one ethnographic case example in an effort to offer a fine-grained illustration of the spatial dimensions of the project of state securitization in the urban landscape. I do this by looking closely at the field of urban mobility in Beirut, Lebanon, and the Twitter account for the city's Traffic Management Center, launched in late 2013 by the Ministry of Interior. Through my analysis of the spatial modes of statecraft that are produced through this Twitter account, I develop an argument about how the social media technology of Twitter serves as a portal through which to view how the state secures its legitimacy and naturalizes its authority in both virtual and physical space, while, at the same time, this technology - if only fleetingly - can be harnessed to issue challenges to this legitimacy and authority. What is at stake in the Traffic Management Center's Twitter account, I suggest, is the production of the state as an entity that is not just powerful in the sense of being vertical to society and encompassing of urban space, but the very idea that the state offers security and protection to its citizens.",,Include,
,,,,,,,,,,,,,,
,,,,,,,,,,,,,,
,,,,,,,,,,,,,,
,,,,,,,,,,,,,,
,,,,,,,,,,,,,,
,,,,,,,,,,,,,,
,,,,,,,,,,,,,,
,,,,,,,,,,,,,,
,,,,,,,,,,,,,,
,,,,,,,,,,,,,,
,,,,,,,,,,,,,,
,,,,,,,,,,,,,,
356,A,unknown,LOW,,Roads Infrastructure Digital Twin: A Step Toward Smarter Cities Realization,"El Marai, Oussama; Taleb, Tarik; Song, LaeSeung",2021,10.1109/MNET.011.2000398,IEEE NETWORK,,"Digital Twin is a new concept that consists of creating an up-to-date virtual asset in cyberspace which mimics the original physical asset in most of its aspects, ultimately to monitor, analyze, test, and optimize the physical asset. In this article, we investigate and discuss the use of the digital twin concept of the roads as a step toward realizing the dream of smart cities. To this end, we propose the deployment of a Digital Twin Box to the roads that is composed of a 360 degrees camera and a set of IoT devices connected to a Single Onboard Computer. The Digital Twin Box creates a digital twin of the physical road asset by constantly sending real-time data to the edge/cloud, including the 360 degrees live stream, GPS location, and measurements of the temperature and humidity. This data will be used for realtime monitoring and other purposes by displaying the live stream via head-mounted devices or using a 360 degrees web-based player. Additionally, we perform an object detection process to extract all possible objects from the captured stream. For some specific objects (person and vehicle), an identification module and a tracking module are employed to identify the corresponding objects and keep track of all video frames where these objects appeared. The outcome of the latter step would be of utmost importance to many other services and domains such as national security. To show the viability of the proposed solution, we have implemented and conducted real-world experiments where we focus more on the detection and recognition processes. The achieved results show the effectiveness of the proposed solution in creating a digital twin of the roads, a step forward to enable self-driving vehicles as a crucial component of smart mobility, using the Digital Twin Box.",,Include,
,,,,,,,,,,,,,,
,,,,,,,,,,,,,,
,,,,,,,,,,,,,,
,,,,,,,,,,,,,,
,,,,,,,,,,,,,,
362,A,unknown,MEDIUM,,Emerging Technologies in Local Government: A Systematic Literature Review Using the PRISMA Methodology,"Valle-Cruz, David; Gil-Garcia, Jose Ramon",2022,10.1080/14719037.2020.1838787,REVISTA MEXICANA DE ANALISIS POLITICO Y ADMINISTRACION PUBLICA,,"Emerging technologies have the potential to transform public administration in unimaginable ways. In this regard, this paper aims to analyze emerging technologies in local governments using the PRISMA methodology. The questions guiding the research are: what are the emerging technologies used by local governments? And what are the challenges and consequences of using emerging technologies in local governments? The findings show three types of emerging technologies: 1) Basic (such as mobile technology, Web 2.0, websites and ICT), 2) Cutting edge (such as Blockchain, artificial intelligence, Big Data, and Internet of things) and 3) Specific and applied to smart cities, urban agriculture, environmental awareness, and telehealth. Although the implementation of emerging technologies can result in benefits for the public sector, one of the challenges lies in bridging the gap between technology developers and decision makers. Also, the inscrutable status of some algorithms and the mass surveillance capabilities of some emerging technologies threaten the freedom of societies and may dehumanize some processes in the public sector.",,Include,
,,,,,,,,,,,,,,
,,,,,,,,,,,,,,
,,,,,,,,,,,,,,
,,,,,,,,,,,,,,
,,,,,,,,,,,,,,
,,,,,,,,,,,,,,
,,,,,,,,,,,,,,
,,,,,,,,,,,,,,
,,,,,,,,,,,,,,
,,,,,,,,,,,,,,
,,,,,,,,,,,,,,
,,,,,,,,,,,,,,
,,,,,,,,,,,,,,
,,,,,,,,,,,,,,
,,,,,,,,,,,,,,
,,,,,,,,,,,,,,
,,,,,,,,,,,,,,
,,,,,,,,,,,,,,
,,,,,,,,,,,,,,
,,,,,,,,,,,,,,
,,,,,,,,,,,,,,
,,,,,,,,,,,,,,
,,,,,,,,,,,,,,
,,,,,,,,,,,,,,
,,,,,,,,,,,,,,
,,,,,,,,,,,,,,
,,,,,,,,,,,,,,
,,,,,,,,,,,,,,
,,,,,,,,,,,,,,
,,,,,,,,,,,,,,
,,,,,,,,,,,,,,
,,,,,,,,,,,,,,
,,,,,,,,,,,,,,
,,,,,,,,,,,,,,
,,,,,,,,,,,,,,
,,,,,,,,,,,,,,
,,,,,,,,,,,,,,
,,,,,,,,,,,,,,
,,,,,,,,,,,,,,
,,,,,,,,,,,,,,
,,,,,,,,,,,,,,
,,,,,,,,,,,,,,
,,,,,,,,,,,,,,
,,,,,,,,,,,,,,
,,,,,,,,,,,,,,
,,,,,,,,,,,,,,
,,,,,,,,,,,,,,
,,,,,,,,,,,,,,
,,,,,,,,,,,,,,
,,,,,,,,,,,,,,
,,,,,,,,,,,,,,
,,,,,,,,,,,,,,
,,,,,,,,,,,,,,
,,,,,,,,,,,,,,
,,,,,,,,,,,,,,
,,,,,,,,,,,,,,
,,,,,,,,,,,,,,
,,,,,,,,,,,,,,
,,,,,,,,,,,,,,
,,,,,,,,,,,,,,
,,,,,,,,,,,,,,
,,,,,,,,,,,,,,
,,,,,,,,,,,,,,
,,,,,,,,,,,,,,
,,,,,,,,,,,,,,
,,,,,,,,,,,,,,
,,,,,,,,,,,,,,
,,,,,,,,,,,,,,
,,,,,,,,,,,,,,
,,,,,,,,,,,,,,
,,,,,,,,,,,,,,
,,,,,,,,,,,,,,
,,,,,,,,,,,,,,
,,,,,,,,,,,,,,
,,,,,,,,,,,,,,
,,,,,,,,,,,,,,
,,,,,,,,,,,,,,
,,,,,,,,,,,,,,
441,A,unknown,HIGH,,CollectiveOS Exobody Node Program (IX-1): A Comprehensive Technical and Operational Analysis of the First Civilian-Legal Telepresence Platform,"Brewer, Mark Anthony",2025,10.5281/ZENODO.17768652,Zenodo,,"CollectiveOS Exobody Node Program (IX-1): A Comprehensive Technical and Operational Analysis of the First Civilian-Legal Telepresence Platform 1. Introduction: The Post-Autonomous Paradigm �� The trajectory of modern robotics has largely been defined by two divergent vectors: the pursuit of unrestricted autonomous lethality in the defense sector, and the race for data-extractive surveillance in the consumer market. The CollectiveOS Exobody Node Program (IX-1) emerges as a distinct third vector, rejecting both militarization and surveillance capitalism in favor of a new paradigm: Human-Centric Augmentation. Authored by Mark Anthony Brewer under the aegis of Immortal Tek Inc. and the CollectiveOS initiative, the IX-1 represents the flagship implementation of the ""Exobody"" concept-a modular, distributed robotic organism designed not to replace the human operator, but to extend their sensory and kinetic agency into hazardous environments.1 Unlike autonomous systems that seek to remove the ""human in the loop"" to increase reaction speed or reduce ethical hesitation, the IX-1 is engineered to keep the human firmly in the loop, mediated by a high-fidelity Neural Control Pipeline (NCP).2 This report provides an exhaustive analysis of the IX-1 system architecture, spanning its neural input mechanisms, multi-agent cognitive governance, and ""Blue Shelf"" hardware integration strategy. It serves as the definitive technical reference for the v1.0 launch, documenting how the system achieves its ""Civilian-Legal"" status through a unique combination of sub-249g aviation compliance, NIJ-inspired certification protocols, and the immutable audit trails of the Proof Vault.1 �� 1.1 The Philosophy of ""Certification-First"" Robotics �� A critical differentiator of the Exobody Program is its lineage. It inherits the regulatory and ethical logic of the CollectiveOS Protective Wear & Exosuit Program.3 In that domain, equipment is governed by life-critical standards such as NIJ 0101.07 for ballistic resistance and NIJ 0123.00 for threat nomenclature. The Exobody Program transposes this ""Certification-First"" mentality onto robotics. Just as a ballistic plate is certified to stop a specific caliber, the IX-1 is certified to operate within specific ""Risk Envelopes."" The system utilizes a Digital Product Passport (DPP) for every node, ensuring that the hardware provenance-from the Potensic ATOM drone motors to the LOKMAT wrist processor-is traceable and verified against a ""Clean Supply Chain"" standard.3 This stands in stark contrast to the ""move fast and break things"" ethos of Silicon Valley robotics; here, the mandate is to move deliberately and prove safety via cryptographic logging. �� 1.2 The ""Unreadable Machine"" and Privacy Sovereignty �� Central to the IX-1's value proposition is the concept of the ""Unreadable Machine,"" a privacy architecture designed to function in high-trust environments like the ""Tea House"" or ""Village Node"".4 In an era where ""smart"" devices are often Trojan horses for data exfiltration, the IX-1 operates on a Local-First basis. Sensitive operational data-such as video feeds from inside a private residence during a safety inspection-is processed locally on the Galaxy Fold 7 computation node. The governance agent, Cypher, enforces a ""Zero Trust"" policy on data egress. Utilizing Privacy-Preserving Federated Learning (PPFL) and potentially Fully Homomorphic Encryption (FHE), the system ensures that while the insights (e.g., ""crack detected in wall"") can be shared with the CollectiveOS network for model improvement, the raw biometric or spatial data remains cryptographically sealed within the user's local Proof Vault.4 This ensures that the IX-1 serves the user, not the vendor. �� �� 2. System Architecture: The Distributed Exosystem �� The IX-1 is not a monolithic robot; it is a distributed ""exosystem"" comprising three distinct physical domains-Neural, Ground, and Air-linked by a unified software nervous system. This modularity allows for ""Blue Shelf"" resilience, meaning the system can be repaired or upgraded using widely available consumer electronics rather than specialized, proprietary aerospace components. �� 2.1 Layer 1: The Human Neural Mesh �� The control station is wearable, eliminating the need for cumbersome Ground Control Stations (GCS) or fragile tablets. The ""Mesh"" forms a closed-loop bio-digital circuit. �� 2.1.1 Mudra Band: The Intention Interface �� The primary input mechanism is the Mudra Band.6 Unlike optical hand tracking, which suffers from occlusion and requires the hands to be held up in the field of view of a camera, the Mudra utilizes Surface Nerve Conduction (SNC) sensors. Mechanism of Action: The SNC sensors detect the biopotential signals traveling through the ulnar, median, and radial nerves at the wrist before they trigger muscle contraction. This ""Pre-Motion"" detection reduces input latency by approximately 10-30 milliseconds compared to mechanical actuation, a critical margin for stabilizing a drone in turbulent air.6 The ""Shift-Key"" Cognitive Model: To control two robotic bodies (Rover and Drone) with a single hand, the NCP v1.0 employs a ""Clutch"" paradigm. A ""Pinch"" gesture (Index + Thumb) acts as a mode switch. Clutch Released: Gestures map to the Ground Rover (e.g., wrist tilt drives the chassis). Clutch Held: Gestures map to the Aerial Drone (e.g., wrist tilt pitches the gimbal). Connectivity: The Mudra connects via Bluetooth Low Energy (BLE) as a Human Interface Device (HID), allowing it to interface directly with the LOKMAT watch or Galaxy Fold with minimal protocol overhead.6 �� 2.1.2 LOKMAT 4G Wrist Kernel: The Reflex Ganglion �� The LOKMAT APPLLP series smartwatch serves as the system's ""Reflex Ganglion"".9 In biological terms, reflexes (like pulling a hand away from fire) are handled by the spinal cord, not the brain, to save time. Similarly, the LOKMAT handles ""Reflex"" commands. Hardware Specifications: Powered by a MediaTek chipset (e.g., MT6765) and running a full Android OS (versions 9.0 through 11), the LOKMAT is not merely a notification display but a fully functional computational node on the user's wrist.9 Operational Role: It runs a lightweight CollectiveOS daemon that intercepts Mudra packets. Critical safety commands, such as ""Emergency Halt"" (Fist Clench), are routed directly from the Watch to the Robot via local Wi-Fi Direct or UDP broadcast, bypassing the potentially congested high-level logic of the main phone processor. This ensures that safety stops are executed with deterministic latency. Telemetry Redundancy: With its independent 4G/LTE SIM slot, the LOKMAT provides a ""Dead Man's Switch"" communications channel. If the main Wi-Fi link between the Galaxy Fold and the Robot is jammed or severed, the Watch can send a ""Return to Home"" command via cellular network, provided the robot is within cell tower range.11 �� 2.1.3 Galaxy Fold 7: The Cortex Node �� The Samsung Galaxy Fold 7 acts as the ""Cortex,"" hosting the heavy cognitive load of the Multi-Agent System.13 Compute Substrate: Leveraging the Snapdragon 8 Gen 4 (or equivalent 2025 flagship silicon), the Fold processes the visual SLAM algorithms, runs the local LLM for the Giles agent, and manages the Proof Vault encryption. Multitasking Interface: The Fold's expansive 7.6-inch inner display is utilized to render the ""Mission Control"" dashboard. Android 16's advanced window management allows the operator to view the Potensic Pro drone feed, the Rollo 360 situational map, and the Agent chat log simultaneously.14 Local Sovereignty: Consistent with the ""Unreadable Machine"" ethos, the Fold stores all mission data on its internal 512GB/1TB UFS 4.0 storage, encrypted at rest. No data leaves the device unless the Cypher agent signs a specific export request. �� 2.1.4 TQSKY T1 / Oakley AR: The Retinal HUD �� Visual feedback is decoupled from the handheld device and projected directly onto the user's retina via TQSKY T1 or Oakley smart glasses.15 Immersion vs. Awareness: The TQSKY T1 features dual 1920x1080 Micro-OLED panels, simulating a 150-inch display. Unlike VR headsets that blind the user to their surroundings, the AR form factor allows for ""Situational Awareness."" The operator can see the drone feed in the center of their vision while retaining peripheral vision of their own physical environment-crucial for safety in field operations where the operator might be standing on uneven terrain or near hazards. Privacy Profile: The ""Sunglasses"" aesthetic of the TQSKY T1 allows the operator to work in public spaces without drawing the attention associated with bulky VR goggles, maintaining a ""low signature"" profile that aligns with civilian-compliant operations.16 �� �� 3. The Ground Node: The Rover Chassis and Rollo Cortex �� The Ground Body is the ""Carrier"" and ""Base Station"" of the organism. It is designed for endurance, payload capacity, and situational persistence. �� 3.1 Chassis Architecture and Mobility �� The rover utilizes a consumer-grade, off-road rock crawler chassis as its base. This choice aligns with the CollectiveOS principle of using ""Blue Shelf"" hardware-components that are widely available, easily repairable, and non-restricted. Suspension: Long-travel oil-filled shocks and high-traction tires allow the rover to traverse gravel, construction debris, and tall grass. Vibration Isolation: The sensor mast and drone pad are mounted on wire-rope isolators to decouple the high-frequency vibrations of the ground motors from the sensitive optics of the cameras and the IMU of the drone. �� 3.2 The Rollo 360 Cortex: Spherical Perception �� The primary sensory organ of the rover is the Rollo 360 Camera System.18 While ""Rollo"" references legacy camera tech or specific robotic research platforms in the snippets, in the IX-1 architecture, it represents a custom integration of 360-degree imaging sensors (akin to Ricoh Theta or Insta360 modules) running CollectiveOS firmware. The ""Situational Cortex"": The 360-degree feed allows the operator to look in any direction regardless of the rover's travel vector. This separates ""Navigation"" (driving forward) from ""Inspection"" (looking sideways at a pipe). SLAM and Spatial Memory: The video feed is fed into a Simultaneous Localization and Mapping (SLAM) algorithm running on the Galaxy Fold. This builds a sparse 3D point cloud of the environment. The Syn agent ""tags"" this map with semantic data (e.g., ""Doorway,"" ""Obstacle,"" ""Thermal Anomaly""), creating a persistent spatial memory that allows the robot to ""remember"" locations for future patrols.4 Reflexive Avoidance: The Rollo system provides 360-degree obstacle detection. If a person approaches the rover from behind, the camera detects the motion, and the LOKMAT Reflex Layer triggers a ""Halt"" or ""Slow Down"" command to prevent collision, even if the operator is looking forward.20 �� 3.3 Forward Vision Layer �� Complementing the spherical view is a fixed, forward-facing GoPro (Hero 12/13 generation). Role: This camera provides the high-framerate, stabilized ""Driver's View."" Its HyperSmooth stabilization is essential for preventing operator nausea during rough terrain traversals. Data Quality: It serves as the primary ""Evidence Gatherer,"" capturing 5.3K linear footage that can be reviewed for minute details (e.g., reading a pressure gauge or identifying a license plate) that the lower-resolution 360 camera might miss. �� �� 4. The Aerial Node: Potensic ATOM and the 10m/s), GATA triggers a ""Safety Reflex."" It might restrict the drone's max speed or force a descent to a lower altitude. �� 8.3 GATA PRIME: The Human Key �� For critical actions-such as flying beyond visual line of sight (BVLOS) in an emergency or overriding a soft geofence-the system invokes GATA PRIME. Mechanism: This requires a ""Two-Factor"" authorization. The operator must perform a specific, complex gesture sequence on the Mudra Band and confirm via a biometric scan on the Galaxy Fold or LOKMAT. Accountability: This action is logged with a special ""PRIME"" flag in the Proof Vault. It signifies that the human operator has explicitly assumed full liability for the subsequent actions, overriding the AI's safety recommendations. �� �� 9. Roadmap: Evolution of the Exobody Lineage �� The IX-1 is the foundational node. The roadmap outlines the path toward greater integration and material sophistication. �� 9.1 Phase 1: Prototype Assembly (Q4 2025) �� Focus: Integration of the ""Blue Shelf"" stack. validating the NCP v1.0 gesture library and the LOKMAT reflex latency. Milestone: Successful field test of the ""Handover"" maneuver (launching and landing the drone from the moving rover). �� 9.2 Phase 2: Autonomous Safety Layer (Q2 2026) �� Focus: Software maturity. Deployment of the full Cypher policy engine and Syn spatial memory. Feature: ""Reflexive Swarm Defense."" The ability for the rover and drone to coordinate automatically to track a fast-moving subject without operator input (e.g., keeping a subject in frame for cinematography or evidence gathering). �� 9.3 Phase 3: The Immortal Exobody IX-2 (2027) �� Focus: Hardware Sovereignty. Upgrade: Replacement of the Potensic airframe with a custom CollectiveOS drone built using Orichalcum-X and Brewtanium-Q alloys (advanced, AI-generated materials from the Immortal Tek labs).1 Goal: A ""Born-Certified"" drone that natively integrates into the Proof Vault at the firmware level, eliminating the need for the ""Visual Wrapping"" workaround used with the Potensic. �� �� 10. Conclusion: The Beginning of the Lineage �� The CollectiveOS Exobody Node Program (IX-1) is more than a collection of gadgets; it is a statement of intent. It asserts that the future of robotics need not be defined by the lethal autonomy of the battlefield or the privacy-eroding surveillance of the smart city. By fusing the intuitive, neural-linked control of the Mudra Band with the resilient, civilian-legal hardware of the Potensic ATOM and LOKMAT watch, the IX-1 creates a ""Second Body"" for the operator. This body is governable, accountable, and capable. It extends the protective sphere of the human operator, allowing them to act as a guardian of their environment without putting their physical self in harm's way. Under the CollectiveOS Open Science Protective License, the IX-1 is released not as a product, but as a platform-a ""Village Node"" around which a new practice of humane, civilian robotics can be built. �� �� 11. Technical Appendix: Component Specifications & Integration Data 11.1 Aerial Node: Potensic ATOM �� Specification Value Relevance to IX-1 Program Takeoff Weight Copyright: CollectiveOS Open Science Protective License ��� Non-Commercial Edition (COS-OSPL-NC v1.0) Brewtanius Ink LLC/ THE COLLECTIVE AI/ Immortal Tek Inc",,Include,
,,,,,,,,,,,,,,
,,,,,,,,,,,,,,
,,,,,,,,,,,,,,
,,,,,,,,,,,,,,
,,,,,,,,,,,,,,
,,,,,,,,,,,,,,
,,,,,,,,,,,,,,
,,,,,,,,,,,,,,
,,,,,,,,,,,,,,
,,,,,,,,,,,,,,
,,,,,,,,,,,,,,
,,,,,,,,,,,,,,
,,,,,,,,,,,,,,
,,,,,,,,,,,,,,
,,,,,,,,,,,,,,
,,,,,,,,,,,,,,
,,,,,,,,,,,,,,
,,,,,,,,,,,,,,
,,,,,,,,,,,,,,
,,,,,,,,,,,,,,
,,,,,,,,,,,,,,
,,,,,,,,,,,,,,
,,,,,,,,,,,,,,
,,,,,,,,,,,,,,
,,,,,,,,,,,,,,
,,,,,,,,,,,,,,
,,,,,,,,,,,,,,
,,,,,,,,,,,,,,
,,,,,,,,,,,,,,
,,,,,,,,,,,,,,
,,,,,,,,,,,,,,
,,,,,,,,,,,,,,
,,,,,,,,,,,,,,
,,,,,,,,,,,,,,
,,,,,,,,,,,,,,
,,,,,,,,,,,,,,
,,,,,,,,,,,,,,
,,,,,,,,,,,,,,
,,,,,,,,,,,,,,
,,,,,,,,,,,,,,
,,,,,,,,,,,,,,
,,,,,,,,,,,,,,
,,,,,,,,,,,,,,
,,,,,,,,,,,,,,
,,,,,,,,,,,,,,
,,,,,,,,,,,,,,
,,,,,,,,,,,,,,
,,,,,,,,,,,,,,
,,,,,,,,,,,,,,
491,A,unknown,LOW,,Intelligent 5G Networks Designed and Integrated for Globalized Operations (INDIGO),,2022,,,,"There are numerous examples of societal challenges faced by AT&T and the larger ecosystem of which AT&T has always been an influential member. For example, plain old telephone service set a new standard for reliability and simplicity.�� Then came the transistor, satellites, the Internet, and the wireless revolution. Today, AT&T is building upon its close partnerships within a new multidisciplinary, multicultural, multigenerational team to face challenges posed by Track G within a project dubbed INDIGO or, Intelligent 5G Networks Designed & Integrated for Globalized Operations.����    In view of the parallels between NSF���s Convergence Accelerator and DoD���s Joint All Domain Command & Control, INDIGO is adopting a basic-building-blocks approach to meet the functional and security requirements of military missions and civilian first responder teams in near real-time through a system-of-systems/network-of-networks approach across focus areas (1) Planning and Composition, (2) Interoperability, and (3) Execution. This integrates a novel Artificial Intelligence Planner with a Service Management & Orchestration Framework and RAN Intelligent Controllers.������    INDIGO ensures the timely transfer of information needed to connect every sensor and every actor despite the unique variations in network type, availability, traffic, and data across the lifecycle of a complex mission. The goal is to develop real-world solutions for securely operating through 5G infrastructures in allied, hostile, and contested areas, and also to develop new infrastructures and partnerships for future secure wireless solutions in pace with emerging 5G/6G standards. The latter���s importance extends beyond military applications into the civilian sphere given the integration of sensors and multi RAT (Radio Access Technologies) in Smart Cities initiatives, Internet of Everything, and the emerging metaverse, i.e., the fully realized digital world that exists beyond the one in which we live today.",,Include,
,,,,,,,,,,,,,,
,,,,,,,,,,,,,,
,,,,,,,,,,,,,,
,,,,,,,,,,,,,,
,,,,,,,,,,,,,,
,,,,,,,,,,,,,,
,,,,,,,,,,,,,,
,,,,,,,,,,,,,,
,,,,,,,,,,,,,,
,,,,,,,,,,,,,,
,,,,,,,,,,,,,,
,,,,,,,,,,,,,,
,,,,,,,,,,,,,,
,,,,,,,,,,,,,,
,,,,,,,,,,,,,,
,,,,,,,,,,,,,,
508,A,unknown,HIGH,algorithmic_governance,Algorithmic Governance and the International Politics of Big Tech,"Srivastava, Swati",2023,10.1017/S1537592721003145,PERSPECTIVES ON POLITICS,,"Big technology companies like Facebook, Google, and Amazon amass global power through classification algorithms. These algorithms use unsupervised and semi-supervised machine learning on massive databases to detect objects, such as faces, and to process texts, such as speech, to model predictions for commercial and political purposes. Such governance by algorithms-or ""algorithmic governance""-has received critical scrutiny from a vast interdisciplinary scholarship that points to algorithmic harms related to mass surveillance, information pollution, behavioral herding, bias, and discrimination. Big Tech's algorithmic governance implicates core IR research in two ways: (1) it creates new private authorities as corporations control critical bottlenecks of knowledge, connection, and desire; and (2) it mediates the scope of state-corporate relations as states become dependent on Big Tech, Big Tech circumvents state overreach, and states curtail Big Tech. As such, IR scholars should become more involved in the global research on algorithmic governance.",,Include,
,,,,,,,,,,,,,,
,,,,,,,,,,,,,,
511,A,unknown,HIGH,,Big Data Application and Management of UK Police Forces and its Policy Implications for the Korean Police,"JUNG, JEYONG",2019,,The Journal of Police Science,,"As antisocial behavior increases and crimes become more diverse, police agencies around the world are accelerating the use of Big Data. According to previous studies, the application areas are classified into predictive policing, mass surveillance system, and DNA databank. In this study, we investigated how the UK police forces are merging databases and building Big Data systems for their utilization through literature review.The UK government showed a move to consolidate its fragmented databases at the national level to improve its efficiency. The database integration was intended to enable qualitative and quantitative improvements in Big Data analysis. This could open the door for law enforcement agencies, such as National Crime Agency, Regional Organized Crime Units, and Action Fraud, to effectively deal with organized, cross-regional, and cyber crimes. On the other hand, the actual use of big data analysis depends on individual police forces due to different socio-political factors. As representative cases, Kent and Manchester police forces have proven their effectiveness by implementing a predictive hotspot mapping system. In addition, mass surveillance activities are evolving around major cities, such as London, Manchester and Birmingham. Based on the discussions, policy implications for the effective operation of the Big Data Analysis and Utilization System were suggested for the Korean Police Agency.",,Include,
,,,,,,,,,,,,,,
513,A,unknown,HIGH,,"Post-racial politics, pre-emption and in/security","Sharma, Sanjay; Nijjar, Jasbinder S.",2024,10.1177/13675494231168177,EUROPEAN JOURNAL OF CULTURAL STUDIES,,"Militarized policing strategies aiming to identify and nullify risks to national security in Western nations have become central to the biopolitical regulation of racialized populations. While the disproportionate impact of pre-emptive counter-terrorism policing on 'Muslim' populations has been highlighted, the post-racial techno-politics of predictive policing as a mode of securitization remain overlooked. This article argues that the 'war on terror' is governed by a state of crisis that conditions a pre-emptive biopolitics of containment against (unknown) future threats. We examine how predictive policing is progressively dependent on the computational production of risk to avert impending terror. As such, extant forms of counter-terrorism algorithmic profiling are shown to mobilize post-racial calculative logics that renew racial oppression while appearing race-neutral. These predictive systems and pre-emptive actions, while seeking to securitize the future by identifying and nullifying suspects, evasively remake race as risky, thus rendering security indistinguishable from insecurity. Hence, we assert that state securitization is haunted by a profound sense of racialized dread over terrorism, for it can only resort to containing, rather than resolving, the perceived threat of race.",,Include,
,,,,,,,,,,,,,,
,,,,,,,,,,,,,,
516,A,unknown,HIGH,,"Embodying Data, Shifting Perspective: A Conversation with Ahnjili Zhuparris on Future Wake","Wevers, Rosa; Zhuparris, Ahnjili",2025,10.4324/9781003694182_CH03,DOING DIGITAL MIGRATION STUDIES: Theories and Practices of the Everyday,,"This chapter discusses the artistic project Future Wake (2021) by Ahnjili Zhuparris and Tim van Ommeren that examines predictive policing. By shifting the focus from possible future crime offenders to possible future victims of fatal police encounters, using visual and affective means rather than expert knowledge and statistics, the artwork activates critical reflection on the politics and logics of predictive policing systems. The chapter first situates predictive policing in a context of securitization, and discusses how it enhances structures of discrimination. In the second part, Wevers interviews artist Zhuparris about the aims of Future Wake, discussing the artistic and technical process of creating the project, the politics of data, and the role of art in critical discussion on surveillance and AI.",,Include,
,,,,,,,,,,,,,,
518,A,unknown,HIGH,,"Optimization of the homicide predictive classification algorithm: a study applied to the military police of Minas Gerais state, Brazil","Nascimento, Claudio Leles; Faria, Antonio Hot Pereira; Venancio, Carolina Alves",2026,10.1108/DTA-03-2025-0170,DATA TECHNOLOGIES AND APPLICATIONS,,"PurposeThis study aimed to optimize the homicide predictive classification (HPC) algorithm used by the Military Police of Minas Gerais to increase its predictive accuracy, evaluate the effectiveness of the results over time, and consider its potential for future expansions.Design/methodology/approachSupervised learning techniques were applied, using data extracted from the police reports system of Minas Gerais state, Brazil, covering the period from January 2012 to June 2023. The data were divided into training and test sets, allowing the construction and validation of predictive models.FindingsThe study demonstrates that optimizing the HPC algorithm enhances predictive accuracy, particularly in identifying high-risk individuals. HPC Test 6 outperformed previous models, achieving 2,405 correct homicide predictions within a 66-month horizon.Research limitations/implicationsThis study's limitations include reliance on police reports, which may contain incomplete or underreported data, potentially affecting prediction accuracy. The analysis is also restricted to police incident data from Minas Gerais, Brazil, limiting generalizability. Future research should integrate additional datasets, such as the Integrated Prison Management System (SIGPRI) and Civil Registry, to enhance precision.Practical implicationsThe optimized HPC algorithm provides law enforcement with a data-driven tool to enhance crime prevention strategies. By accurately identifying high-risk individuals, the model enables more efficient resource allocation, targeted interventions and proactive policing. Its application supports focused deterrence approaches, improving public safety efforts.Social implicationsThe implementation of predictive policing through the optimized HPC algorithm has significant social implications. By enabling proactive crime prevention, it enhances public safety and fosters community trust in law enforcement. The model supports focused deterrence strategies, potentially reducing homicide rates and violent crime. Expanding predictive analytics to other crime types could further benefit society, promoting a more strategic and effective approach to public security while balancing technological advancements with civil rights protections.Originality/valueThis study contributes to predictive policing by optimizing the HPC algorithm, demonstrating its effectiveness in long-term crime forecasting. Unlike previous models, HPC Test 6 enhances predictive accuracy, enabling proactive interventions. The research integrates criminological theories with machine learning, offering a novel approach to homicide prevention. Its findings provide valuable insights for law enforcement, emphasizing data-driven decision-making. The study's methodological advancements highlight the potential for expansion to other crime types, reinforcing its originality. By addressing predictive policing challenges, this research enhances public security strategies and contributes to the broader discourse on technology-driven crime prevention.",,Include,
,,,,,,,,,,,,,,
,,,,,,,,,,,,,,
,,,,,,,,,,,,,,
522,A,unknown,HIGH,,TACKLING DELINQUENCY IN THE ERA OF SOCIAL CREDIT SYSTEM: PROSPECTS AND RISKS,"Rouvinsky, Roman Z.; Tsarev, Evgeny, V",2021,10.17150/2500-4255.2021.15(3).282-294,RUSSIAN JOURNAL OF CRIMINOLOGY,,"The paper is devoted to the changes in fighting delinquency connected to the application of artificial intelligence and Big Data analytics. The focus of the paper has been made on the Social Credit System and related advanced mechanisms of control and surveillance, which are currently being built and implemented in China. The issue of how the latest technologies of social control impact the fight against crimes and administrative offences has been examined. The transforming effect of introduction of the Social Credit System and algorithmic mechanisms of social control upon the legal system and some of its institutions (notably, the legal liability institution, the punishment, the concept of an offender) has been assessed in the paper. The authors come to the conclusion that the introduction of the Social Credit System in China and the development of algorithmic mechanisms of social control and crime prevention may lead to the separation of punishment from the construct of legal liability and the concept of an offence as a guilty deed.",,Include,
523,A,unknown,HIGH,,Predictive Punishment: The Detecta and the incorporation of Data Mining and Profiling techniques (Big Data) in the practices of Surveillance of the São Paulo Military Police,Marcos César Alvarez; Alcides Eduardo dos Reis Peron,2018,,,,"The studies on Sociology of Punishment concentrates in the comprehension of the historical forms that organized the mechanisms of punishment and administration of the criminality in the most diverse social organizations. However, with the development of new communication and surveillance technologies, moreover these studies begin to interchange with the Surveillance Studies and Social Studies of Science and Technologies to comprehend the new strategies of the public security. In this context, in 2014, the São Paulo state government contracted a system named ""Detecta"" from Microsoft, which combines the process of surveillance cameras, with criminal and geo-positioning databases. This apparatus inaugurates a new form of governamentality of public security, known as Predictive Policing, characterized by the reliance on algorithms for the construction of profiles and statistics, supposedly capable of anticipating future patterns of behave, and scenarios. Therefore, our purpose in this project is to debate the particularities of this form of governamentality, centered in predictive policing and massive data collection apparatus, in a context of public security deeply marked by arbitrariness, exclusion and discrimination. In this sense, our purpose here is to identify the possible emergency of a new form of governamentality of public security, centered at Detecta in São Paulo.",,Include,
,,,,,,,,,,,,,,
,,,,,,,,,,,,,,
,,,,,,,,,,,,,,
527,A,unknown,HIGH,predictive_policing,"Neoliberalisation of Security, Austerity and the 'End of Public Policy': Governing Crime in Memphis (TN, USA) Through Predictive Policing, Community, Grants and Police 'Mission Creep'","Tulumello, Simone",2018,,ACME-AN INTERNATIONAL E-JOURNAL FOR CRITICAL GEOGRAPHIES,,"The government of security and safety constitutes a privileged angle from which to study the links among government, public policy and urban dynamics, particularly in places where neoliberalisation intersects with historical racial and class tensions - as is the case in many US cities. I am concerned with the connection between (racialised) security politics and the institutional transformation of local security policymaking. I use the case of Memphis (TN, USA), which is paradigmatic of the neoliberalisation of security and permanent 'low-intensity' austerity; present four practices and trends - 'predictive' policing, rhetoric about 'community' self-defence, safety 'grants' and the 'mission creep' of the militarised police department; and discuss continuities/discontinuities with regard to long-term trends of restructuring crime control in the USA. The case of security policymaking allows me to argue that austerity and neoliberal rule tend to replace public policy intended as a course of action stemming from conscious choice by the government - with a complicated patchwork of state intervention/disengagement, whose ultimate effect is the ` end of public policy' proper.",,Include,
,,,,,,,,,,,,,,
,,,,,,,,,,,,,,
,,,,,,,,,,,,,,
531,A,unknown,LOW,,ATTAINING SECURITY THROUGH ALGORITHMS: PERSPECTIVES OF REFUGEES AND DATA EXPERTS,"Kasapoglu, Tayfun; Masso, Anu",2021,10.1108/S2050-206020210000020009,THEORIZING CRIMINALITY AND POLICING IN THE DIGITAL MEDIA AGE,,"Purpose: This study explores the perspectives of data experts (DXs) and refugees on the algorithms used by law enforcement officers and focuses on emerging insecurities. The authors take police risk-scoring algorithms (PRSA) as a proxy to examine perceptions on algorithms that make/assist sensitive decisions affecting people's lives.Methodology/approach: In-depth interviews were conducted with DXs (24) in Estonia and refugees (19) in Estonia and Turkey. Using projective techniques, the interviewees were provided a simple definition of PRSA and a photo to encourage them to share their perspectives. The authors applied thematic analysis to the data combining manual and computer-aided techniques using the Maxqda software.Findings: The study revealed that the perspectives on PRSA may change depending on the individual's position relative to the double security paradox surrounding refugees. The use of algorithms for a sensitive matter such as security raises concerns about potential social outcomes, intentions of authorities and fairness of the algorithms. The algorithms are perceived to construct further social borders in society and justify extant ideas about marginalized groups.Research limitations: The study made use of a small population sample and aimed at exploring perspectives of refugees and DXs by taking PRSA as the case without targeting representativeness.Originality/value: The study is based on a double security paradox where refugees who escape their homelands due to security concerns are also considered to be national security threats. DXs, on the other hand, represent a group that takes an active role in decisions about who is at risk and who is risky. The study provides insights on two groups of people who are engaged with algorithms in different ways.",,Include,
,,,,,,,,,,,,,,
533,A,unknown,HIGH,,"Repressive connectivity and digital resistance: internet shutdowns, speech and networked counterpublics in Manipur","Irungbam, Satish",2026,10.1080/01436597.2025.2600560,THIRD WORLD QUARTERLY,,"This article examines the 2023 internet shutdown in Manipur, India, as a case of repressive connectivity - where digital infrastructures are weaponised to suppress dissent and erase subaltern narratives. Drawing from critical theory, postcolonial media studies, and digital rights scholarship, it reframes shutdowns not as isolated technical events but as acts of epistemic violence and infrastructural control. In conflict-prone contexts like Manipur, internet shutdowns fragment solidarity, mute resistance and reinforce state power. Yet paradoxically, they also provoke adaptive forms of digital and analogue resistance, from encrypted messaging and cultural expression to legal mobilisation and counterpublic formation. By analysing testimonies, case studies and platform dynamics, the article situates shutdowns within broader structures of algorithmic governance and surveillance capitalism. It argues that such acts of repression generate new modes of political agency and epistemic struggle. Ultimately, the study calls for a rethinking of connectivity, sovereignty and rights in postcolonial digital regimes.",,Include,
,,,,,,,,,,,,,,
535,A,unknown,HIGH,,"Pre-crime, Post-criminology, and the Captivity of Ultramodern Desire","Arrigo, Bruce A.; Sellers, Brian; Sostakas, Jo",2020,10.1007/s11196-020-09719-4,INTERNATIONAL JOURNAL FOR THE SEMIOTICS OF LAW-REVUE INTERNATIONALE DE SEMIOTIQUE JURIDIQUE,,"This article further elaborates on the ""pre-crime society"" thesis as developed and examined by Arrigo and Sellers. Specifically, the article focuses on the ultramodern era of digital inter-connectivity and argues that productive psychic desire is held clinically captive. Ultra-modernity is populated by cyber-forms of human relating and of economic exchange that nurture hyper-securitization. We discuss how the maintenance of hyper-securitization supports a pre-crime society, and how hyper-securitization's object of desire consists of sign-optics (i.e., panopticism, synopticism, and banopticism). We argue that the co-constitutive forces (i.e., relational flows and fluctuations) of this desire represent the sign-exchange values of post-criminology. Post-criminology's signifiers include, among others, ""predictive policing"", ""crime mapping"", and ""actuarial penology."" Post-criminology's signifieds (re)produce captivity-generating bio-digital ""laws"" of human relatedness. Among others, these laws sanction the neurosis of de-vitalization and certify the psychosis of finalization. We explain how the unchecked excess neutralizations of de-vitalization and finalization cultivate clinical captivity. Clinical captivity is a social anxiety in which reciprocal consciousness, inter-subjectivity, and mutual power are limited in existence (the reduction of inter-relatedness) or are denied an existence (the repression of inter-relatedness).",,Include,
536,A,unknown,HIGH,,Ambivalent Morality: Negotiating the (Neo)Colonial Conditions of Policing at the Urban Margins,"Alvear Moreno, Enrique",2025,10.1111/1468-4446.70066,BRITISH JOURNAL OF SOCIOLOGY,,"Scholars have demonstrated how (neo)colonialism has produced durable North-South hierarchies in knowledge production about crime and punishment. Yet, most of these studies emphasize the epistemic ""weight of empire"" in ways that obscure the relational dynamics under which local bureaucrats domesticate imperial policy experiments at the margins of postcolonial cities. By taking the case of the Tactical System of Crime Analysis (STAD) in Santiago, Chile, this article explores how and why police officers and data analysts respond to ""colonial situations"" behind predictive policing as they navigate its underlying ""broken windows"" philosophy demanded by bank lenders and reinforced by US advisors. Drawing upon ethnographic observations within a Comisaria in Santiago, I argue that police officers and professionals negotiate the (neo)colonial conditions of policing through ambivalent morality -a set of hybrid discourses concerning individual choices that allows officers to inflict the criminal stigma upon the poor and assign responsibility for crime. Officers and data analysts interpret US ""broken windows"" philosophy through fragmented scripts and counterscripts that both reinforce and decenter poverty and personal choices as the primary sources of crime. Drawing upon these narratives, these agents define who is a criminal, what crimes deserve to be suppressed, and under what conditions somebody could legitimately break the law. This study not only shows how police officers and professionals redefine policing in moral terms but also illustrates the simultaneous attraction to and denial of neocolonial power while disclosing the symbolic mechanisms (i.e., scripts and counterscripts) under which this hybridity disrupts a simplistic replication of US ""broken windows"" discourse at the margins of Santiago.",,Include,
537,A,unknown,HIGH,,"Developing CTS 4-o: a CTS research agenda on AI, terrorism and counter-terrorism","Martini, Alice",2025,10.1080/17539153.2025.2485610,CRITICAL STUDIES ON TERRORISM,,"This article argues for the Critical Terrorism Studies (CTS) field to engage more thoroughly with the implications of artificial intelligence (AI) in both terrorism and counter-terrorism. Drawing from Science and Technology Studies (STS) and critical security studies, it highlights the importance of scrutinising AI as a socially constructed technology that is embedded in power relations and specific hierarchies. It examines how AI is discursively framed as both a threat and a solution in security-related matters, shaping counter-terrorism policies in ways that reinforce state-centric, racialised, gendered and militarised security paradigms. The article outlines a CTS research agenda on AI, focusing on key areas of inquiry: the discursive construction of ""AI terrorism"" and ""AI counter-terrorism"", the role of sociotechnical imaginaries in legitimising AI-based counter-terrorism measures, the (b)ordering of societies through algorithmic governance and the material dimensions of AI counterterrorism. By engaging with critical security scholarship and feminist, postcolonial and decolonial critiques of technology, CTS can expose how AI-driven security exacerbates inequalities while reifying the status quo. The article positions CTS as a crucial field for analysing the political and ethical implications of AI in counterterrorism and urges CTS to start engaging more robustly with AI implications in terrorism and counter-terrorism and reflecting on its political and (in)security consequences.",,Include,
538,A,unknown,LOW,,"Shaping Migrants as Threats: Multilayered Discretion, Criminalization, and Risk Assessment Tools","Gundhus, Helene O., I",2021,10.5204/ijcjsd.2041,INTERNATIONAL JOURNAL FOR CRIME JUSTICE AND SOCIAL DEMOCRACY,,"This article examines Operation Migrant, initiated by the Norwegian police following the so-called migration crises in Europe in 2015. One of its central aims was, by predicting challenges related to increased migration, to improve resource allocation and prevent crime. By drawing on research on risk and threat assessment as a form of power, this article aims to analyze how risk categories are distributed and translated into a multilayered institutional arrangement where migration is policed as a potential crime. The article examines the indicators that the risk assessments are based on, and the measures applied and investigates how discretionary practices make immigrants objects for law enforcement and policing. The article contributes to research on migration control in an ordinary police context, where immigration identity checks become part of the crime reduction strategy. Applying the concept of interpretive flexibility (Collins 1981), I will identify the steps in this chain of translation to explore the leap from targeting potentially criminal asylum seekers to targeting broader groups with temporary residency in Norway. The article analyzes the conditions determining how policing, technologies, and migrants are ""co-constructed"" in a chain of mediation and translation, which reinforces the view of migrants as risky and criminal. The final section discusses how risk and threat analysis is affected by the notion of the ""crimmigrant other"" (Franko 2020). In Norway, selectively targeting unwanted migrants as criminals has become dominant in police decision-making at a policy level and everyday practices affecting not only third country nationals but also unwanted eastern Europeans.",,Include,
,,,,,,,,,,,,,,
,,,,,,,,,,,,,,
,,,,,,,,,,,,,,
,,,,,,,,,,,,,,
,,,,,,,,,,,,,,
,,,,,,,,,,,,,,
,,,,,,,,,,,,,,
,,,,,,,,,,,,,,
,,,,,,,,,,,,,,
,,,,,,,,,,,,,,
,,,,,,,,,,,,,,
,,,,,,,,,,,,,,
,,,,,,,,,,,,,,
,,,,,,,,,,,,,,
,,,,,,,,,,,,,,
552,A,scopus,HIGH,,Fields of Application of Artificial Intelligence—Security Sector and Military Sector,"Kreutzer, R.T.; Sirrenberg, M.",2020,10.1007/978-3-030-25271-7_9,Management for Professionals,,"In this chapter you will see that face recognition plays a central role in many security applications. In China it is even used to install a huge social credit system to control the whole population. Predictive policing tries to anticipate crimes in order to avoid them or to catch the perpetrators red-handed. Huge “progress” with Artificial Intelligence is also achieved in the military sector. Billions flow into the development of AI systems there. The greatest risks of Artificial Intelligence are associated with the various forms of combat robots, because these will massively shift the “rules of the game” in armed conflicts. © 2020, Springer Nature Switzerland AG.",,Include,
,,,,,,,,,,,,,,
554,A,scopus,HIGH,smart_city,Inclusive smart public spaces: insights from Smart Cities and Suburbs,"Babb, C.",2025,10.4337/9781035322411.00012,"Public Space and the Sustainable Development Goals: Inclusion, Safety, Culture and Nature",Digital urbanism; Facial recognition; Inclusive public space; Smart cities; Smart public space; Surveillance; Enterprise resource management; Enterprise resource planning; Digital technologies; Digital urbanism; Facial recognition; Inclusive public space; Management strategies; Public space; Smart public space; Surveillance; Urban places; Smart city,"The increased adoption of smart digital technologies in urban places has important implications for the inclusivity of public space. Smart city enterprises employ numerous technologies to capture and analyse data to refine the management, planning, and oversight strategies of public agencies. For users and managers of public spaces, smart city enterprises promise efficiency, security and high-quality experience. However, there are also risks to diverse and inclusive public space from increased privatization, securitization, and standardization. The implications of smart city initiatives for inclusive public space are explored in this chapter, which focuses on two case studies of the creation of smart public space in Western Australia: East Perth Smart Precinct and Wharf Street Next Generation Community Park. A multi-lens framework of inclusive public space frames the analysis. User-experience, governance, public values, and diversity emerge as key domains where inclusivity of public space is enhanced or challenged by smart city enterprises. © The Editors and Contributors Severally 2025. All rights reserved.",,Include,
555,A,scopus,MEDIUM,,"E-Governance and Ethical AI: Balancing Automation, Privacy, and Human Rights","Raghuvanshi, C.; Shukla, R.; Shukla, S.",2025,10.4018/979-8-3373-0817-3.ch0014,Startup-Driven E-Government: Digital Innovation for Sustainable Ecosystems,Artificial intelligence; Data privacy; Ethical technology; Government data processing; Public administration; Transparency; Case-studies; Citizen engagements; Decisions makings; Digital identity; E-governance; Ethical concerns; Human rights; Identity verification; Privacy rights; Public service deliveries; Predictive analytics,"AI integration in e-governance enhances public service delivery, decision-making, and citizen engagement but raises ethical concerns like data privacy, bias, and transparency. This chapter examines AI's role in digital identity verification, predictive analytics, and fraud detection, with case studies from smart cities, agriculture, and public administration. Ethical challenges include algorithmic bias, mass surveillance, AI's “black-box” nature, and job automation. Legal frameworks like the EU's AI Act, GDPR, and India's Digital Personal Data Protection Act are analyzed. Strategies for ethical AI, including transparency, fairness, and human-in-the-loop approaches, are proposed. Case studies from Singapore, Estonia, Canada, and India highlight best practices. Future challenges like AI's impact on digital rights, misinformation, and emerging tech such as quantum AI and blockchain are discussed. The chapter stresses global collaboration to align AI governance with democratic values and human rights.. © 2025 by IGI Global Scientific Publishing. All rights reserved.",,Include,
,,,,,,,,,,,,,,
,,,,,,,,,,,,,,
,,,,,,,,,,,,,,
,,,,,,,,,,,,,,
,,,,,,,,,,,,,,
,,,,,,,,,,,,,,
,,,,,,,,,,,,,,
,,,,,,,,,,,,,,
,,,,,,,,,,,,,,
,,,,,,,,,,,,,,
,,,,,,,,,,,,,,
,,,,,,,,,,,,,,
568,A,scopus,MEDIUM,,The Classical Liberal Case for Privacy in a World of Surveillance and Technological Change,"Berg, C.",2018,10.1007/978-3-319-96583-3,Palgrave Studies in Classical Liberalism,Blockchain; Classical Liberalism; Development of individualism; Economic philosophy; Economics of privacy; Financial privacy; Freedom of speech; Liberal contractarian model of government; Market economy; New technologies; Political philosophy; Privacy and speech; Psychology of privacy; Public and private; Reselling data; Technological change; Telecommunications and internet surveillance; Value of privacy; Violations of privacy,"How should a free society protect privacy? Dramatic changes in national security law and surveillance, as well as technological changes from social media to smart cities mean that our ideas about privacy and its protection are being challenged like never before. In this interdisciplinary book, Chris Berg explores what classical liberal approaches to privacy can bring to current debates about surveillance, encryption and new financial technologies. Ultimately, he argues that the principles of classical liberalism – the rule of law, individual rights, property and entrepreneurial evolution – can help extend as well as critique contemporary philosophical theories of privacy. © The Editor(s) (if applicable) and The Author(s) 2018.",,Include,
,,,,,,,,,,,,,,
,,,,,,,,,,,,,,
,,,,,,,,,,,,,,
572,A,scopus,HIGH,smart_city,The development of smart awareness among Ukraine's youth in modern conditions,"Iryna, K.; Katerina, S.; Nataliia, L.; Andrii, S.",2023,,The Future of Smart Cities,Public administration; Smart awareness; Smart city concept; Ukraine; War; Youth,"This chapter provides generalization of existing approaches to the definition of design and determinants of the smart awareness development among the youth of Ukraine, and also describes the current state of perception of the Smart City Concept. The authors conducted a survey of students of higher education institutions in Dnipro, Ukraine regarding their perception of the Smart City Concept (n = 200 subjects). Respondents most often use the following services of a ""smart"" city: electronic tickets, tracking the transport schedules, electronic administration services, eHealth system, and information technologies in educational institutions. It has been proved that management in a smart city takes place through the synergy of everyone who lives and works in this city - the classic triad ""government - business - community."" The Smart City provides comfortable living conditions for inhabitants and simplified technologies for using services offered by city institutions. In Ukraine, such cooperation is built in the following areas: city security (safe city), medicine (e-health), education (smart education), transportation system (smart mobility), electric power supply (smart energy) and the formation of the city as a creative center (creative hubs). The chapter also considers the influence of military operations as an attractor of expanding the network of e-services in Ukraine. Social risks and limitations for spreading smart awareness and smart culture are analyzed. The authors pay special attention to the practical expertise of building smart infrastructure in Ukrainian cities, in particular, to the main achievements as well as obstacles that stand in the way of the widespread smart technologies introduction into the city's life support system. © 2023 Nova Science Publishers, Inc. All rights reserved.",,Include,Interesting
,,,,,,,,,,,,,,
574,A,scopus,HIGH,,Seeing like an algorithm: operative images and emergent subjects,"Uliasz, R.",2021,10.1007/s00146-020-01067-y,AI and Society,Algorithmic vision; Algorithms; Big data; Machine learning; Operational image; Decision making; Face recognition; Philosophical aspects; Algorithmic techniques; Automated decision making systems; Computational process; Critical displacement; Facial recognition; Human subjects; Ontological status; Visual information; Military photography,"Algorithmic vision, the computational process of making meaning from digital images or visual information, has changed the relationship between the image and the human subject. In this paper, I explicate on the role of algorithmic vision as a technique of algorithmic governance, the organization of a population by algorithmic means. With its roots in the United States post-war cybernetic sciences, the ontological status of the computational image undergoes a shift, giving way to the hegemonic use of automated facial recognition technologies towards predatory policing and profiling practices. By way of example, I argue that algorithmic vision reconfigures the philosophical links between vision, image, and truth, paradigmatically changing the way a human subject is represented through imagistic data. With algorithmic vision, the relationship between subject and representation challenges the humanistic discourse around images, calling for a critical displacement of the human subject from the center of an analysis of how computational images make meaning. I will explore the relationship between the operative image, the image that acts but is not seen by human eyes, and what Louise Amoore calls an “emergent subject,” a subject that is made visible through algorithmic techniques (2013). Algorithmic vision reveals subjects to power in a mode that requires a new approach towards analyzing the entanglement and invisiblization of the human in automated decision-making systems. © 2020, Springer-Verlag London Ltd., part of Springer Nature.",,Include,
,,,,,,,,,,,,,,
,,,,,,,,,,,,,,
,,,,,,,,,,,,,,
,,,,,,,,,,,,,,
,,,,,,,,,,,,,,
,,,,,,,,,,,,,,
,,,,,,,,,,,,,,
,,,,,,,,,,,,,,
,,,,,,,,,,,,,,
,,,,,,,,,,,,,,
,,,,,,,,,,,,,,
,,,,,,,,,,,,,,
,,,,,,,,,,,,,,
,,,,,,,,,,,,,,
,,,,,,,,,,,,,,
,,,,,,,,,,,,,,
,,,,,,,,,,,,,,
,,,,,,,,,,,,,,
,,,,,,,,,,,,,,
594,A,scopus,HIGH,smart_city,Smart city IoT: Co-designing trustworthy public safety drones for indoor flight missions,"Wingo, H.",2020,10.34190/EWS.20.509,"European Conference on Information Warfare and Security, ECCWS",Comprehensive Privacy Policy Systems; 3D Visualization Cyberspace: The New Battlefield Cyber Manoeuvre Warfare; Cyber-Security in Smart Cities; Privacy; Data Science; Public Safety; Cloud and Edge Computing; Artificial Intelligence; Transparent; Usable; Cybersecurity; Face recognition; Internet of things; Law enforcement; Smart city; Supply chains; Three dimensional computer graphics; 3D Visualization; 3d visualization cyberspace: the new battlefield cybe maneuver warfare;; Artificial intelligence;; Cloud and edge computing;; Cloud-computing; Comprehensive privacy policy system;; Cybe-security in smart city;; Cyber security; Cyberspaces; Data science;; Edge computing; Policy systems; Privacy; Privacy policies; Public safety; Public safety;; Transparent; Usable; Drones,"This paper proposes a collaborative design (“co-design”) approach to accelerating public and political acceptance of the cyberspace and information risks, inherent to the development and deployment of indoor smart building unmanned aircraft systems (UAS) to provide immediate “visual access” to law enforcement and other armed first responders in the case of an active shooter incident inside of a building, including risks concerning (1) system safety and reliability; (2) supply chain security; (3) cybersecurity; and (4) privacy. The paper explores the potential to use a virtual world platform as part of a phased pilot at the U.S. Service Academies to build trust in the privacy, security and efficacy of a counter active shooter UAS (CAS-UAS), trust necessary to win public and political support for procuring, developing, and deploying such a system. By using a live-virtual-constructive approach similar to the U.S. military’s synthetic training environments (STE), to intentionally engage a cross-functional team in a pilot to field a prototype CAS-UAS, a co-created CAS-UAS could anticipate and address security and privacy concerns of the sort that slowed the roll-out of police body-worn cameras (BWC) and wide area motion imagery (WAMI), particularly in the context of privacy concerns over the use of facial recognition. The paper is intended to provide communities with a new approach to identify and address policy obstacles to deploying smart city IoT technology to save lives, here in the case of a CAS-UAS that can enhance situational awareness for first responders during active shootings inside of public buildings like shopping malls, corporate headquarters, houses of worship or schools. The paper draws on the author’s personal experience testifying before the U.S. Congress concerning recent questions about the supply chain security of small commercial drones. © 2020 Curran Associates Inc.. All rights reserved.",,Include,
,,,,,,,,,,,,,,
,,,,,,,,,,,,,,
,,,,,,,,,,,,,,
,,,,,,,,,,,,,,
599,A,scopus,HIGH,smart_city,Exploiting smart city IoT for disaster recovery operations,"Suri, N.; Zielinski, Z.; Tortonesi, M.; Fuchs, C.; Pradhan, M.; Wrona, K.; Furtak, J.; Vasilache, D.B.; Street, M.; Pellegrini, V.; Benincasa, G.; Morelli, A.; Stefanelli, C.; Casini, E.; Dyk, M.",2018,10.1109/WF-IoT.2018.8355117,"IEEE World Forum on Internet of Things, WF-IoT 2018 - Proceedings",Disaster Recovery; Information Security (key words); Internet-of-Things; Smart Cities; Emergency services; Personnel; Recovery; Security of data; Smart city; Disaster recovery; Emergency response personnels; Internet of Things (IOT); Key words; Multiple resources; Nongovernmental organizations; Situational awareness; Sources of informations; Internet of things,"Disaster recovery operations are extremely challenging and place significant demands on multiple resources, including local and international emergency response personnel, non-governmental organizations, and the military. In the immediate aftermath of a disaster, one of the most pressing requirements is for situational awareness (SA) so that resources, including personnel and supplies, may be prioritized to have the most impact and help those in the most need. As the recovery operations continue, the SA needs to be continuously updated based on changing conditions in the affected areas. There are many sources of information to provide SA, including reporting by the victims of the disaster as well as observations made by responding personnel. In this context, SA can be significantly enhanced via information obtained from Internet of Things (IoT) devices, especially in a smart city environment. This paper explores the potential to exploit Smart City IoT capabilities to help with disaster recovery operations. © 2018 IEEE.",,Include,
,,,,,,,,,,,,,,
,,,,,,,,,,,,,,
,,,,,,,,,,,,,,
,,,,,,,,,,,,,,
604,A,scopus,HIGH,,Algorithmic Surveillance and the Erosion of Privacy: Reconciling National Security and Human Rights in the Digital Era - A Comparative Study of the USA and UAE,"Zahra, A.",2025,10.1109/ICCIKE67021.2025.11318249,"2025 International Conference on Computational Intelligence and Knowledge Economy, ICCIKE 2025",Algorithmic surveillance; Artificial intelligence (AI); Cybersecurity law etc; Data protection; Personal Data Protection Law (PDPL); Right to privacy; Artificial intelligence; Cybersecurity; Privacy-preserving techniques; Algorithmic surveillance; Algorithmics; Artificial intelligence; Cyber security; Cybersecurity law etc; Data protection laws; Human rights; Personal data protection law; Personal data protections; Right to privacies; National security,"The rise of algorithmic surveillance in the United States and the United Arab Emirates presents profound challenges to privacy, due process, and human rights. AI-driven technologies such as predictive policing, facial recognition, and behavioral profiling are deployed under the guise of national security and crime prevention. While the United States has a constitutional and judicial framework that provides some protections for privacy, gaps persist due to decentralization and reliance on private data aggregators. In the UAE, a hybrid legal system grants the state broad discretion over surveillance, raising concerns about transparency and proportionality. This paper critically examines the regulatory, legal, and ethical implications of algorithmic surveillance in both countries, proposing a comparative framework for reconciling national security imperatives with human rights protections. © 2025 IEEE.",,Include,
,,,,,,,,,,,,,,
,,,,,,,,,,,,,,
,,,,,,,,,,,,,,
,,,,,,,,,,,,,,
,,,,,,,,,,,,,,
,,,,,,,,,,,,,,
,,,,,,,,,,,,,,
,,,,,,,,,,,,,,
,,,,,,,,,,,,,,
,,,,,,,,,,,,,,
615,A,scopus,HIGH,predictive_policing; smart_city,A predictive policing application to support patrol planning in smart cities,"Junior, A.A.; Cacho, N.; Thome, A.C.; Medeiros, A.; Borges, J.",2017,10.1109/ISC2.2017.8090817,"2017 International Smart Cities Conference, ISC2 2017",crime forecasting; patrol planning; smart cities; software architecture; Crime; Forecasting; Law enforcement; Military vehicles; Software architecture; Automatic machines; Multiple machine; Public safety; Spatial granularity; Statistical learning methods; Web-based applications; Smart city,"Recently, patrol planning and other predictive policing strategies were improved for Smart Cities applications. In such public safety context, some police departments have been recording crime events in their databases to compose better strategies to understand and predict crime incidence. This work presents the ROTA-Analytics, a web-based application which aims to provide crime incidence forecasting as outputs. This crime incident forecasting helps patrol supervisors to elaborate the list of predefined locations (points) and staying time at which each police vehicle must patrol. ROTA-Analytics supports multiple machine and statistical learning methods selection to create an environment of crime prediction in different areas of the city. All the phases from time series creation to the automatic machine selection are discussed and exemplified with real data from Natal City in Brazil. Finally, we evaluated our architecture by using two regression strategies for different spatial granularity levels. © 2017 IEEE.",,Include,
616,A,scopus,HIGH,smart_city,Leveraging civilian IoT infrastructures to support warfighting activities in urban environments,"Riberto, G.; Govoni, M.; Stefanelli, C.; Suri, N.; Tortonesi, M.",2018,10.1109/WF-IoT.2018.8355184,"IEEE World Forum on Internet of Things, WF-IoT 2018 - Proceedings",Humanitarian Assistance and Disaster Relief (HADR); Internet-of-Things; Military Operations; Open Data; Smart Cities; Disaster prevention; Emergency services; Highway planning; Human resource management; Military operations; Smart city; Disaster relief; Humanitarian assistances; Internet of Things (IOT); IT infrastructures; Open datum; Relief organizations; Service platforms; Urban environments; Internet of things,"In the last decade, governments and municipalities have been investing large amounts of money to improve the style and quality of life of Smart Cities' citizens. This led to a huge adoption of Internet of Things (IoT) installations producing a wide amount of data. To exploit at best the many advantages of the IoT, Smart Cities have also begun to make that data freely accessible through Open Data services. The combination of IoT and Open Data can bring benefits in different fields, including the military domain. More specifically, Humanitarian Assistance and Disaster Relief (HADR) missions would significantly benefit from the integration of military systems with the civilian IT infrastructure of Smart Cities. In this context, the deluge of data generated by the IoT calls for dedicated solutions to analyze it and disseminate the results. This paper presents an evaluation of the capabilities of SPF, the Fog-as-a-Service platform we designed for tactical environments, in supporting a hypothetical but realistic HADR mission in the Helsinki Smart City. The paper demonstrates how the possibilities brought by the integration of SPF with the Open Data services offered by the city of Helsinki can significantly help the work of the emergency team, in particular with regards to the quick detection of clear and congested roads for relief organization and coordination. © 2018 IEEE.",,Include,
,,,,,,,,,,,,,,
,,,,,,,,,,,,,,
,,,,,,,,,,,,,,
,,,,,,,,,,,,,,
,,,,,,,,,,,,,,
,,,,,,,,,,,,,,
,,,,,,,,,,,,,,
,,,,,,,,,,,,,,
,,,,,,,,,,,,,,
,,,,,,,,,,,,,,
,,,,,,,,,,,,,,
,,,,,,,,,,,,,,
,,,,,,,,,,,,,,
,,,,,,,,,,,,,,
,,,,,,,,,,,,,,
,,,,,,,,,,,,,,
,,,,,,,,,,,,,,
,,,,,,,,,,,,,,
,,,,,,,,,,,,,,
,,,,,,,,,,,,,,
,,,,,,,,,,,,,,
638,A,scopus,HIGH,,Smart Cities as “Big Brother Only to the Masses”: The Limits of Personal Privacy and Personal Surveillance,"Galič, M.",2022,10.24908/ss.v20i3.15759,Surveillance and Society,,"Smart city projects in Europe and North America are employing a novel approach to data analysis that processes hardly any or no personal data at all. As such, these projects—at least, for the most part—escape the scope of (European) data protection law. The idea behind this new approach to smartness can be condensed in the statement: “smart cities are only Big Brother to the masses.” In other words, if the data collected within smart city projects do not identify any individuals, then there are no issues with privacy and data protection law. This problematic assumption relies on two reductive understandings of key notions in this context: that of “personal privacy” and “personal surveillance.” In this contribution, I focus on the latter and call for a broader understanding of surveillance as a set of diverse modes of social control by privacy law scholars. After all, in order to reveal the underlying dynamics of power and how these might lead to surveillance abuse—even, or especially, when surveillance is based on the processing of seemingly non-personal data—concrete surveillance practices and their logics need to be examined. For this purpose, I take the example of the Stratumseind Living Lab in the Netherlands and examine it through the lens of Foucault’s notion of security. This examination leads to two valuable insights for privacy and data protection law scholars. First of all, it strengthens the argument of contemporary group privacy scholars that a narrow focus on individual privacy and surveillance is inadequate and that the regulatory framework needs to be adapted. The second insight raises another broad issue: smart cities, which function according to the securitizing logic of surveillance, such as the Stratumseind Living Lab, are transforming public spaces into consumption spaces. Yet, the protection of privacy in public can and should serve to protect key aspects of public space—political participation and sociability—as well. © The author(s), 2022.",,Include,
,,,,,,,,,,,,,,
640,A,scopus,HIGH,,Pivoting Human Resource Policy Around Emerging Invasive and Non-invasive Neurotechnology,"Guidetti, O.A.; Speelman, C.P.",2023,10.1007/978-3-031-24946-4_3,Advanced Sciences and Technologies for Security Applications,,"This chapter discusses a range of novel yet plausible applications of neurotechnology in a future cyber smart city workforce, along with regulatory mechanisms which may be necessary in mitigating the societal challenges each could pose. If the impact of brain stimulation technologies on the cyber workforce of tomorrow does not take a considered approach, a class divide may open, between analysts who use invasive, non-invasive, and no brain enhancement techniques. Cybernetic products such as Musk (J Med Internet Res J Med Internet Res 21(10):e16194, 2019) Neuralink implant could be used to technologically enhance the attentional capacity of cyber network defence analysts (CNDAs) who will be charged with defending virtual threat environments. For example, the first cybernetically enhanced network defence analysts are most likely to appear in the military rather than the civilian space (Parks in Brain chips and the future of human evolution, 2022). Military CNDAs who have a Neuralink implanted into their cortex during their service period, will eventually retire to the civilian sector. Since any attempt at requisitioning the N1 would require a second brain surgery, the military are unlikely to require retiring service members to give up their brain chips. The development of cybernetically enhanced CNDAs should not, however, require surgery to stay competitive in the already underserviced network defence workforce. However, modern neurotechnological wearables, such as the Artinis (Starstim fNIRS, 2019a), (fNIRS—tDCS—EEG, 2019b) Starstim could enable modern human resource policy to pivot around invasive as well as non-invasive methods. Nuanced navigation of invasive and non-invasive neuro-technologies, such as Neuralink and Starstim, will facilitate a smooth, ethically responsible transition to cybernetic enhancement in a future cyber smart city workforce. © 2023, The Author(s), under exclusive license to Springer Nature Switzerland AG.",,Include,
641,A,scopus,HIGH,,The future of policing - Policing the future,"Legnaro, A.; Kretschmann, A.",2015,,Kriminologisches Journal,Big data; Dissolving presumption of innocence; Predictive policing; Securitization of space,"Predictive policing, as an emergence of big data, seems to be the future of policing. Taken at face value, it reports an amazing drop of predicted crimes. However, the social costs - enforced securitization of space, stereotyping of 'usual suspects' and the dissolving presumption of innocence in a legal sense - are usually ignored. Instead, a narrative very similar to that of big data is unfolded: a narrative of unlimited planning and controlling the future. The narrative suggests solutions based solely on computing power and the right algorithms thus developing tales of reassurance for a deeply unsettled public.",,Include,
642,A,scopus,HIGH,,Compliance-Industrial Complex: The Operating System of a Pre-Crime Society,"Kuldova, T.Ø.",2022,10.1007/978-3-031-19224-1,Compliance-Industrial Complex: the Operating System of a Pre-Crime Society,Algorithmic governance; Artificial intelligence; Big data; Crime and data; Critical algorithmic studies; Data analytics; Governance; Predictive policing; Predictive technologies; Privatizing governance; Profiling; Securitization; Social control; White-collar crime,"This is the first book to examine the growth and phenomenon of a securitized and criminalized compliance society which relies increasingly on intelligence-led and predictive technologies to control future risks, crimes, and security threats. It articulates the emergence of a ‘compliance-industrial complex’ that synthesizes regulatory capitalism and surveillance capitalism to impose new regimes of power and control, as well as new forms of subjectivity subservient to the ‘operating system’ of a pre-crime society. Looking at compliance beyond frameworks of business management, corporate governance, law, and accounting, it looks as it as a social phenomenon, instrumental in the pluralization and privatization of policing, where the private intelligence, private security, and big tech companies are being concentrated at the very core of compliance, and hence, governance of the social. The critical book draws on transversal, rather than interdisciplinary, approaches and integrates disparate perspectives, inspired by works in critical criminology, critical algorithm studies, critical management studies, as well as social anthropology and philosophy. © The Editor(s) (if applicable) and The Author(s), under exclusive license to Springer Nature Switzerland AG 2022.",,Include,
,,,,,,,,,,,,,,
,,,,,,,,,,,,,,
,,,,,,,,,,,,,,
,,,,,,,,,,,,,,
647,A,scopus,HIGH,smart_city,Dracula Urbanism and Smart City Mania: Urban Change in the Twenty-First Century,"Wilson, D.; Wyly, E.",2025,10.4324/9781003468271,Dracula Urbanism and Smart City Mania: Urban Change in the Twenty-First Century,Behavioral research; Sociology; Students; Teaching; Urban growth; Classroom teaching; DRACULA; Literature studies; Mexico City; Social science research; Societal changes; Urban changes; Urban redevelopment; Urban studies; Smart city,"This innovative book applies the metaphor of Dracula to understand a highly controversial reality that marks so many cities today: how the rage of smart city development and growth proceeds, is organized, and produces benefits for some and afflicts others. It also explores how social science research into these issues may be informed by the insights of gothic literature as conceptual bonds are forged between the social sciences and the humanities. Focusing on Miami and Mexico City, the book reveals a new quiet warfare being unleashed on the poor and a “Dracula-like” development conduct being rolled out that spreads rapidly across the globe. This book will appeal to students, researchers, and informed readers interested in urban studies, city planning, urban sociology, critical geography, and literature studies. The book is lucidly written and substantively deep to enhance classroom teaching and provide important details for research on urban redevelopment, city restructuring, and societal change. On the popular front, non-academic readers will find the book enriching and compelling, as only few books clearly and provocatively link the shadows of gothic horror with contemporary realities in cities. © 2026 David Wilson and Elvin Wyly.",,Include,
648,A,scopus,HIGH,smart_city,Remotely Piloted Aircrafts Toward Smart Cities,"Dantas, F.C.; Dantas, J.B.D.; Taveiros, F.E.V.; Pinheiro, R.A.L.; Junior, S.C.L.; Lima, L.F.D.; Carvalho, Z.V.D.",2018,10.1109/S3C.2017.8501372,"2017 IEEE 1st Summer School on Smart Cities, S3C 2017 - Proceedings",Innovation Ecosystem; Remotely Piloted Aircraft; Smart Cities; Ecosystems; Remote control; Smart city; Sustainable development; Environmental data; Ground stations; Remotely piloted aircraft; Technological resources; Technological tools; Topographic mapping; Triple helixes; Well being; Unmanned aerial vehicles (UAV),"The Remotely Piloted Aircraft (RPA), popularly known as drones, are controlled from a ground station or may operate fully autonomous, and can be used for imaging and topographic mapping activities, atmospheric and environmental data collection, surveillance, search and saving, as well as transporting objects. In order to exploit the potential of the RPA, in the most different areas, from the military to the commercial, the Barreira do Inferno Launch Center (CLBI) and the Federal University of Rio Grande do Norte (UFRN) has been developing technologies aimed at these aircraft. Within the context of the plural functionality of this technological tool, this paper presents the RPA as an integrating vehicle of great importance in the development and sustainability of smart cities. Specifically, technological resources and their applications. In addition, the role of the tool as a vehicle for strengthening the innovation ecosystem covered by the Triple Helix (Universities, Governments and Industry) is discussed, as well as its use focused on the well-being of society, which is at the heart of the cities of the future. © 2017 IEEE.",,Include,
,,,,,,,,,,,,,,
,,,,,,,,,,,,,,
,,,,,,,,,,,,,,
652,A,scopus,HIGH,smart_city,The impact of smart city model on national security,"Khalifa, E.",2020,,Central European Journal of International and Security Studies,Cyber security; National security; Smart cities,"Smart cities could help overcome traditional problems of big cities, such as pollution, traffic congestion and administrative corruption. They can stimulate economic productivity, accommodate population growth, and make lives more convenient, but at the same time, they raise many security threats to national security. Daily life needs in smart cities are based on information and communication technologies. Houses, infrastructure, transportation, communication, government services, as well as commercial and industrial services, etc. are controlled by smart systems dependent upon artificial intelligence and the Internet of things1. If these services are targeted by a successful cyber-attack, the consequences in that case would be unaffordable to national security and to people's lives. This article seeks to analyse the impact of smart cities on national security, and it comes in three main sections. The first one defines smart cities and its different models, the second one analyses the impact of adopting the smart city model on national security, and the conclusion tries to provide some recommendations of how to decrease national security risks in the smart city. © 2020 CEJISS.",,Include,
653,A,scopus,HIGH,smart_city,Smart city crime prevention services: The incheon free economic zone case,"Park, M.-S.; Lee, H.",2020,10.3390/su12145658,Sustainability (Switzerland),Crime prevention; Data sharing; IFEZ; Smart city; Smart security service; Incheon [South Korea]; South Korea; accident prevention; accuracy assessment; collision; crime; economic analysis; national security; smart city; state role; videography,"This study explores ways to improve the security systems of emerging smart cities by conducting a case study of the smart crime prevention service of the Incheon Free Economic Zone (IFEZ) in South Korea. Data from the IFEZ were collected between January 2017 and December 2018 across the smart system's four functional areas (intelligent video surveillance, suspicious vehicle surveillance, emergency alerts, and abnormal sound sources) and 10 types of situations (emergency, violence, civil complaints, intrusion, kidnapping, loitering, throwing, suspicious vehicle, collision explosion, and sudden event). Descriptive statistics were analyzed to show the limitation of the smart crime prevention service. The results revealed three significant insights into the best practices for smart crime prevention services in smart cities: first, smart crime prevention services are required to verify the accuracy and consistency of collected data; second, the government must establish a consistent process to link all crime prevention services and to secure data linkages; and third, the government must urgently foster and secure experts in specialized institutions to carry out these advised functions. Ultimately, these findings suggest that in-depth discussions of data collection and sharing are required to ensure the optimal development of smart city security services. © 2020 by the authors.",,Include,
,,,,,,,,,,,,,,
,,,,,,,,,,,,,,
,,,,,,,,,,,,,,
,,,,,,,,,,,,,,
658,A,scopus,HIGH,smart_city,The Tragedy of Smart Cities in Egypt. How the Smart City is Used towards Political and Social Ordering and Exclusion,"Waisová, Š.",2022,10.5604/01.3001.0016.0985,Applied Cybersecurity and Internet Governance,Egypt; exclusion; political and social ordering; smart cities; technology as instrument of control,"Smart cities (SCs) are a new and rising phenomenon emerging across the globe. The present article focuses on the possible impact of SCs on socio-political life and structure, and the organisation of the target society. Here, SCs are critically considered as the spaces where people live, work and vote. The aim of the present article is to discuss SCs, and the digital technologies used in SCs, as a possible instrument of social and political ordering and of social exclusion. Drawing on empirical evidence from Egypt, particularly Egypt’s new capital, the article sketches out how the smart city has been used by political and military authorities to socially and politically order and engineer society as well as ef-fectively exclude certain groups, mainly political opponents. Life in the new smart capital has a Janus face. On the one hand, inhabitants of the city have access to excellent services, modern infrastructure, first-class education and health care, and high-tech digital technologies which other Egyptians do not benefit from. On the other hand, these inhabitants are under permanent control and are prisoners of the system. Living segregated, with less freedom than any other Egyptian citizens, they are excluded from natural life in the country and cannot experience any organic development of society. © 2022, ACIG. All rights  reserved.",,Include,
,,,,,,,,,,,,,,
660,A,scopus,HIGH,,"Die .,drohende Gefahr"" als Schlüsselbegriff einer Sekuritisierung des Rechts ""imminent danger"" as a key concept of a securitization of law","Kretschmann, A.; Legnaro, A.",2021,10.1515/zfrs-2020-0001,Zeitschrift fur Rechtssoziologie,endangerer; imminent danger; predictive policing; preventive turn; securitization,"The notion of imminent dangers is becoming increasingly widespread in police law and police practices. Such dangers first and foremost represent an imagination of the legislature and security authorities and, in their conceptual (legal) vagueness, they are particularly suitable for enforcing executive authorizations which contain a new type of police power of disposal over time and space and, consequently, a flexibilization of control. This results in a securitization of the law, as we exemplify with the concept of the ""endangerer"", the concept of imminent danger in the new police laws and the methods of predictive policing, which all have their common vanishing point in an abstract idea of dangers and either personalize, generalize or localize them. This opens up new possibilities for a ""governing through crime"" (Simon) and can be read as a sign of a broad-based preventive securitization that is not without totalitarian dangers. © 2021 Walter de Gruyter GmbH. All rights reserved.",,Include,
,,,,,,,,,,,,,,
,,,,,,,,,,,,,,
,,,,,,,,,,,,,,
664,A,scopus,HIGH,,Political automation: An introduction to AI in government and its impact on citizens,"Albrecht, E.",2025,10.1093/9780197696989.001.0001,Political Automation: An Introduction to AI in Government and Its Impact on Citizens,Anonymity; Automation; Decision making; National security; Public policy; Algorithmics; Decisions makings; Government decisions; Public policy decisions; Houses,"Governments now routinely use AI-based software to gather information about citizens and determine the level of privacy a person can enjoy, how far they can travel, what public benefits they may receive, and what they can and cannot say publicly. What input do citizens have in how these machines think? In Political Automation, Eduardo Albrecht explores this question in various domains, including policing, national security, and international peacekeeping. Drawing upon interviews with rights activists, Albrecht examines popular attempts to interact with this novel form of algorithmic governance so far. He then proposes the idea of a Third House, a virtual chamber that legislates exclusively on AI in government decision-making and is based on principles of direct democracy, unlike existing upper and lower houses that are representative. Digital citizens, AI powered replicas of ourselves, would act as our personal emissaries to this Third House. An in-depth look at how political automation impacts the lives of citizens, this book addresses the challenges at the heart of automation in public policy decision-making and offers a way forward. © Oxford University Press 2025. All rights reserved.",,Include,
665,A,scopus,HIGH,,From automation to autonomy: Technological sovereignty for better data care in smart cities,"Foth, M.; Anastasiu, I.; Mann, M.; Mitchell, P.",2021,10.1007/978-981-15-8670-5_13,Advances in 21st Century Human Settlements,Data governance; Data science; Data sovereignty; Privacy; Smart cities; Technological sovereignty; Urban informatics; Urban science,"Automation through smart city technology deployments and big data analytics has the potential to create more liveable, sustainable, and equitable cities. However, internationally, there are many examples of smart city developments that have attracted criticism, concerns, and community backlash over issues such as data ethics, privacy, mass surveillance, commodification, and social control. In response, this chapter presents DataCare—a model for cities to practically implement technological sovereignty as a way to renew and maintain the social licence to operate smart city technology. Grounded in a critical review of the literature, the chapter argues that data collection and automation in smart cities must be more citizen and community-oriented. Informed by smart city developments in Toronto and Barcelona, the chapter introduces DataCare—a model for a dedicated facility hosted by the city and offered to citizens, communities, and businesses. The envisaged DataCare space can be tailored to raise awareness of data ethics, to run data literacy training seminars, to engage in participatory data analytics, and to speculate about city data futures. DataCare aims to increase data transparency and autonomy, showcase new business opportunities, and empower citizens and community. © Springer Nature Singapore Pte Ltd. 2021.",,Include,
,,,,,,,,,,,,,,
,,,,,,,,,,,,,,
668,A,scopus,HIGH,smart_city,Trust and the Smart City,"Cole, A.; Tran, É.",2022,10.4000/chinaperspectives.14024,China Perspectives,,"Hong Kong, consistently ranked as one of the world’s leading smart cities, is undergoing a period of disruptive change.1 While still shaped fundamentally by the “one country, two systems” arrangement, Hong Kong is increasingly integrated into the political (Liaison Office) and economic (Greater Bay Area, GBA) logics of mainland China (Ho and Tran 2019). The “dynamic zero-Covid approach” has also significantly impeded Hong Kong’s place branding as “Asia’s World City,” with the relocation of corporations to cities that have adopted a back-tonormal outlook, and the exodus of tens of thousands of residents. These counter-winds were captured by a territory-wide survey and a purposive sample of interviewees, selected at a specific point in the recent history of the Hong Kong Special Administrative Region (HKSAR), namely that of the transformation of the hybrid “one country, two systems” arrangement and the emergency politics of the post-National Security Law era. © 2022,China Perspectives. All Rights Reserved.",,Include,
,,,,,,,,,,,,,,
670,A,scopus,HIGH,,Diving into the Iceberg: Establishing Transparency in AI for Law Enforcement,"Erdogan, I.",2024,10.15166/2499-8249/794,European Papers - A Journal on Law and Integration,AI Act; Law Enforcement Directive; national se-curity; right of access; right to information; transparency,"The use of AI in security contexts demands rigorous scrutiny and accountability, intersect-ing multiple layers of regulation. While current discussions on AI transparency often focus on per-sonal data protection and the Artificial Intelligence Act (AI Act), this Article explores how the AI Act, and the Law Enforcement Directive (LED, 2016/680) can be read together to enhance transparency. Using case studies such as Clearview AI, SyRi, and BriefCam, the Article argues that when considered in parallel, these frameworks can offer crucial safeguards against the individual and societal risks posed by AI tools. However, the structural limitations of these regulations, coupled with the practices of key actors, create challenges that may impede their full implementation. By critically analysing both the legislative frameworks and practical examples, the Article demonstrates that, in the absence of insider disclosures and public revelations, these regulations risk failing to enable meaningful pub-lic scrutiny, especially in sensitive contexts like national security and predictive policing. The Article identifies significant gaps, including the need for best practices in LED implementation, harmonized regulations across security stakeholders, and most importantly the pressing need for robust rights to information and access, especially when fair administration and fair trials are at stake. © (2024), (European Paper). All Rights Reserved.",,Include,
671,A,scopus,LOW,,A serious game empowering the prediction of potential terrorist actions,"Sormani, R.; Soldatos, J.; Vassilaras, S.; Kioumourtzis, G.; Leventakis, G.; Giordani, I.; Tisato, F.",2016,10.1080/18335330.2016.1161222,"Journal of Policing, Intelligence and Counter Terrorism",Game theory; Hidden Markov models; Reasoning; Serious games; Smart cities; Terrorism; Urban security,"Law Enforcement Agencies (LEAs) are nowadays taking advantage of a wide range of information and intelligence sources (e.g. human intelligence (HUMINT), open source intelligence (OSINT), image analysis (IMINT)) in their efforts to anticipate potential terrorist actions. However, activity prediction based on these sources requires datasets for training reasoning algorithms, which are not typically available. In this paper we introduce a gaming approach to the generation of datasets that can be used for training reasoning algorithms that are able to predict the likelihood of terrorist actions against specific assets and locations in urban environment. At the heart of our approach resides a twoplayer game, whose moves map to actions that are usually associated with the various stages of planning, preparing and executing terrorist attacks in urban environments. Apart from presenting the game, the paper introduces also the range of reasoning algorithms that have been trained based on its output. It also explains the terrorist semantics that underpin the implementation of the game and the design/modelling of the rules of the game. Early validation results demonstrate that the presented reasoning algorithms can successfully classify terrorist activity, through distinguishing it from seemingly suspicious but unrelated events that are typically generated by non-terrorist activities. © 2016 Department of Security Studies and Criminology.",,Include,
672,A,scopus,HIGH,,Studying Surveillance AI-cologies in Public Safety: How AI Is in the World and the World in AI,"Jacobs, G.; van Houdt, F.; Coons, G.",2024,10.24908/ss.v22i2.16104,Surveillance and Society,AI-cology; democratic experimentation; ELSA; participatory criticism; public safety; quintuple helix,"Technological surveillance for the sake of safeguarding public safety (e.g., cameras, sensors, mobile phones, OSINT) pervades the lives of individuals on many levels. In this article, we advance the idea that the addition of AI changes the way surveillance ecologies function and thus deserves to spawn its own concept: the surveillance AI-cology. Surveillance AI-cologies are made up of interconnected collections of disparate actors (technological, human, more-than-human, organisational, etc.), all implicated in AI-aided surveillance tasks. They contain not only the usual complexities of any technological ecosystem but also the added complexity of AI, with emergent characteristics, both technically and socially. We argue for the utility of multi-faceted perspectives in doing work within AI-cologies, and we describe (anthropologically inspired) methodology for understanding and unpacking AI surveillance ecosystems. The development of democratically controlled AI surveillance requires the systematic consideration of ethical, legal, and social aspects (ELSA) within the quintuple helix (public, private, civil society, academia, nature). We stress the relevance of clearly defining which perspectives of the quintuple helix are considered in AI surveillance, and which not, to achieve a transparent set of (ELSA) values that guide AI surveillance development and implementation. We provide an example of the way we have developed and applied (some of) these methodologies in the context of a test-site for the development and application of smart city technology, a so-called “Living Lab.” Here we take the stance of active involvement of academics as “critical friends” into complex innovation and assessment processes. Together with our conversation partners in the field, we tease out and reflect upon the (public safety) values embedded in the setup of the Living Lab we explore. We end with a call to understand surveillance AI-cologies not as a problem to be solved, but as a continuing process to be discussed among highly diverse stakeholders. © The author(s), 2024.",,Include,
,,,,,,,,,,,,,,
,,,,,,,,,,,,,,
675,A,scopus,HIGH,,"Automating crime prevention, surveillance, and military operations","Završnik, A.; Badalič, V.",2021,10.1007/978-3-030-73276-9,"Automating Crime Prevention, Surveillance, and Military Operations",Big data; Crime prevention; Platform policing; Policing; Predictive policing; Semiautonomous lethal weapons systems; Social control,"This interdisciplinary volume critically explores how the ever-increasing use of automated systems is changing policing, criminal justice systems, and military operations at the national and international level. The book examines the ways in which automated systems are beneficial to society, while addressing the risks they represent for human rights. This book starts with a historical overview of how different types of knowledge have transformed crime control and the security domain, comparing those epistemological shifts with the current shift caused by knowledge produced with high-tech information technology tools such as big data analytics, machine learning, and artificial intelligence. The first part explores the use of automated systems, such as predictive policing and platform policing, in law enforcement. The second part analyzes the use of automated systems, such as algorithms used in sentencing and parole decisions, in courts of law. The third part examines the use and misuse of automated systems for surveillance and social control. The fourth part discusses the use of lethal (semi)autonomous weapons systems in armed conflicts. An essential read for researchers, politicians, and advocates interested in the use and potential misuse of automated systems in crime control, this diverse volume draws expertise from such fields as criminology, law, sociology, philosophy, and anthropology. © The Editor(s) (if applicable) and The Author(s), under exclusive license to Springer Nature Switzerland AG 2021.",,Include,
,,,,,,,,,,,,,,
677,A,scopus,HIGH,smart_city,Smart cities and the architecture of security: pastoral power and the scripted design of public space,"Schuilenburg, M.; Peeters, R.",2018,10.1186/s40410-018-0090-8,"City, Territory and Architecture",Architecture; Pastoral power; Securitisation; Smart city; Smart technology,"The architecture of security is often thought of in terms of situational crime prevention and defensible space. In this article, we argue that the emergence of smart cities and smart technology compel a broader conceptualisation of the design of security, which has the potential to transform the governance of our urban landscape. Drawing on the case of the city of Eindhoven’s “De-escalate” project—in which sound, smell and lighting programming combined with data analysis is used to reduce violence and aggression in the inner-city entertainment area—we show that the securitisation of urban space can also be pursued by positive triggers for behaviour. The case allows us to rethink the architecture of security in terms of pastoral power—Foucault’s notion of governing individuals and populations through care and protection. In sharp contrast with more hostile forms of situational crime prevention and defensible space, which seek to “design out” unwanted behaviour by closing off spaces, pastoral architecture is inclusive and provides “scripts” for desirable behaviour in public space. Moreover, this architecture is incorporated and designed into the existing built environment, operates through psychological triggers rather than physical ones, and is principally developed by private companies rather than the state. © 2018, The Author(s).",,Include,
,,,,,,,,,,,,,,
679,A,scopus,HIGH,predictive_policing,Algorithmic patrol: The futures of predictive policing,"Wilson, D.",2017,10.4324/9781315395784,"Big Data, Crime and Social Control",,"‘Predictive policing’ has emerged as the key buzz term of contemporary policing. Engaging predictive analytics drawn from such diverse domains as disaster prediction, combat situations and supply-chain management, predictive policing extends the promise of anticipating crime prior to its actualisation. Marketing materials are replete with strident claims of future crimes that are calculable, knowable and targetable before they transpire. Additionally, predictive policing is promoted as the ideal policing technology for a climate of fiscal austerity, with the capacity to direct police operations in a cost-effective fashion – removing the necessity for “costly” measures such as community engagement. This chapter interrogates the claims of predictive policing, contextualising them against the longer trajectory of information technology within police organisations. While acknowledging that the outcomes of predictive policing are likely to be highly contingent, both organisationally and geographically, it is argued that it represents a potentially disturbing trend in contemporary policing. Patterns of discriminatory policing and their attendant militaristic logics may well escalate, while simultaneously remaining obscured beneath the sheen of algorithmic calculation. © 2018 selection and editorial matter, Aleš Završnik; individual chapters, the contributors.",,Include,
680,A,scopus,HIGH,smart_city,"Smart City Surveillance: Governance Challenges in Balancing Privacy, Security, and Digital Sovereignty","Misra, S.; Barik, K.; Kvalvik, P.; Jørgensen, P.-A.",2025,10.4018/979-8-3693-9137-2.ch002,Empowering Digital Sovereignty: Balancing Privacy and Global Connectivity,Security systems; Urban growth; Facial recognition; Individual privacy; Interdisciplinary analysis; Observation techniques; Public safety; Qualitative study; Real time monitoring; Recognition time; Surveillance systems; Urban security; Smart city,"As smart cities evolve with advanced surveillance systems, the balance between public safety and citizens' digital sovereignty has emerged as a critical concern. This paper presents a qualitative study that explores how modern observation techniques, such as AI-powered cameras, facial recognition, and real- time monitoring, enhance urban security while simultaneously threatening individual privacy. Through an interdisciplinary analysis of surveillance technologies, legal frameworks, and governance models, the study highlights the growing risks of mass surveillance, data misuse, and erosion of personal freedoms. The proposed framework is illustrated through the example of Delhi's smart city development, revealing systemic gaps in transparency, consent, and accountability. The paper further examines regulatory and technological strategies that can mitigate privacy invasions without undermining security goals. © 2026, IGI Global Scientific Publishing. All rights reserved.",,Include,
,,,,,,,,,,,,,,
,,,,,,,,,,,,,,
683,A,scopus,LOW,,Smart Cities and Their Impact on the Colombian Navy,"Martínez, J.E.; Lovo, A.F.; Ospina, V.E.; Ceballos, A.",2024,10.1007/978-3-031-49799-5_69,"Springer Series on Naval Architecture, Marine Engineering, Shipbuilding and Shipping",Navy of Colombia; Smart cities; Smart territories,"The concept of smart cities has changed and people have started to talk about smart territories; these territories can range from an organization to an entire country. Currently, the importance of focusing governmental decisions and development plans on citizens and how to improve their quality of life is highlighted. This improvement can be achieved thanks to technological advances in information and communications. Understanding the general conceptualization of smart cities, that successful projects have been developed in different fields and especially in the military industry, opens the spectrum of the impacts that can be generated in the Colombian Navy, however, it can be evidenced how projects led by civilian and military personnel of the Colombian Navy have implemented the scheme of smart cities or territories without this implying a governance or ordinance plan on the subject. Considering the above, it is important to have clarity on how to continue developing new technologies on the subject, but creating a model that finally results in a more significant impact on the mission and vision of the ARC. © The Author(s), under exclusive license to Springer Nature Switzerland AG 2024.",,Include,
,,,,,,,,,,,,,,
,,,,,,,,,,,,,,
686,A,scopus,HIGH,,Prohibited AI surveillance practices in the Artificial Intelligence Act: promises and pitfalls in protecting fundamental rights,"Barkane, I.; Buka, L.",2025,10.4337/9781035323036.00011,Critical Perspectives on Predictive Policing: Anticipating Proof?,Ban on mass surveillance; Emotion recognition; Predictive policing; Prohibited AI practices; Remote biometric identification; The Artificial Intelligence Act; The ECtHR facial recognition case; International cooperation; Ban on mass surveillance; Biometric identifications; Emotion recognition; Facial recognition; Predictive policing; Prohibited artificial intelligence practice; Remote biometric identification; Surveillance technology; The artificial intelligence act; The ECtHR facial recognition case; Crime,"In Europe and all around the world, in the last years there has been an intense debate about regulating and limiting artificial intelligence (AI) surveillance technologies increasingly recognising the need to introduce prohibitions on mass surveillance practices. On 13 March 2024, the European Parliament adopted the Artificial Intelligence Act (AI Act), the first comprehensive AI legal framework in the world that addresses the risks of AI systems and introduces prohibitions on certain AI practices that violate fundamental rights and European values. In particular, AI-based surveillance and predictive policing have been a critical contention point in the negotiations of the prohibitions to be included in the AI Act. The chapter aims to evaluate to what extend the AI Act endorses fundamental-rights based approach by prohibiting unacceptable AI practices. It will reveal that the AI Act sets only partial prohibitions on AI-based surveillance, predictive policing and other harmful practices as they contain wide exceptions. Regarding remote biometric identification the new provisions of the AI Act, rather than introducing clear prohibitions, seems to reflect the essential guarantees set by the European Court of Human Rights (the ECtHR) for assessment whether interference with the right to privacy and data protection, entailed by mass surveillance measures, including facial recognition, can be justified. The chapter argues, that effective enforcement of fundamental rights and data protection law will continue to play a crucial role in putting the AI Act in practice to prevent mass surveillance and other unacceptable AI practices. © 2025 Edward Elgar Publishing.",,Include,
,,,,,,,,,,,,,,
,,,,,,,,,,,,,,
,,,,,,,,,,,,,,
690,A,scopus,HIGH,smart_city,Digitalisation of public administration under martial law in Ukraine and the case of Smart City Kyiv,"Serhiichuk, L.",2025,10.13130/2723-9195/2025-2-70,Ceridap,,"The evolutionary changes taking place in Ukraine over the past few decades testify to the information revolution, which has resulted in progressive digital technologies, new products and services. The beginning of the full-scale military aggression of the Russian Federation against Ukraine necessitated the implementation of rapid response measures to existing threats and the development of a digitalisation development strategy in the post-war years. Key aspect of such systems is the security component-the detection and timely informing of residents about the emergence of various threats related to military aggression, etc. While the war is still ongoing in Ukraine, the cities are developing technologically. Kyiv is the first city in Ukraine to systematically implement innovative technologies and actively create the city’s digital infrastructure. To better understand how a typical Kyivan lives during the war, it is necessary to research the main innovations that we use every day and how digitalisation is regulated at the legislative level. © 2025, Universita degli Studi di Milano. All rights reserved.",,Include,
,,,,,,,,,,,,,,
,,,,,,,,,,,,,,
,,,,,,,,,,,,,,
,,,,,,,,,,,,,,
695,A,scopus,HIGH,,Responsible civilian drones,"Wernaart, B.F.W.; Vaznyte, R.; van Velzen, M.B.C.J.; Dantuma, I.L.G.",2023,10.3920/978-90-8686-943-5_10,Applied Human Rights,,"Drones, or unmanned aerial systems, are increasingly used in public spaces, in particular in the context of so-called ‘smart cities’. Drone technology is rapidly innovating, and its hypothetical use in the near future is promising. Drones can be exploited for public and business purposes, e.g. for emergency medication delivery, general last mile delivery, building inspections, the cleaning of solar panels, agricultural applications, surveillance and so on. However, there are some challenges and concerns that relate to fundamental human rights. First, there is the risk of dual use: drones have a military origin, and this technology is now being further used and developed in a civilian setting. The values embodied in these technologies do not automatically reflect societal needs. Furthermore, there are technological challenges that need to be overcome in order to successfully exploit commercial drone services. These challenges make the near-future use of drones an uncertain phenomenon for the average citizen. Third, there is the perception of citizens: while there is some technological optimism, there are grave concerns about privacy and safety, and a call for clear regulation of drone flights. However, it seems that regulators are struggling to keep pace with the innovation. Recent EU initiatives to regulate the so-called U-space give us a glimpse of what the legal concepts will look like in the near future. To conclude, we strongly emphasise the importance of the citizen’s voice in the design process of new drone technologies and services. We offer some Eindhoven-based (the Netherlands) examples of joint research initiatives into which we integrate the values of citizens in drone development. © Wageningen Academic Publishers The Netherlands, 2023.",,Include,
,,,,,,,,,,,,,,
,,,,,,,,,,,,,,
698,A,scopus,LOW,,Integrating digitization into public administration: Impact on national security and the economy through spatial planning,"Sydorchuk, O.; Bashtannyk, V.; Terkhanov, F.; Kravtsov, O.; Akimova, L.; Akimov, O.",2024,10.55214/25768484.v8i5.1740,Edelweiss Applied Science and Technology,Digitization; Economy; National security; Spatial planning,"The evolutionary development of the security sphere, on the one hand, and the rapid involvement of digital technologies (and, as a consequence, changes) on the other, formulate the first level of problematization of this study. The study seeks to provide evidence of how the dynamics of changes in the security sphere are formed by constructing an empirical model of changes and assessing the state security system within the framework of spatial planning under the influence of digital technologies. Particular attention in the study is paid to spatial planning and spatial development in smart cities the main threats to national security are systematized, located in closely intersecting planes of digital technologies, social processes, and economic interests. It is shown that areas covered by spatial planning, and particularly smart cities, pose a serious local threat to national and international security policy at the levels of political, social, technical, and economic governance. © 2024 by the authors; licensee Learning Gate.",,Include,
,,,,,,,,,,,,,,
,,,,,,,,,,,,,,
,,,,,,,,,,,,,,
,,,,,,,,,,,,,,
,,,,,,,,,,,,,,
,,,,,,,,,,,,,,
,,,,,,,,,,,,,,
,,,,,,,,,,,,,,
,,,,,,,,,,,,,,
,,,,,,,,,,,,,,
,,,,,,,,,,,,,,
,,,,,,,,,,,,,,
,,,,,,,,,,,,,,
,,,,,,,,,,,,,,
,,,,,,,,,,,,,,
,,,,,,,,,,,,,,
,,,,,,,,,,,,,,
,,,,,,,,,,,,,,
,,,,,,,,,,,,,,
718,B,scopus,HIGH,urbicide/domicide,Urbicide in Israel’s War on Gaza: Architecture of Erasure and the Unmaking of Urban Life (2023–2025),"Benguita, M.",2025,10.34230/fiad.1740210,Filistin Arastirmalari Dergisi,Gaza Strip; Palestine; Settler colonialism; Urban warfare; Urbicide,"This article investigates the role of urbicide—defined as the systematic destruction of urban environments—in Israel’s military strategy during the war on Gaza from 2023 to 2025. It explores how the erasure of infrastructure, housing, and essential services served not only as a means of military incapacitation but as a deliberate strategy to dismantle Gaza as a space of urban life, memory, and sovereignty. The scope of the research moves beyond physical damage to examine the strategic, political, and symbolic implications of urbicide within the broader settler-colonial framework. Methodologically, the study adopts a mixed empirical and theoretical approach, combining: satellite imagery analysis and damage assessment reports (UNOSAT, UNDP, OCHA) to map patterns of destruction; quantitative data from the World Bank, FAO, and the Palestinian Central Bureau of Statistics (PCBS) to assess demographic and infrastructural impacts; and theoretical insights from critical urban studies, settler-colonial theory, and postcolonial geography. Findings reveal that over 70% of Gaza’s built environment has been destroyed or rendered nonfunctional, with entire districts rendered uninhabitable. The unmaking of urban life is shown to be not collateral, but integral to a strategic logic aimed at disabling civic infrastructure, displacing populations, and erasing the viability of future sovereignty. Yet, the study also identifies countercurrents of symbolic and spatial resistance, as civil society, local actors, and communities reconstitute forms of endurance and political meaning from within the ruins. The study concludes that urbicide is a structural tool of domination in settler-colonial warfare, and calls for further research on post-urbicidal urban recovery, the politics of memory, and spatial justice in colonial and postcolonial contexts. © 2025, Muhammed Mustafa KULU. All rights reserved.",,Include,
,,,,,,,,,,,,,,
720,B,scopus,HIGH,,The atrocities of war leave profound impacts: not only on the built environment—cities and living spaces—but also deeply affect the infrastructure and the physical aspect of our environment,"Abujidi, N.",2025,,A Manifesto for the Just City: Volume 4,Architectural manipulation; Military urbanism; Palestinian resistance; Spatial justice; Urbicide; Architecture; Architectural manipulation; Built environment; Living spaces; Military urbanism; Palestine; Palestinian resistance; Physical aspects; Spatial justice; Urban environments; Urbicide; Urban growth,"This essay delves into the profound impacts of urbicide in Palestine, exploring the intersection of urban planning, military strategy, and resistance within a colonial context. The author, a Palestinian architect and activist, introduces the concept of ‘design by destruction,’ where urban environments are manipulated for surveillance, control, and systematic destruction. The work outlines how Palestinian cities, characterised as scenes of catastrophic deaths, become strategic targets in warfare, suffering massive and often total destruction akin to the historical devastations in Hiroshima and Dresden. Additionally, the research highlights the complicit role of military elites in exploiting architectural and urban planning skills to fortify dominance, turning professional practices into instruments of oppression. The discourse extends to the manipulation of urban landscapes in Europe, accentuated by increased surveillance post-September 11. The exploration is framed within the broader discourse of resistance and survival, where urbicide not only reshapes physical spaces but also deeply influences the socio spatial and cultural fabric of Palestinian communities and their everyday life. By examining the layered narratives of urbicide, the research articulates a compelling critique of spatial and social injustices perpetuated under the guise of security and urban development in colonial contexts. © 2025 TU Delft OPEN Publishing.",,Include,
,,,,,,,,,,,,,,
,,,,,,,,,,,,,,
,,,,,,,,,,,,,,
724,B,scopus,HIGH,,The Threat Posed by Commercial First-Person View (FPV) Unmanned Aerial Vehicles (UAVs) Modified by Asymmetrical Warfare Actors,"Lavers, C.",2025,10.4324/9781003520160-4,The Co-evolution of Technology and Warfare: Reshaping the Battlefield,Antennas; Military applications; Network security; Terrorism; Aerial vehicle; Al-Qaeda; Asymmetrical warfare; First person; Non state actors; Small scale; Terrorist organization; Urban warfare; Vehicle platforms; Warfare environment; Drones,"In this chapter, we consider the threat posed by commercially-off-the-shelf (COTS) civilian unmanned aerial vehicle (UAV) platforms, modified for hostile non-state actor use in urban warfare environments, with forces possessing small-scale conflict ‘skills’ gained in Syria and Iraq by Al Qaeda and ISIS. The growing threat of commercially available first-person view (FPV) UAVs modified for use in asymmetrical warfare is a critical concern in modern conflict. This chapter explores how non-state actors, particularly terrorist organisations, have adapted off-the-shelf UAV platforms to carry out attacks, conduct surveillance, and disrupt infrastructure. Beginning with a historical overview of unmanned aerial systems in warfare, we highlight the increasing overlap between civilian and military drone capabilities. We then examine the evolution of UAV-based threats, emphasising the strategic and tactical advantages that modified drones provide to urban guerrillas and terrorist groups. The discussion extends to notable case studies, from ISIS’s use of drones in Syria to high-profile assassination attempts and infrastructure attacks. This chapter also considers the technological vulnerabilities of UAVs, including cyber threats, and countermeasures, before concluding with the broader implications of drone proliferation. Ultimately, the analysis underscores the urgent need for policy interventions and technical safeguards to prevent the weaponisation of consumer UAV technology. © 2026 selection and editorial matter, Tracey German, Fotios Moustakis, and Andrew N. Liaropoulos; individual chapters, the contributors.",,Include,
725,B,scopus,HIGH,,Western fantasy and tropical nightmare: Spectacular architecture and urban warfare in Rio,"Arantes, P.F.; Ribeiro, C.R.",2022,10.4324/9781003112464-29,"The Routledge Handbook of Architecture, Urban Space and Politics, Volume I: Violence, Spectacle and Data",Architecture; Cultural center; Global circulation; Mass media; Mobilisation; Olympics; Real-estate projects; Real-estates; Urban form; Urban warfare; World cup; Tropics,"The competitive management of contemporary metropolises promises a world of dreams through extreme architectural and urban forms, large real estate projects and mega-events broadcast worldwide by mass media screens. Spectacular images of the cityscape and new buildings are produced for global circulation, displaying a civic mobilization of achievement and overcoming. In Rio de Janeiro – host of the 2014 World Cup and the 2016 Summer Olympics – the new museums and cultural centers designed by star architects and framed by paradisiacal backdrops have renewed a tropical fantasy that has always titillated the western colonial imagination. The harbor renovation, only partially completed, has sought to gentrify a region adjacent to the downtown, connecting it to real estate global financial flows directed at new business districts. In this city of the spectacle, the control of impoverished populations through cordons sanitaires, the removal or ‘pacification’ of favelas, or their management and high-tech surveillance by militaries, paramilitaries and private security companies, has brought Brazilian apartheid in line with 21st-Century standards for urban warfare. The riofication of global megacities is a trend that combines spectacle and control, real estate and paramilitary extortion, global mega-events and regressive fundamentalism – a political and urban formula that transforms cities into a monstrous amalgam where contemporary capitalism is revealed. © 2023 selection and editorial matter, Nikolina Bobic and Farzaneh Haghighi; individual chapters, the contributors.",,Include,
,,,,,,,,,,,,,,
727,B,scopus,HIGH,,"The Routledge Handbook of Architecture, Urban Space and Politics, Volume I: Violence, Spectacle and Data","Bobic, N.; Haghighi, F.",2022,10.4324/9781003112464,"The Routledge Handbook of Architecture, Urban Space and Politics, Volume I: Violence, Spectacle and Data",Architecture; Climate change; Cutting; Terrorism; Comprehensive research; Cutting edges; Global problems; Multi-disciplinary research; Spatial dimension; Spatialization; Systematic changes; Terrorists attack; Urban spaces; Urban warfare; Big data,"For architecture and urban space to have relevance in the 21st Century, we cannot merely reignite the approaches of thought and design that were operative in the last century. This is despite, or because of, the nexus between politics and space often being theorized as a representation or by-product of politics. As a symbol or an efect, the spatial dimension is depoliticized. Consequently, architecture and the urban are halted from fostering any systematic change as they are secondary to the event and therefore incapable of performing any political role.This handbook explores how architecture and urban space can unsettle the unquestioned construct of the spatial politics of governing. Considering both ongoing and unprecedented global problems – from violence and urban warfare, the refugee crisis, borderization, detention camps, terrorist attacks to capitalist urbanization, inequity, social unrest and climate change – this handbook provides a comprehensive and multidisciplinary research focused on the complex nexus of politics, architecture and urban space.Volume I starts by pointing out the need to explore the politics of spatialization to make sense of the operational nature of spatial oppression in contemporary times.The operative and active political reading of space is disseminated through fve thematics: Violence and War Machines; Security and Borders; Race, Identity and Ideology; Spectacle and the Screen; and Mapping Landscapes and Big Data. This frst volume of the handbook frames cutting-edge contemporary debates and presents studies of actual theories and projects that address spatial politics. This Handbook will be of interest to anyone seeking to meaningfully disrupt the reduction of space to an oppressive or neutral backdrop of political realities. © 2023 selection and editorial matter, Nikolina Bobic and Farzaneh Haghighi; individual chapters, the contributors.",,Include,
,,,,,,,,,,,,,,
729,B,scopus,HIGH,,Concentration of Urban Violence in Fortaleza and Strategies for Crime Prevention,"Dantas, R.F.; Favarin, S.",2021,10.1177/07340168211038043,Criminal Justice Review,concentration of violence; Fortaleza; Latin America; local vulnerabilities; spatial analysis; urban violence,"Despite the continued prevalence of violence in Latin America, there is a relative dearth of research investigating both spatial patterns of violent crimes and the effectiveness of evidence-based crime prevention policies in Brazil. This study aims to address this gap in extant knowledge by creating a Spatial Violence Index and a Restrictive Ambient Index to investigate the spatial dynamics of violent crimes and urban vulnerabilities in Fortaleza. Both exploratory spatial data analysis and spatial regression models were employed to visualize the associative patterns and measure the correlation between the two indexes. The results demonstrate how locations characterized by high levels of violence are spatially correlated with more vulnerable locations in terms of both socio-economic-demographics and urban disorder. Overall, the study identified 124 vulnerable micro-territories that would benefit from the allocation of resources in an effort to reduce violence in the city by enhancing the efficiency of policing and prevention strategies. © 2021 Georgia State University.",,Include,
730,B,scopus,HIGH,,Disappearing Palestine: Israel’s Experiments in Human Despair,"Cook, J.",2009,10.5040/9781350219694,Disappearing Palestine: Israel’s Experiments in Human Despair,Crowd control; Defense Industry; Palestine; Sophisticated system; Urban warfare; West banks,"Palestine is fast disappearing. Over many decades Israel has developed and refined policies to disperse, imprison and impoverish the Palestinian people in a relentless effort to destroy them as a nation. It has industrialized Palestinian despair through ever more sophisticated systems of curfews, checkpoints, walls, permits and land grabs. It has transformed the West Bank and Gaza into laboratories for testing the infrastructure of confinement, creating a lucrative 'defence' industry by pioneering the technologies needed for crowd control, surveillance, collective punishment and urban warfare. In this insightful and authoritative new book, leading journalist Jonathan Cook examines the many different guises in which these experiments on the Palestinians are being carried out. Accessible and comprehensive, this is a powerful analysis of one of the most enduring and entrenched conflicts in contemporary world politics. © Jonathan Cook 2008.",,Include,
,,,,,,,,,,,,,,
732,B,scopus,HIGH,,Urban Violence and Militarization,"Mendel, J.",2015,10.1016/B978-0-08-097086-8.74064-5,International Encyclopedia of the Social & Behavioral Sciences: Second Edition,Data; Geopolitics; Militarization; MOUT; Policing; Surveillance; Terrorism; Urban violence; Urban war; Urbicide; Virilio; War,"There is a long history of cities playing key roles in different types of violence and military conflict. Urban violence remains a significant factor in cities today. Urban warfare is increasingly prominent in 'new' wars and there has been a blurring of boundaries between military action 'outside' of states and domestic governance 'inside.'. This article will outline how cities are affected and formed by, and play significant roles in shaping, violence and warfare. Urban warfare will be used as an example of the prominent role of cities in violence, and the article will consider the increasing militarization of 'domestic' urban life. Surveillance will be considered both as an attempt to engage with (fears of) urban violence and as an example of a blurring of military/domestic lines. The article will conclude by considering potential responses to urban violence. © 2015 Elsevier Ltd All rights reserved.",,Include,
,,,,,,,,,,,,,,
,,,,,,,,,,,,,,
,,,,,,,,,,,,,,
,,,,,,,,,,,,,,
,,,,,,,,,,,,,,
,,,,,,,,,,,,,,
739,B,scopus,HIGH,urbicide/domicide,"Leviathan’s Architect: Urbicide, Urban Renewal, and the Right to the City in Turkish Kurdistan","Smith, T.W.",2022,10.1353/hrq.2022.0014,Human Rights Quarterly,Ankara [Turkey]; Kurdistan [Eurasia]; Turkey; civil society; human rights; national security; post-war; urban development; urban renewal,"Urban warfare exacts a grim toll on city life as combatants target civilians and civilian infrastructure, appropriate space, and try to erase culture and memory. Often, however, it is the post-conflict razing and reconstruction that caps this violent re-ordering of urban life. This article explores securitized development of cities in Southeastern Turkey in the wake of recent armed strife between Kurdish fighters and Turkish security forces. Case studies of Sur/Diyarbakır and Nusaybin show an overlord state leveraging post-war blight to remake society from the ground up. Targeting the physical as well as social contours of cities, Ankara has displaced residents, redirected ac-cess and flow, and intensified surveillance and control. The upheaval has been disorienting for residents, but in other ways it has sharpened Kurdish identity and agency. Historical preservation and memory projects, cultural commemorations, and new models of post-war urbanism underscore the right to a city that reflects civil society rather than one that tries to reengi-neer it in the image of the state. © 2022 by Johns Hopkins University Press.",,Include,
740,B,scopus,HIGH,,Wargaming and the Just War,"Burden, D.J.H.",2025,10.1201/9781003440253-9,Just War Theory and Artificial Intelligence: Challenges and Consequences,Military engineering; Main bodies; Urban warfare; Wargames; Wargaming; Personnel,"It has been claimed that wargames save lives. This chapter examines the extent to which wargaming can be used to support the planning and analysis through the three just war considerations of jus ad bellum, jus in bello and jus post bellum. The chapter argues that wargaming can make a significant contribution to the examination of just war considerations, both within the professional military community and beyond. The chapter begins by describing what constitutes wargaming and how it is used by the military and others. The chapter then explores how AI could be used in wargaming, and how urban warfare, and by extension urban wargaming, provide the in extremis case for studying just war and wargaming. The main body of the chapter then examines the role of wargaming, and AI in support of war and wargaming, in each of three elements of a just war analysis. The chapter concludes by arguing the case for a broader use both of wargaming in considering just war issues, and in including just war issues within wargames, and by highlighting the need for just wargames to support just wars. © 2026 selection and editorial matter, Maria Power and Maggi Savin-Baden; individual chapters, the contributors.",,Include,
,,,,,,,,,,,,,,
742,B,scopus,HIGH,,Robowar™ dreams US military technophilia and global south urbanisation,"Graham, S.",2008,10.1080/13604810801933511,City,,"This paper seeks to open up to critical scrutiny the attempts currently being made to re-engineer post-cold war US military power to directly confront global south urbanisation. Through analysing the discourses produced by US military commentators about 'urban warfare', and the purported military, technological and robotic solutions that might allow US forces to dominate and control global south cities in the near to medium-term future, the paper demonstrates that such environments are being widely essentialised as spaces which necessarily work to undermine the USA's military's high-technology systems for surveillance, reconnaissance and targeting. The paper shows how, amid the ongoing urban insurgency in Iraq, widescale efforts are being made to 'urbanise' these military systems so that US military forces can attempt to assert high-tech dominance over the fine-grained geographies of global south cities in the future. This includes an examination of how, by 2007, US forces, in close collaboration with the Israeli military, had already begun to implement ideas of robotised or automated urban warfare to counter the complex insurgencies in Iraq. The paper concludes with a critique of the urban and robotic turns in US military doctrine.",,Include,
,,,,,,,,,,,,,,
,,,,,,,,,,,,,,
,,,,,,,,,,,,,,
,,,,,,,,,,,,,,
747,B,scopus,HIGH,,Time-series satellite remote sensing reveals gradually increasing war damage in the Gaza Strip,"Holail, S.; Saleh, T.; Xiao, X.; Xiao, J.; Xia, G.-S.; Shao, Z.; Wang, M.; Gong, J.; Li, D.",2024,10.1093/nsr/nwae304,National Science Review,building damage level detection; Gaza Strip; missile crater detection; satellite remote sensing; type of damaged building; war damage monitoring; Missiles; School buildings; Building damage; Building damage level detection; Crater detections; Damage level; Damage monitoring; Gaza Strip; Level detections; Missile crater detection; Satellite remote sensing; Type of damaged building; War damage monitoring; Housing,"War-related urban destruction is a significant global concern, impacting national security, social stability, people's survival and economic development. The effects of urban geomorphology and complex geological contexts during conflicts, characterized by different levels of structural damage, are not yet fully understood globally. Here we report how integrating deep learning with data from the independently developed LuoJia3-01 satellite enables near real-time detection of explosions and assessment of different building damage levels in the Israel-Palestine conflict. We found that the damage continually increased from 17 October 2023 to 2 March 2024. We found 3747 missile craters with precision positions and sizes, and timing on vital infrastructure across five governorates in the Gaza Strip on 2 March 2024, providing accurate estimates of potential unexploded ordnance locations and assisting in demining and chemical decontamination. Our findings reveal a significant increase in damage to residential and educational structures, accounting for 58.4% of the total - 15.4% destroyed, 18.7% severely damaged, 11.8% moderately damaged and 12.5% slightly damaged - which exacerbates the housing crisis and potential population displacement. Additionally, there is a 34.1% decline in the cultivated area of agricultural land, posing a risk to food security. The LuoJia3-01 satellite data are crucial for impartial conflict monitoring, and our innovative methodology offers a cost-effective, scalable approach to assess future conflicts in various global contexts. These first-time findings highlight the urgent need for an immediate ceasefire to prevent further damage and support the release of hostages and subsequent reconstruction efforts. © 2024 The Author(s).",,Include,
748,B,unknown,HIGH,urbicide/domicide,"Trilford, Harris and Cuda. 2025. The Islands of Occupied Palestine: Analyzing the Urbicide and Spatial Disruption of the Israeli Apartheid Wall in the West Bank through Space Syntax Analysis Case Studies of Qalqilya and Abu Dis. Depthmap Models","Trilford, Brittany; Harris, Bryony; Cuda, Cyril",2025,10.6084/M9.FIGSHARE.29135609,Figshare,,"AbstractSpatial networks and street infrastructures are analyzed as orchestrated architectures of violence weaponized by the Israeli Occupation���s Apartheid Wall as a tool for urbicide in the West Bank of the Occupied Palestinian Territories. Utilizing space syntax analysis, this study reveals how the Wall alters urban spatial configurations, mobility and accessibility, contributing to the discourse on urbicide by uncovering the systemic, covert spatial violence often overshadowed by overt military actions.Space syntax analysis has been applied to other partitioned cities, such as Berlin, Belfast, and Beirut, demonstrating how division lines control movement. This method is used to map the street networks of two West Bank sites with and without the Wall: Qalqilya and Abu Dis. These sites, selected for their urban disruption and data availability from GEOMOLG and OpenStreetMap exemplify varying degrees of division and spatial violence.Qalqilya's near-complete encirclement by the Wall highlights severe isolation, drastically reducing accessible routes and severing economic and social links. Abu Dis faces disconnect from Jerusalem, impacting essential access to healthcare, education, and employment. The study underscores the Wall's contribution to urbicide by diminishing urban vitality and resilience. Copyright: CC BY 4.0",,Include,
749,B,unknown,HIGH,urbicide/domicide,"Trilford, Harris and Cuda. 2025. The Islands of Occupied Palestine: Analyzing the Urbicide and Spatial Disruption of the Israeli Apartheid Wall in the West Bank through Space Syntax Analysis Case Studies of Qalqilya and Abu Dis. Depthmap Models","Trilford, Brittany; Harris, Bryony; Cuda, Cyril",2025,10.6084/M9.FIGSHARE.29135609.V1,Figshare,,"AbstractSpatial networks and street infrastructures are analyzed as orchestrated architectures of violence weaponized by the Israeli Occupation���s Apartheid Wall as a tool for urbicide in the West Bank of the Occupied Palestinian Territories. Utilizing space syntax analysis, this study reveals how the Wall alters urban spatial configurations, mobility and accessibility, contributing to the discourse on urbicide by uncovering the systemic, covert spatial violence often overshadowed by overt military actions.Space syntax analysis has been applied to other partitioned cities, such as Berlin, Belfast, and Beirut, demonstrating how division lines control movement. This method is used to map the street networks of two West Bank sites with and without the Wall: Qalqilya and Abu Dis. These sites, selected for their urban disruption and data availability from GEOMOLG and OpenStreetMap exemplify varying degrees of division and spatial violence.Qalqilya's near-complete encirclement by the Wall highlights severe isolation, drastically reducing accessible routes and severing economic and social links. Abu Dis faces disconnect from Jerusalem, impacting essential access to healthcare, education, and employment. The study underscores the Wall's contribution to urbicide by diminishing urban vitality and resilience. Copyright: CC BY 4.0",,Include,
750,B,unknown,HIGH,urbicide/domicide,Constructing Urbicide in the Modern War on Terror: Surveillance and the Politics of Categorical Exclusion in Public Space in Xinjiang,"Hulik, Emma",2022,,,,,no abstract,Include,
751,B,unknown,HIGH,,Radar the next generation - Sensors as robots,"Wicks, MC; Spina, JF; Capraro, GT",2003,10.1109/RADAR.2003.1278702,2003 PROCEEDINGS OF THE INTERNATIONAL CONFERENCE ON RADAR,,"One can easily envision future military operations and emerging civilian requirements (e.g. intelligent unmanned vehicles for urban warfare, intelligent manufacturing plants) that will be both complex and stressing and will demand innovative sensors and sensor configurations. The goal of our research into Sensors as Robots is to develop a cost effective and extendable approach for providing surveillance for a variety of applications in dynamically changing military and civilian environments. Within Sensors as Robots, we foresee a new sensor archetype. In this paradigm, sensors and algorithms will be autonomously altered depending on the environment Radars will use the same returns to perform detection and discrimination, to adjust the platform flight path and change mission priorities. The sensors win dynamically and automatically change waveform parameters to accomplish these goals. Disparate sensors will communicate and share data and instructions in real-time. Intelligent sensor systems will operate within and between sensor platforms such that the integration of multiple sensor data provides information needed to achieve dynamic goals and avoid electromagnetic fratricide. Intelligent sensor platforms working in partnership will increase information flow, minimize ambiguities, and dynamically change multiple sensors' operations based upon a changing environment Concomitant with the current emphasis on more flexible defense structures, Sensors as Robots will allow the appropriate incremental application of remote sensing assets by matching resources to the situation at hand.In this paper, we discuss the development of a futuristic intelligence, surveillance and reconnaissance concept utilizing the innovative integration of cutting edge technologies such as: knowledge-based signal processing, robotics, wireless networking, waveform diversity, the Semantic Web, advanced computer architectures and supporting software languages. This concept is projected as an autonomous constellation of air, space, and ground vehicles that would offer a robust paradigm to build toward future deployments.",,Include,
,,,,,,,,,,,,,,
,,,,,,,,,,,,,,
,,,,,,,,,,,,,,
755,B,unknown,HIGH,urbicide/domicide,"Leviathan's Architect: Urbicide, Urban Renewal, and the Right to the City in Turkish Kurdistan","Smith, Thomas W.",2022,,HUMAN RIGHTS QUARTERLY,,"Urban warfare exacts a grim toll on city life as combatants target civilians and civilian infrastructure, appropriate space, and try to erase culture and memory. Often, however, it is the post-conflict razing and reconstruction that caps this violent re-ordering of urban life. This article explores securitized development of cities in Southeastern Turkey in the wake of recent armed strife between Kurdish fighters and Turkish security forces. Case studies of Sur/Diyarbakir and Nusaybin show an overlord state leveraging post-war blight to remake society from the ground up. Targeting the physical as well as social contours of cities, Ankara has displaced residents, redirected access and flow, and intensified surveillance and control. The upheaval has been disorienting for residents, but in other ways it has sharpened Kurdish identity and agency. Historical preservation and memory projects, cultural commemorations, and new models of post-war urbanism underscore the right to a city that reflects civil society rather than one that tries to reengi- neer it in the image of the state.",,Include,
,,,,,,,,,,,,,,
,,,,,,,,,,,,,,
,,,,,,,,,,,,,,
,,,,,,,,,,,,,,
,,,,,,,,,,,,,,
,,,,,,,,,,,,,,
,,,,,,,,,,,,,,
,,,,,,,,,,,,,,
,,,,,,,,,,,,,,
,,,,,,,,,,,,,,
,,,,,,,,,,,,,,
,,,,,,,,,,,,,,
,,,,,,,,,,,,,,
,,,,,,,,,,,,,,
,,,,,,,,,,,,,,
,,,,,,,,,,,,,,
,,,,,,,,,,,,,,
,,,,,,,,,,,,,,
,,,,,,,,,,,,,,
,,,,,,,,,,,,,,
776,B,unknown,HIGH,,Time-series satellite remote sensing reveals gradually increasing war damage in the Gaza Strip,,2024,,National Science Review,,"War-related urban destruction is a significant global concern, impacting national security, social stability, people's survival and economic development. The effects of urban geomorphology and complex geological contexts during conflicts, characterized by different levels of structural damage, are not yet fully understood globally. Here we report how integrating deep learning with data from the independently developed LuoJia3-01 satellite enables near real-time detection of explosions and assessment of different building damage levels in the Israel-Palestine conflict. We found that the damage continually increased from 17 October 2023 to 2 March 2024. We found 3747 missile craters with precision positions and sizes, and timing on vital infrastructure across five governorates in the Gaza Strip on 2 March 2024, providing accurate estimates of potential unexploded ordnance locations and assisting in demining and chemical decontamination. Our findings reveal a significant increase in damage to residential and educational structures, accounting for 58.4% of the total15.4% destroyed, 18.7% severely damaged, 11.8% moderately damaged and 12.5% slightly damagedw hich ex acerbates the housing crisis and potential population displacement. Additionally, there is a 34.1% decline in the cultivated area of agricultural land, posing a risk to food security. The LuoJia3-01 satellite data are crucial for impartial conflict monitoring, and our innovative methodology offers a cost-effective, scalable approach to assess future conflicts in various global contexts. These first-time findings highlight the urgent need for an immediate ceasefire to prevent further damage and support the release of hostages and subsequent reconstruction efforts.",,Include,
,,,,,,,,,,,,,,
,,,,,,,,,,,,,,
,,,,,,,,,,,,,,
,,,,,,,,,,,,,,
,,,,,,,,,,,,,,
,,,,,,,,,,,,,,
,,,,,,,,,,,,,,
,,,,,,,,,,,,,,
,,,,,,,,,,,,,,
,,,,,,,,,,,,,,
,,,,,,,,,,,,,,
,,,,,,,,,,,,,,
,,,,,,,,,,,,,,
,,,,,,,,,,,,,,
,,,,,,,,,,,,,,
,,,,,,,,,,,,,,
,,,,,,,,,,,,,,
,,,,,,,,,,,,,,
,,,,,,,,,,,,,,
,,,,,,,,,,,,,,
,,,,,,,,,,,,,,
,,,,,,,,,,,,,,
,,,,,,,,,,,,,,
,,,,,,,,,,,,,,
,,,,,,,,,,,,,,
,,,,,,,,,,,,,,
,,,,,,,,,,,,,,
,,,,,,,,,,,,,,
,,,,,,,,,,,,,,
,,,,,,,,,,,,,,
,,,,,,,,,,,,,,
,,,,,,,,,,,,,,
,,,,,,,,,,,,,,
,,,,,,,,,,,,,,
,,,,,,,,,,,,,,
812,B,unknown,HIGH,,Factored reasoning for monitoring dynamic team and goal formation,"Pfeffer, Avi; Das, Subrata; Lawles, David; Ng, Brenda",2009,10.1016/j.inffus.2008.05.005,INFORMATION FUSION,,"We study the problem of monitoring goals, team structure and state of agents, in dynamic systems where teams and goals change over time. The setting for our study is an asymmetric urban warfare environment in which uncoordinated or loosely coordinated units may attempt to attack an important target. The task is to detect a threat Such as an ambush, as early as possible. We attempt to provide decision-makers with early warnings, by simultaneously monitoring the positions of units, the teams to which they belong, and the goals of units. The hope is that we can detect situations in which teams of units simultaneously make movements headed towards a target, and we can detect their goal before they get to the target. By reasoning about teams, we may be able to detect threats sooner than if we reasoned about units individually. We develop a model in which the state space is decomposed into individual units' positions, team assignments and team goals. When a unit belongs to a team it adopts the team's goal. An individual unit's movement depends only on its own goal, but different units interact as they form teams and adopt new goals. We present an algorithm that simultaneously tracks the positions of units, the team structure and team goals. Goals are inferred from two sources: individual units' behavior, which provides information about their goals, and communications by units, which provides evidence about team formation. Our algorithm reasons globally about interactions between units and team formation, and locally about individual units' behavior. We show that our algorithm performs well at the task, scaling to twenty units. It performs significantly better than several alternative algorithms: standard particle filtering, standard factored particle filtering, and an algorithm that performs all reasoning locally within the units. (C) 2008 Elsevier B.V. All rights reserved.",,Include,
,,,,,,,,,,,,,,
,,,,,,,,,,,,,,
,,,,,,,,,,,,,,
,,,,,,,,,,,,,,
,,,,,,,,,,,,,,
,,,,,,,,,,,,,,
,,,,,,,,,,,,,,
820,B,unknown,LOW,,The Wayfarer modular navigation payload for intelligent robot infrastructure,"Yamauchi, B",2005,10.1117/12.604046,Unmanned Ground Vehicle Technology VII,,"We are currently developing autonomous urban navigation capabilities for the iRobot PackBot. The TARDEC-funded Wayfarer Project is developing a modular navigation payload that incorporates LIDAR, vision, FLIR, and inertial navigation sensors. This payload can be attached to any PackBot and will provide the robot with the capability to perform fully-autonomous urban reconnaissance missions. These capabilities will enable the PackBot Wayfarer to scout unknown territory and return maps along with video and FLIR image sequences. The Wayfarer navigation payload includes software components for obstacle avoidance, perimeter and street following, and map-building. The obstacle avoidance system enables the PackBot to avoid collisions with a wide range of obstacles in both outdoor and indoor environments. This system combines 360-degree planar LIDAR range data with 3D obstacle detection using stereo vision using a Scaled Vector Field Histogram algorithm. We use a real-time Hough transform to detect linear features in the range data that correspond to building walls and street orientations. We use the LIDAR range data to build an occupancy grid map of the robot's surroundings in real-time. Data from the range sensors, obstacle avoidance, and the Hough transform are transmitted via UDP over wireless Ethernet to an OpenGL-based OCU that displays this information graphically and in real-time.",,Include,
,,,,,,,,,,,,,,
822,B,unknown,HIGH,,An advanced telereflexive tactical response robot,"Everett, HR; Gilbreath, GA; Ciccimaro, DA",2001,10.1023/A:1011204111813,AUTONOMOUS ROBOTS,,"ROBART III is intended as an advanced demonstration platform for non-lethal tactical response, extending the concepts of reflexive teleoperation into the realm of coordinated weapons control (i.e., sensor-aided control of mobility, camera, and weapon functions) in law enforcement and urban warfare scenarios. A rich mix of ultrasonic and optical proximity and range sensors facilitates remote operation in unstructured and unexplored buildings with minimal operator oversight. Supervised autonomous navigation and mapping of interior spaces is significantly enhanced by an innovative algorithm which exploits the fact that the majority of man-made structures are characterized by (but not limited to) parallel and orthogonal walls. This paper presents a brief overview of the advanced telereflexive man-machine interface and its associated ""human-centered mapping"" strategy.",,Include,
,,,,,,,,,,,,,,
,,,,,,,,,,,,,,
,,,,,,,,,,,,,,
,,,,,,,,,,,,,,
,,,,,,,,,,,,,,
828,B,unknown,HIGH,,Rapid assessment of large-scale urban destruction in conflict zones using hypergraph-based visual-structural machine learning,"Zhao, Xinjie; Morikawa, So",2025,10.1016/j.jer.2024.08.006,JOURNAL OF ENGINEERING RESEARCH,,"In an era marked by increasing geopolitical conflicts, the accurate and swift assessment of urban damage in waraffected areas is crucial for implementing effective emergency responses and sustainable recovery planning. Traditional methodologies often fall short in capturing the unpredictable dynamics of warfare and the complex structures of urban systems. This paper introduces a novel visual-graph machine learning framework, ViT2G, that synergizes the feature representation capabilities of Vision Transformers (ViT) with the structural processing strengths of Graph Neural Networks (GNNs). By integrating high-resolution satellite imagery with urban topology through a hypergraph-based data structure and designing three hypergraph-based machine learning models: Hypergraph Convolutional Network (HGCN), Hypergraph Attention Network (HGAT), and Hypergraph Transformer (HGT), we redefine the challenge of assessing war-induced urban destruction as a graph machine learning task. The experiments demonstrate that for the task of patch-wise damage status classification, this framework requires only a pair of pre- and post-war images to perform fine-grained categorization of the damaged areas. In the binary classification task, the Hypergraph Attention Network (HGAT) model achieved a best accuracy of 94.4%, while in the multi-class classification task, it achieved a best accuracy of 73.4%, which significantly outperform traditional computer vision models.",,Include,
,,,,,,,,,,,,,,
,,,,,,,,,,,,,,
,,,,,,,,,,,,,,
,,,,,,,,,,,,,,
,,,,,,,,,,,,,,
,,,,,,,,,,,,,,
,,,,,,,,,,,,,,
836,B,unknown,HIGH,,An automated security response robot,"Ciccimaro, DA; Everett, HR; Gilbreath, GA; Tran, TT",1998,,MOBILE ROBOTS XIII AND INTELLIGENT TRANSPORTATION SYSTEMS,,"ROBART III is intended as an advanced demonstration platform for non-lethal response measures, extending the concepts of reflexive teleoperation into the realm of coordinated weapons control (i.e., sensor-aided control of mobility, camera, and weapon functions) in law enforcement and urban warfare scenarios. A rich mix of ultrasonic and optical proximity and range sensors facilitates remote operation in unstructured and unexplored buildings with minimal operator supervision. Autonomous navigation and mapping of interior spaces is significantly enhanced by an innovative algorithm which exploits the fact that the majority of man-made structures are characterized by (but not limited to) parallel and orthogonal walls.Extremely robust intruder detection and assessment capabilities are achieved through intelligent fusion of a multitude of inputs from various onboard motion sensors. Intruder detection is addressed by a 360-degree staring array of passive-infrared motion detectors, augmented by a number of positionable head-mounted sensors (i.e., sonar, microwave, video). Automatic camera tracking of a moving target is accomplished using a video line digitizer. Non-lethal response systems include a six-barreled pneumatically-powered Gatling gun, high-powered strobe lights, and three ear-piercing 103-decibel sirens.This paper presents a comprehensive overview of ROBART Ill's supervised autonomous navigation, intruder tracking, and non-lethal weapon and control systems.",,Include,